geolocation,date,target,area,yield_proxy,year,season,quarter_price,quarter_price_lag1,lag_1,lag_2,lag_4,lag_8,roll_mean_3,roll_std_3,season_sin,season_cos
Batangas,2010-01-01,5065.35,,,2010,1,10.776666666666666,,,,,,,,1.0,6.123233995736766e-17
Batangas,2010-04-01,7434.5,,,2010,2,11.63,10.776666666666666,5065.35,,,,,,1.2246467991473532e-16,-1.0
Batangas,2010-07-01,10167.0,,,2010,3,11.12,11.63,7434.5,5065.35,,,6249.925,1675.2420306481088,-1.0,-1.8369701987210297e-16
Batangas,2010-10-01,10784.86,,,2010,4,11.928333333333333,11.12,10167.0,7434.5,,,7555.616666666666,2552.9806336581037,-2.4492935982947064e-16,1.0
Batangas,2011-01-01,5321.0,,,2011,1,13.188333333333333,11.928333333333333,10784.86,10167.0,5065.35,,9462.12,1782.9385556434636,1.0,6.123233995736766e-17
Batangas,2011-04-01,7777.0,,,2011,2,14.344999999999999,13.188333333333333,5321.0,10784.86,7434.5,,8757.62,2992.19075481494,1.2246467991473532e-16,-1.0
Batangas,2011-07-01,10321.05,,,2011,3,10.591666666666667,14.344999999999999,7777.0,5321.0,10167.0,,7960.953333333334,2736.570965009557,-1.0,-1.8369701987210297e-16
Batangas,2011-10-01,10518.85,,,2011,4,11.553333333333333,10.591666666666667,10321.05,7777.0,10784.86,,7806.349999999999,2500.154208743933,-2.4492935982947064e-16,1.0
Batangas,2012-01-01,5413.5,,,2012,1,12.258333333333333,11.553333333333333,10518.85,10321.05,5321.0,5065.35,9538.966666666667,1529.1095810416386,1.0,6.123233995736766e-17
Batangas,2012-04-01,7975.5,,,2012,2,12.488333333333335,12.258333333333333,5413.5,10518.85,7777.0,7434.5,8751.133333333333,2892.1667328896056,1.2246467991473532e-16,-1.0
Batangas,2012-07-01,11016.65,,,2012,3,11.64,12.488333333333335,7975.5,5413.5,10321.05,10167.0,7969.283333333333,2552.680677412147,-1.0,-1.8369701987210297e-16
Batangas,2012-10-01,10018.1,,,2012,4,13.188333333333333,11.64,11016.65,7975.5,10518.85,10784.86,8135.216666666667,2804.9874404056313,-2.4492935982947064e-16,1.0
Batangas,2013-01-01,5531.0,,,2013,1,14.038333333333334,13.188333333333333,10018.1,11016.65,5413.5,5321.0,9670.083333333334,1550.1564536630933,1.0,6.123233995736766e-17
Batangas,2013-04-01,8124.05,,,2013,2,13.646666666666667,14.038333333333334,5531.0,10018.1,7975.5,7777.0,8855.25,2921.8579829450987,1.2246467991473532e-16,-1.0
Batangas,2013-07-01,11256.3,,,2013,3,14.036666666666667,13.646666666666667,8124.05,5531.0,11016.65,10321.05,7891.05,2252.6059026159005,-1.0,-1.8369701987210297e-16
Batangas,2013-10-01,8864.0,,,2013,4,14.213333333333333,14.036666666666667,11256.3,8124.05,10018.1,10518.85,8303.783333333333,2866.8786294214356,-2.4492935982947064e-16,1.0
Batangas,2014-01-01,5252.5,,,2014,1,14.540000000000001,14.213333333333333,8864.0,11256.3,5531.0,5413.5,9414.783333333333,1637.1527802356559,1.0,6.123233995736766e-17
Batangas,2014-04-01,8250.85,,,2014,2,14.651666666666666,14.540000000000001,5252.5,8864.0,8124.05,7975.5,8457.6,3022.4616341651044,1.2246467991473532e-16,-1.0
Batangas,2014-07-01,9951.04,,,2014,3,19.636666666666667,14.651666666666666,8250.85,5252.5,11256.3,11016.65,7455.783333333334,1932.5711670811302,-1.0,-1.8369701987210297e-16
Batangas,2014-10-01,8562.0,,,2014,4,18.52,19.636666666666667,9951.04,8250.85,8864.0,10018.1,7818.130000000001,2378.971307456228,-2.4492935982947064e-16,1.0
Batangas,2015-01-01,5088.8,,,2015,1,19.796666666666667,18.52,8562.0,9951.04,5252.5,5531.0,8921.296666666667,905.252495182054,1.0,6.123233995736766e-17
Batangas,2015-04-01,6015.7,,,2015,2,18.143333333333334,19.796666666666667,5088.8,8562.0,8250.85,8124.05,7867.28,2504.4602937958493,1.2246467991473532e-16,-1.0
Batangas,2015-07-01,11984.15,,,2015,3,16.98166666666667,18.143333333333334,6015.7,5088.8,9951.04,11256.3,6555.5,1798.4208600880875,-1.0,-1.8369701987210297e-16
Batangas,2015-10-01,10063.86,,,2015,4,16.898333333333333,16.98166666666667,11984.15,6015.7,8562.0,8864.0,7696.216666666667,3742.2673749791475,-2.4492935982947064e-16,1.0
Batangas,2016-01-01,5377.47,,,2016,1,16.761666666666667,16.898333333333333,10063.86,11984.15,5088.8,5252.5,9354.570000000002,3046.7881578311285,1.0,6.123233995736766e-17
Batangas,2016-04-01,9297.47,,,2016,2,14.99,16.761666666666667,5377.47,10063.86,6015.7,8250.85,9141.826666666668,3398.4796978109684,1.2246467991473532e-16,-1.0
Batangas,2016-07-01,14588.96,,,2016,3,17.481666666666666,14.99,9297.47,5377.47,11984.15,9951.04,8246.266666666668,2513.828582865849,-1.0,-1.8369701987210297e-16
Batangas,2016-10-01,10923.01,,,2016,4,17.69666666666667,17.481666666666666,14588.96,9297.47,10063.86,8562.0,9754.633333333333,4622.730333908017,-2.4492935982947064e-16,1.0
Batangas,2017-01-01,3940.1,,,2017,1,18.74,17.69666666666667,10923.01,14588.96,5377.47,5088.8,11603.146666666667,2710.5176662463095,1.0,6.123233995736766e-17
Batangas,2017-04-01,9915.25,,,2017,2,18.605,18.74,3940.1,10923.01,9297.47,6015.7,9817.356666666667,5409.84350929242,1.2246467991473532e-16,-1.0
Batangas,2017-07-01,15895.09,,,2017,3,18.921666666666667,18.605,9915.25,3940.1,14588.96,11984.15,8259.453333333333,3774.4542609539362,-1.0,-1.8369701987210297e-16
Batangas,2017-10-01,11538.82,,,2017,4,18.61,18.921666666666667,15895.09,9915.25,10923.01,10063.86,9916.813333333334,5977.495153325793,-2.4492935982947064e-16,1.0
Batangas,2018-01-01,3807.72,,,2018,1,17.616666666666667,18.61,11538.82,15895.09,3940.1,5377.47,12449.720000000001,3092.236361260248,1.0,6.123233995736766e-17
Batangas,2018-04-01,9177.74,,,2018,2,16.944999999999997,17.616666666666667,3807.72,11538.82,9915.25,9297.47,10413.876666666669,6121.70331742999,1.2246467991473532e-16,-1.0
Batangas,2018-07-01,16841.17,,,2018,3,17.18166666666667,16.944999999999997,9177.74,3807.72,15895.09,14588.96,8174.759999999999,3961.9380942664916,-1.0,-1.8369701987210297e-16
Batangas,2018-10-01,13436.4,,,2018,4,17.11,17.18166666666667,16841.17,9177.74,11538.82,10923.01,9942.21,6550.268354143974,-2.4492935982947064e-16,1.0
Batangas,2019-01-01,4278.62,,,2019,1,17.433333333333334,17.11,13436.4,16841.17,3807.72,3940.1,13151.769999999999,3839.6354669291222,1.0,6.123233995736766e-17
Batangas,2019-04-01,8838.37,,,2019,2,18.363333333333333,17.433333333333334,4278.62,13436.4,9177.74,9915.25,11518.729999999998,6497.115459748273,1.2246467991473532e-16,-1.0
Batangas,2019-07-01,14794.95,,,2019,3,19.051666666666666,18.363333333333333,8838.37,4278.62,16841.17,15895.09,8851.13,4578.9033343476485,-1.0,-1.8369701987210297e-16
Batangas,2019-10-01,13007.85,,,2019,4,21.044999999999998,19.051666666666666,14794.95,8838.37,13436.4,11538.82,9303.980000000001,5273.603480666708,-2.4492935982947064e-16,1.0
Batangas,2020-01-01,2790.7,,,2020,1,22.061666666666667,21.044999999999998,13007.85,14794.95,4278.62,3807.72,12213.723333333333,3056.6630818808526,1.0,6.123233995736766e-17
Batangas,2020-04-01,8497.59,,,2020,2,25.911666666666665,22.061666666666667,2790.7,13007.85,8838.37,9177.74,10197.833333333334,6476.7005308129965,1.2246467991473532e-16,-1.0
Batangas,2020-07-01,13738.38,,,2020,3,21.623333333333335,25.911666666666665,8497.59,2790.7,14794.95,16841.17,8098.713333333333,5120.240763580687,-1.0,-1.8369701987210297e-16
Batangas,2020-10-01,9592.5,,,2020,4,21.416666666666668,21.623333333333335,13738.38,8497.59,13007.85,13436.4,8342.223333333333,5475.493443191521,-2.4492935982947064e-16,1.0
Batangas,2021-01-01,2341.64,,,2021,1,25.253333333333334,21.416666666666668,9592.5,13738.38,2790.7,4278.62,10609.49,2764.447766028509,1.0,6.123233995736766e-17
Batangas,2021-04-01,7220.66,,,2021,2,25.125,25.253333333333334,2341.64,9592.5,8497.59,8838.37,8557.506666666666,5768.433847842353,1.2246467991473532e-16,-1.0
Batangas,2021-07-01,10254.49,,,2021,3,25.605,25.125,7220.66,2341.64,13738.38,14794.95,6384.933333333332,3696.967944266399,-1.0,-1.8369701987210297e-16
Batangas,2021-10-01,9264.42,,,2021,4,25.18166666666667,25.605,10254.49,7220.66,9592.5,13007.85,6605.596666666665,3992.120483982582,-2.4492935982947064e-16,1.0
Batangas,2022-01-01,2125.08,,,2022,1,26.348333333333333,25.18166666666667,9264.42,10254.49,2341.64,2790.7,8913.19,1547.1111795536872,1.0,6.123233995736766e-17
Batangas,2022-04-01,6976.57,,,2022,2,25.145,26.348333333333333,2125.08,9264.42,7220.66,8497.59,7214.663333333333,4435.420333117632,1.2246467991473532e-16,-1.0
Batangas,2022-07-01,11825.91,,,2022,3,25.054999999999996,25.145,6976.57,2125.08,10254.49,13738.38,6122.0233333333335,3645.576965726183,-1.0,-1.8369701987210297e-16
Batangas,2022-10-01,8536.93,,,2022,4,21.849999999999998,25.054999999999996,11825.91,6976.57,9264.42,9592.5,6975.853333333333,4850.415039708801,-2.4492935982947064e-16,1.0
Batangas,2023-01-01,1915.24,,,2023,1,23.708333333333332,21.849999999999998,8536.93,11825.91,2125.08,2341.64,9113.136666666665,2475.486861393804,1.0,6.123233995736766e-17
Batangas,2023-04-01,5777.92,,,2023,2,23.588333333333335,23.708333333333332,1915.24,8536.93,6976.57,7220.66,7426.026666666666,5047.863372183653,1.2246467991473532e-16,-1.0
Batangas,2023-07-01,12043.66,,,2023,3,24.076666666666664,23.588333333333335,5777.92,1915.24,11825.91,10254.49,5410.03,3326.1391887742716,-1.0,-1.8369701987210297e-16
Batangas,2023-10-01,8817.87,,,2023,4,23.733333333333334,24.076666666666664,12043.66,5777.92,8536.93,9264.42,6578.94,5111.50151172823,-2.4492935982947064e-16,1.0
Batangas,2024-01-01,3197.6,,,2024,1,29.62,23.733333333333334,8817.87,12043.66,1915.24,2125.08,8879.816666666666,3133.329296297046,1.0,6.123233995736766e-17
Batangas,2024-04-01,5081.74,,,2024,2,16.0,29.62,3197.6,8817.87,5777.92,6976.57,8019.709999999999,4476.716309986595,1.2246467991473532e-16,-1.0
Batangas,2024-07-01,12777.03,,,2024,3,22.111666666666668,16.0,5081.74,3197.6,12043.66,11825.91,5699.07,2860.538579516096,-1.0,-1.8369701987210297e-16
Batangas,2024-10-01,6694.73,,,2024,4,27.005,22.111666666666668,12777.03,5081.74,8817.87,8536.93,7018.79,5074.986877628354,-2.4492935982947064e-16,1.0
Batangas,2025-01-01,2266.69,5414.23,0.4186541761247676,2025,1,29.51,27.005,6694.73,12777.03,3197.6,1915.24,8184.5,4058.1933216272487,1.0,6.123233995736766e-17
Batangas,2025-04-01,4508.56,5414.23,0.8327241362114282,2025,2,38.125,29.51,2266.69,6694.73,5081.74,5777.92,7246.149999999999,5276.822883250867,1.2246467991473532e-16,-1.0
Batangas,2025-07-01,11514.35,5414.23,2.1266828339394523,2025,3,24.481666666666666,38.125,4508.56,2266.69,12777.03,12043.66,4489.993333333333,2214.0783864247624,-1.0,-1.8369701987210297e-16
Batangas,2025-10-01,7912.43,5414.23,1.4614137190329928,2025,4,25.89,24.481666666666666,11514.35,4508.56,6694.73,8817.87,6096.533333333333,4824.00749889895,-2.4492935982947064e-16,1.0
Batangas,2026-01-01,1980.55,5414.23,0.36580455577247367,2026,1,24.400000000000002,25.89,7912.43,11514.35,2266.69,3197.6,7978.446666666666,3503.361533046985,1.0,6.123233995736766e-17
Batangas,2026-04-01,4743.22,5414.23,0.876065479301766,2026,2,27.471666666666664,24.400000000000002,1980.55,7912.43,4508.56,5081.74,7135.776666666668,4814.1176149044495,1.2246467991473532e-16,-1.0
Batangas,2026-07-01,,,,2026,3,,27.471666666666664,4743.22,1980.55,11514.35,12777.03,4878.733333333333,2968.2609355030213,-1.0,-1.8369701987210297e-16
Batangas,2026-10-01,,,,2026,4,,,,4743.22,7912.43,6694.73,3361.8849999999993,1953.5026911805946,-2.4492935982947064e-16,1.0
Cavite,2010-01-01,2812.06,,,2010,1,14.186666666666667,,,,,,,,1.0,6.123233995736766e-17
Cavite,2010-04-01,12774.61,,,2010,2,14.44,14.186666666666667,2812.06,,,,,,1.2246467991473532e-16,-1.0
Cavite,2010-07-01,7220.0,,,2010,3,15.106666666666667,14.44,12774.61,2812.06,,,7793.335,7044.586662910039,-1.0,-1.8369701987210297e-16
Cavite,2010-10-01,1969.0,,,2010,4,14.866666666666667,15.106666666666667,7220.0,12774.61,,,7602.223333333332,4992.261174361106,-2.4492935982947064e-16,1.0
Cavite,2011-01-01,2800.54,,,2011,1,12.410000000000002,14.866666666666667,1969.0,7220.0,2812.06,,7321.203333333334,5403.51584193415,1.0,6.123233995736766e-17
Cavite,2011-04-01,12823.62,,,2011,2,14.663333333333334,12.410000000000002,2800.54,1969.0,12774.61,,3996.513333333334,2822.4128703174024,1.2246467991473532e-16,-1.0
Cavite,2011-07-01,7634.2,,,2011,3,16.05333333333333,14.663333333333334,12823.62,2800.54,7220.0,,5864.386666666666,6041.196995110598,-1.0,-1.8369701987210297e-16
Cavite,2011-10-01,2047.68,,,2011,4,10.229999999999999,16.05333333333333,7634.2,12823.62,1969.0,,7752.786666666667,5012.592170697046,-2.4492935982947064e-16,1.0
Cavite,2012-01-01,2853.5,,,2012,1,8.903333333333334,10.229999999999999,2047.68,7634.2,2800.54,2812.06,7501.833333333333,5389.189310251897,1.0,6.123233995736766e-17
Cavite,2012-04-01,12887.0,,,2012,2,10.033333333333333,8.903333333333334,2853.5,2047.68,12823.62,12774.61,4178.46,3019.758380864268,1.2246467991473532e-16,-1.0
Cavite,2012-07-01,7610.0,,,2012,3,11.003333333333332,10.033333333333333,12887.0,2853.5,7634.2,7220.0,5929.393333333333,6038.919966693822,-1.0,-1.8369701987210297e-16
Cavite,2012-10-01,2070.0,,,2012,4,9.53,11.003333333333332,7610.0,12887.0,2047.68,1969.0,7783.5,5018.99962641959,-2.4492935982947064e-16,1.0
Cavite,2013-01-01,2848.01,,,2013,1,9.073333333333332,9.53,2070.0,7610.0,2853.5,2800.54,7522.333333333333,5409.032846390685,1.0,6.123233995736766e-17
Cavite,2013-04-01,12995.12,,,2013,2,9.44,9.073333333333332,2848.01,2070.0,12887.0,12823.62,4176.003333333333,2999.262362654078,1.2246467991473532e-16,-1.0
Cavite,2013-07-01,7793.7,,,2013,3,12.886666666666665,9.44,12995.12,2848.01,7610.0,7634.2,5971.043333333334,6095.454425589066,-1.0,-1.8369701987210297e-16
Cavite,2013-10-01,2131.55,,,2013,4,21.52,12.886666666666665,7793.7,12995.12,2070.0,2047.68,7878.943333333334,5074.092052518688,-2.4492935982947064e-16,1.0
Cavite,2014-01-01,2337.17,,,2014,1,21.826666666666668,21.52,2131.55,7793.7,2848.01,2853.5,7640.123333333333,5433.413073808517,1.0,6.123233995736766e-17
Cavite,2014-04-01,12868.39,,,2014,2,19.61,21.826666666666668,2337.17,2131.55,12995.12,12887.0,4087.4733333333334,3211.332585490535,1.2246467991473532e-16,-1.0
Cavite,2014-07-01,6883.95,,,2014,3,28.05,19.61,12868.39,2337.17,7793.7,7610.0,5779.036666666667,6140.420825133512,-1.0,-1.8369701987210297e-16
Cavite,2014-10-01,438.75,,,2014,4,26.666666666666668,28.05,6883.95,12868.39,2131.55,2070.0,7363.170000000001,5281.939750546193,-2.4492935982947064e-16,1.0
Cavite,2015-01-01,746.94,,,2015,1,25.938333333333333,26.666666666666668,438.75,6883.95,2337.17,2848.01,6730.363333333334,6216.243180614262,1.0,6.123233995736766e-17
Cavite,2015-04-01,9962.37,,,2015,2,26.11,25.938333333333333,746.94,438.75,12868.39,12995.12,2689.8799999999997,3635.438438854384,1.2246467991473532e-16,-1.0
Cavite,2015-07-01,7765.66,,,2015,3,25.96666666666667,26.11,9962.37,746.94,6883.95,7793.7,3716.0200000000004,5411.69211161352,-1.0,-1.8369701987210297e-16
Cavite,2015-10-01,686.31,,,2015,4,21.96666666666667,25.96666666666667,7765.66,9962.37,438.75,2131.55,6158.323333333334,4813.38611491259,-2.4492935982947064e-16,1.0
Cavite,2016-01-01,2328.0,,,2016,1,30.153333333333336,21.96666666666667,686.31,7765.66,746.94,2337.17,6138.113333333334,4847.473918963703,1.0,6.123233995736766e-17
Cavite,2016-04-01,11645.61,,,2016,2,25.406666666666666,30.153333333333336,2328.0,686.31,9962.37,12868.39,3593.3233333333324,3705.4124546443313,1.2246467991473532e-16,-1.0
Cavite,2016-07-01,8840.41,,,2016,3,23.92,25.406666666666666,11645.61,2328.0,7765.66,6883.95,4886.639999999999,5910.714263919378,-1.0,-1.8369701987210297e-16
Cavite,2016-10-01,707.14,,,2016,4,21.5,23.92,8840.41,11645.61,686.31,438.75,7604.673333333332,4780.140987464,-2.4492935982947064e-16,1.0
Cavite,2017-01-01,2459.27,,,2017,1,23.356666666666666,21.5,707.14,8840.41,2328.0,746.94,7064.386666666666,5681.392931811116,1.0,6.123233995736766e-17
Cavite,2017-04-01,12257.11,,,2017,2,22.823333333333334,23.356666666666666,2459.27,707.14,11645.61,9962.37,4002.2733333333326,4280.556586266943,1.2246467991473532e-16,-1.0
Cavite,2017-07-01,9340.57,,,2017,3,22.189999999999998,22.823333333333334,12257.11,2459.27,8840.41,7765.66,5141.173333333333,6224.5406149557175,-1.0,-1.8369701987210297e-16
Cavite,2017-10-01,688.06,,,2017,4,22.310000000000002,22.189999999999998,9340.57,12257.11,707.14,686.31,8018.983333333333,5030.840949039564,-2.4492935982947064e-16,1.0
Cavite,2018-01-01,2323.54,,,2018,1,23.66333333333333,22.310000000000002,688.06,9340.57,2459.27,2328.0,7428.579999999999,6016.852066961591,1.0,6.123233995736766e-17
Cavite,2018-04-01,11240.34,,,2018,2,23.223333333333333,23.66333333333333,2323.54,688.06,12257.11,11645.61,4117.389999999999,4596.727715658169,1.2246467991473532e-16,-1.0
Cavite,2018-07-01,8226.96,,,2018,3,23.503333333333334,23.223333333333333,11240.34,2323.54,9340.57,8840.41,4750.6466666666665,5679.417961211633,-1.0,-1.8369701987210297e-16
Cavite,2018-10-01,628.25,,,2018,4,22.986666666666668,23.503333333333334,8226.96,11240.34,688.06,707.14,7263.613333333332,4535.786388282996,-2.4492935982947064e-16,1.0
Cavite,2019-01-01,2059.42,,,2019,1,22.87,22.986666666666668,628.25,8226.96,2323.54,2459.27,6698.5166666666655,5468.657770370468,1.0,6.123233995736766e-17
Cavite,2019-04-01,9650.77,,,2019,2,25.599999999999998,22.87,2059.42,628.25,11240.34,12257.11,3638.209999999999,4037.8870482097373,1.2246467991473532e-16,-1.0
Cavite,2019-07-01,7934.79,,,2019,3,25.310000000000002,25.599999999999998,9650.77,2059.42,8226.96,9340.57,4112.813333333333,4849.101455283575,-1.0,-1.8369701987210297e-16
Cavite,2019-10-01,657.58,,,2019,4,24.426666666666666,25.310000000000002,7934.79,9650.77,628.25,688.06,6548.326666666667,3981.062563767781,-2.4492935982947064e-16,1.0
Cavite,2020-01-01,1696.02,,,2020,1,25.03,24.426666666666666,657.58,7934.79,2059.42,2323.54,6081.046666666665,4774.582688930343,1.0,6.123233995736766e-17
Cavite,2020-04-01,8217.05,,,2020,2,31.346666666666664,25.03,1696.02,657.58,9650.77,11240.34,3429.4633333333327,3936.1231800381047,1.2246467991473532e-16,-1.0
Cavite,2020-07-01,7365.92,,,2020,3,28.45,31.346666666666664,8217.05,1696.02,7934.79,8226.96,3523.5499999999993,4097.718401244764,-1.0,-1.8369701987210297e-16
Cavite,2020-10-01,422.08,,,2020,4,30.27666666666666,28.45,7365.92,8217.05,657.58,628.25,5759.663333333333,3544.8559102780596,-2.4492935982947064e-16,1.0
Cavite,2021-01-01,1711.89,,,2021,1,31.813333333333333,30.27666666666666,422.08,7365.92,1696.02,2059.42,5335.0166666666655,4275.957856110522,1.0,6.123233995736766e-17
Cavite,2021-04-01,9242.96,,,2021,2,31.02333333333333,31.813333333333333,1711.89,422.08,8217.05,9650.77,3166.629999999999,3693.430632501435,1.2246467991473532e-16,-1.0
Cavite,2021-07-01,7080.4,,,2021,3,29.666666666666668,31.02333333333333,9242.96,1711.89,7365.92,7934.79,3792.309999999999,4764.251412960902,-1.0,-1.8369701987210297e-16
Cavite,2021-10-01,415.99,,,2021,4,26.026666666666667,29.666666666666668,7080.4,9242.96,422.08,657.58,6011.749999999999,3877.597639402515,-2.4492935982947064e-16,1.0
Cavite,2022-01-01,2264.33,,,2022,1,28.189999999999998,26.026666666666667,415.99,7080.4,1711.89,1696.02,5579.783333333333,4600.840969913358,1.0,6.123233995736766e-17
Cavite,2022-04-01,9697.36,,,2022,2,28.536666666666665,28.189999999999998,2264.33,415.99,9242.96,8217.05,3253.5733333333324,3440.57290889661,1.2246467991473532e-16,-1.0
Cavite,2022-07-01,7570.82,,,2022,3,27.403333333333332,28.536666666666665,9697.36,2264.33,7080.4,7365.92,4125.8933333333325,4912.74066099904,-1.0,-1.8369701987210297e-16
Cavite,2022-10-01,489.07,,,2022,4,24.396666666666665,27.403333333333332,7570.82,9697.36,415.99,422.08,6510.836666666666,3828.205486312523,-2.4492935982947064e-16,1.0
Cavite,2023-01-01,2016.02,,,2023,1,27.113333333333333,24.396666666666665,489.07,7570.82,2264.33,1711.89,5919.083333333333,4821.237050076806,1.0,6.123233995736766e-17
Cavite,2023-04-01,8222.41,,,2023,2,28.613333333333333,27.113333333333333,2016.02,489.07,9697.36,9242.96,3358.636666666666,3726.896886262523,1.2246467991473532e-16,-1.0
Cavite,2023-07-01,8309.99,,,2023,3,32.983333333333334,28.613333333333333,8222.41,2016.02,7570.82,7080.4,3575.8333333333326,4095.839366361099,-1.0,-1.8369701987210297e-16
Cavite,2023-10-01,444.9,,,2023,4,25.893333333333334,32.983333333333334,8309.99,8222.41,489.07,415.99,6182.806666666666,3608.8087935263757,-2.4492935982947064e-16,1.0
Cavite,2024-01-01,2438.77,,,2024,1,25.316666666666663,25.893333333333334,444.9,8309.99,2016.02,2264.33,5659.099999999999,4515.841980638823,1.0,6.123233995736766e-17
Cavite,2024-04-01,5918.03,,,2024,2,34.263333333333335,25.316666666666663,2438.77,444.9,8222.41,9697.36,3731.2199999999993,4088.732129756113,1.2246467991473532e-16,-1.0
Cavite,2024-07-01,3681.65,,,2024,3,31.058333333333334,34.263333333333335,5918.03,2438.77,8309.99,7570.82,2933.899999999999,2769.9554665914684,-1.0,-1.8369701987210297e-16
Cavite,2024-10-01,371.98,,,2024,4,27.861666666666668,31.058333333333334,3681.65,5918.03,444.9,489.07,4012.816666666666,1763.1126049499212,-2.4492935982947064e-16,1.0
Cavite,2025-01-01,2088.31,3498.6,0.5968987595038016,2025,1,31.62,27.861666666666668,371.98,3681.65,2438.77,2016.02,3323.886666666666,2790.280201455276,1.0,6.123233995736766e-17
Cavite,2025-04-01,6543.02,3544.85,1.845781908966529,2025,2,23.12,31.62,2088.31,371.98,5918.03,8222.41,2047.3133333333328,1655.2158234602798,1.2246467991473532e-16,-1.0
Cavite,2025-07-01,3366.8,3565.35,0.9443112176925127,2025,3,30.901666666666667,23.12,6543.02,2088.31,3681.65,8309.99,3001.103333333333,3185.173060044508,-1.0,-1.8369701987210297e-16
Cavite,2025-10-01,401.89,3562.3,0.11281756168767368,2025,4,35.406666666666666,30.901666666666667,3366.8,6543.02,371.98,444.9,3999.376666666667,2293.7360845209064,-2.4492935982947064e-16,1.0
Cavite,2026-01-01,2683.8,3527.15,0.760897608550813,2026,1,25.485,35.406666666666666,401.89,3366.8,2088.31,2438.77,3437.236666666666,3071.1708536376314,1.0,6.123233995736766e-17
Cavite,2026-04-01,6032.28,3527.15,1.710241980068894,2026,2,26.376666666666665,25.485,2683.8,401.89,6543.02,5918.03,2150.83,1552.6479294096127,1.2246467991473532e-16,-1.0
Cavite,2026-07-01,,,,2026,3,,26.376666666666665,6032.28,2683.8,3366.8,3681.65,3039.3233333333324,2831.9817298904477,-1.0,-1.8369701987210297e-16
Cavite,2026-10-01,,,,2026,4,,,,6032.28,401.89,371.98,4358.039999999999,2367.732914667516,-2.4492935982947064e-16,1.0
Laguna,2010-01-01,2840.08,,,2010,1,13.726666666666667,,,,,,,,1.0,6.123233995736766e-17
Laguna,2010-04-01,3706.04,,,2010,2,12.476666666666667,13.726666666666667,2840.08,,,,,,1.2246467991473532e-16,-1.0
Laguna,2010-07-01,8700.61,,,2010,3,13.65,12.476666666666667,3706.04,2840.08,,,3273.06,612.3261882363028,-1.0,-1.8369701987210297e-16
Laguna,2010-10-01,1102.85,,,2010,4,12.94,13.65,8700.61,3706.04,,,5082.243333333333,3163.369197743655,-2.4492935982947064e-16,1.0
Laguna,2011-01-01,3324.19,,,2011,1,13.56,12.94,1102.85,8700.61,2840.08,,4503.166666666667,3861.094073761132,1.0,6.123233995736766e-17
Laguna,2011-04-01,4666.79,,,2011,2,14.066666666666668,13.56,3324.19,1102.85,3706.04,,4375.883333333332,3906.537265268736,1.2246467991473532e-16,-1.0
Laguna,2011-07-01,9457.72,,,2011,3,14.56,14.066666666666668,4666.79,3324.19,8700.61,,3031.276666666666,1799.9349284163948,-1.0,-1.8369701987210297e-16
Laguna,2011-10-01,1296.86,,,2011,4,13.073333333333332,14.56,9457.72,4666.79,1102.85,,5816.233333333333,3224.277058137736,-2.4492935982947064e-16,1.0
Laguna,2012-01-01,3400.33,,,2012,1,13.42,13.073333333333332,1296.86,9457.72,3324.19,2840.08,5140.456666666666,4100.997326045621,1.0,6.123233995736766e-17
Laguna,2012-04-01,4713.51,,,2012,2,12.686666666666667,13.42,3400.33,1296.86,4666.79,3706.04,4718.303333333332,4237.062575114195,1.2246467991473532e-16,-1.0
Laguna,2012-07-01,9747.31,,,2012,3,12.883333333333333,12.686666666666667,4713.51,3400.33,9457.72,8700.61,3136.899999999999,1723.4908846002058,-1.0,-1.8369701987210297e-16
Laguna,2012-10-01,1648.01,,,2012,4,13.56,12.883333333333333,9747.31,4713.51,1296.86,1102.85,5953.716666666666,3350.3168823461074,-2.4492935982947064e-16,1.0
Laguna,2013-01-01,3439.2,,,2013,1,12.893333333333333,13.56,1648.01,9747.31,3400.33,3324.19,5369.61,4089.3172449688964,1.0,6.123233995736766e-17
Laguna,2013-04-01,4947.78,,,2013,2,13.306666666666667,12.893333333333333,3439.2,1648.01,4713.51,4666.79,4944.839999999999,4254.39525428703,1.2246467991473532e-16,-1.0
Laguna,2013-07-01,10026.61,,,2013,3,12.983333333333334,13.306666666666667,4947.78,3439.2,9747.31,9457.72,3344.996666666666,1651.9007882537414,-1.0,-1.8369701987210297e-16
Laguna,2013-10-01,1672.71,,,2013,4,13.493333333333332,12.983333333333334,10026.61,4947.78,1648.01,1296.86,6137.863333333332,3451.19057460369,-2.4492935982947064e-16,1.0
Laguna,2014-01-01,3251.36,,,2014,1,13.913333333333334,13.493333333333332,1672.71,10026.61,3439.2,3400.33,5549.033333333333,4209.280280598257,1.0,6.123233995736766e-17
Laguna,2014-04-01,4835.04,,,2014,2,14.08,13.913333333333334,3251.36,1672.71,4947.78,4713.51,4983.5599999999995,4438.163914559715,1.2246467991473532e-16,-1.0
Laguna,2014-07-01,7232.09,,,2014,3,15.516666666666666,14.08,4835.04,3251.36,10026.61,9747.31,3253.0366666666664,1581.1656667260806,-1.0,-1.8369701987210297e-16
Laguna,2014-10-01,548.83,,,2014,4,17.029999999999998,15.516666666666666,7232.09,4835.04,1672.71,1648.01,5106.163333333333,2004.1665922855166,-2.4492935982947064e-16,1.0
Laguna,2015-01-01,1562.84,,,2015,1,17.093333333333334,17.029999999999998,548.83,7232.09,3251.36,3439.2,4205.32,3385.8383770788596,1.0,6.123233995736766e-17
Laguna,2015-04-01,2092.1,,,2015,2,17.526666666666667,17.093333333333334,1562.84,548.83,4835.04,4947.78,3114.586666666666,3601.725884216251,1.2246467991473532e-16,-1.0
Laguna,2015-07-01,7516.82,,,2015,3,15.456666666666669,17.526666666666667,2092.1,1562.84,7232.09,10026.61,1401.2566666666662,784.2209213183049,-1.0,-1.8369701987210297e-16
Laguna,2015-10-01,1146.41,,,2015,4,14.67,15.456666666666669,7516.82,2092.1,548.83,1672.71,3723.9199999999996,3295.3902415950683,-2.4492935982947064e-16,1.0
Laguna,2016-01-01,2581.81,,,2016,1,14.483333333333334,14.67,1146.41,7516.82,1562.84,3251.36,3585.109999999999,3437.635820894937,1.0,6.123233995736766e-17
Laguna,2016-04-01,2626.87,,,2016,2,16.400000000000002,14.483333333333334,2581.81,1146.41,2092.1,4835.04,3748.346666666666,3341.576983705948,1.2246467991473532e-16,-1.0
Laguna,2016-07-01,7621.72,,,2016,3,16.003333333333334,16.400000000000002,2626.87,2581.81,7516.82,7232.09,2118.363333333333,842.0377441263197,-1.0,-1.8369701987210297e-16
Laguna,2016-10-01,1005.23,,,2016,4,15.493333333333334,16.003333333333334,7621.72,2626.87,1146.41,548.83,4276.799999999999,2896.8733068085676,-2.4492935982947064e-16,1.0
Laguna,2017-01-01,2771.14,,,2017,1,17.426666666666666,15.493333333333334,1005.23,7621.72,2581.81,1562.84,3751.2733333333326,3448.5790004048536,1.0,6.123233995736766e-17
Laguna,2017-04-01,2510.95,,,2017,2,19.11,17.426666666666666,2771.14,1005.23,2626.87,2092.1,3799.363333333333,3425.9914473672197,1.2246467991473532e-16,-1.0
Laguna,2017-07-01,7619.68,,,2017,3,17.57,19.11,2510.95,2771.14,7621.72,7516.82,2095.7733333333326,953.3563239593764,-1.0,-1.8369701987210297e-16
Laguna,2017-10-01,1069.15,,,2017,4,17.206666666666667,17.57,7619.68,2510.95,1005.23,1146.41,4300.589999999999,2877.3587767430054,-2.4492935982947064e-16,1.0
Laguna,2018-01-01,2743.25,,,2018,1,16.966666666666665,17.206666666666667,1069.15,7619.68,2771.14,2581.81,3733.259999999999,3442.0767165041516,1.0,6.123233995736766e-17
Laguna,2018-04-01,2634.46,,,2018,2,17.400000000000002,16.966666666666665,2743.25,1069.15,2510.95,2626.87,3810.6933333333327,3403.2245404371038,1.2246467991473532e-16,-1.0
Laguna,2018-07-01,7489.23,,,2018,3,19.573333333333334,17.400000000000002,2634.46,2743.25,7619.68,7621.72,2148.953333333333,936.7178043751155,-1.0,-1.8369701987210297e-16
Laguna,2018-10-01,1080.81,,,2018,4,19.24,19.573333333333334,7489.23,2634.46,1069.15,1005.23,4288.98,2772.031540747688,-2.4492935982947064e-16,1.0
Laguna,2019-01-01,2799.01,,,2019,1,19.826666666666668,19.24,1080.81,7489.23,2743.25,2771.14,3734.8333333333326,3342.9145709445424,1.0,6.123233995736766e-17
Laguna,2019-04-01,2417.45,,,2019,2,19.87,19.826666666666668,2799.01,1080.81,2634.46,2510.95,3789.6833333333325,3317.082598328437,1.2246467991473532e-16,-1.0
Laguna,2019-07-01,7553.83,,,2019,3,20.353333333333335,19.87,2417.45,2799.01,7489.23,7619.68,2099.0899999999997,902.2569629545708,-1.0,-1.8369701987210297e-16
Laguna,2019-10-01,1179.05,,,2019,4,20.78,20.353333333333335,7553.83,2417.45,1080.81,1069.15,4256.763333333333,2861.709884270824,-2.4492935982947064e-16,1.0
Laguna,2020-01-01,2705.36,,,2020,1,20.650000000000002,20.78,1179.05,7553.83,2799.01,2743.25,3716.776666666666,3380.183774905343,1.0,6.123233995736766e-17
Laguna,2020-04-01,2465.73,,,2020,2,25.23,20.650000000000002,2705.36,1179.05,2417.45,2634.46,3812.746666666666,3328.540811561927,1.2246467991473532e-16,-1.0
Laguna,2020-07-01,7454.28,,,2020,3,27.866666666666664,25.23,2465.73,2705.36,7553.83,7489.23,2116.7133333333327,820.8319128989411,-1.0,-1.8369701987210297e-16
Laguna,2020-10-01,1123.82,,,2020,4,27.093333333333334,27.866666666666664,7454.28,2465.73,1179.05,1080.81,4208.456666666666,2813.517810079284,-2.4492935982947064e-16,1.0
Laguna,2021-01-01,1593.03,,,2021,1,28.150000000000002,27.093333333333334,1123.82,7454.28,2705.36,2799.01,3681.276666666666,3335.692765683514,1.0,6.123233995736766e-17
Laguna,2021-04-01,1873.7,,,2021,2,32.050000000000004,28.150000000000002,1593.03,1123.82,2465.73,2417.45,3390.3766666666656,3527.2542058991626,1.2246467991473532e-16,-1.0
Laguna,2021-07-01,6141.21,,,2021,3,29.03,32.050000000000004,1873.7,1593.03,7454.28,7553.83,1530.1833333333332,378.869741775899,-1.0,-1.8369701987210297e-16
Laguna,2021-10-01,1224.74,,,2021,4,27.353333333333335,29.03,6141.21,1873.7,1123.82,1179.05,3202.646666666666,2548.7368950586747,-2.4492935982947064e-16,1.0
Laguna,2022-01-01,2495.29,,,2022,1,24.776666666666667,27.353333333333335,1224.74,6141.21,1593.03,2705.36,3079.883333333333,2670.969485118341,1.0,6.123233995736766e-17
Laguna,2022-04-01,2497.97,,,2022,2,25.676666666666666,24.776666666666667,2495.29,1224.74,1873.7,2465.73,3287.0799999999995,2552.081085761187,1.2246467991473532e-16,-1.0
Laguna,2022-07-01,7013.51,,,2022,3,23.06,25.676666666666666,2497.97,2495.29,6141.21,7454.28,2072.666666666666,734.3272564962675,-1.0,-1.8369701987210297e-16
Laguna,2022-10-01,968.58,,,2022,4,26.36,23.06,7013.51,2497.97,1224.74,1123.82,4002.256666666666,2607.822228169193,-2.4492935982947064e-16,1.0
Laguna,2023-01-01,1890.34,,,2023,1,28.496666666666666,26.36,968.58,7013.51,2495.29,1593.03,3493.353333333333,3142.9899238517028,1.0,6.123233995736766e-17
Laguna,2023-04-01,2451.65,,,2023,2,27.55,28.496666666666666,1890.34,968.58,2497.97,1873.7,3290.8099999999995,3256.72870253265,1.2246467991473532e-16,-1.0
Laguna,2023-07-01,6767.16,,,2023,3,26.993333333333336,27.55,2451.65,1890.34,7013.51,6141.21,1770.1899999999994,748.7998217814929,-1.0,-1.8369701987210297e-16
Laguna,2023-10-01,1370.95,,,2023,4,26.043333333333333,26.993333333333336,6767.16,2451.65,968.58,1224.74,3703.0499999999993,2668.3974213186452,-2.4492935982947064e-16,1.0
Laguna,2024-01-01,1974.6,,,2024,1,25.703333333333333,26.043333333333333,1370.95,6767.16,1890.34,2495.29,3529.9199999999996,2855.1305111500587,1.0,6.123233995736766e-17
Laguna,2024-04-01,2041.34,,,2024,2,32.885,25.703333333333333,1974.6,1370.95,2451.65,2497.97,3370.9033333333323,2956.6903524098243,1.2246467991473532e-16,-1.0
Laguna,2024-07-01,5824.95,,,2024,3,30.728333333333335,32.885,2041.34,1974.6,6767.16,7013.51,1795.6299999999992,369.29444038598706,-1.0,-1.8369701987210297e-16
Laguna,2024-10-01,1131.5,,,2024,4,25.973333333333333,30.728333333333335,5824.95,2041.34,1370.95,968.58,3280.2966666666666,2203.98706825456,-2.4492935982947064e-16,1.0
Laguna,2025-01-01,1763.71,6366.0,0.2770515237197612,2025,1,31.886666666666667,25.973333333333333,1131.5,5824.95,1974.6,1890.34,2999.2633333333324,2489.042197318746,1.0,6.123233995736766e-17
Laguna,2025-04-01,2203.04,6331.0,0.347976622966356,2025,2,21.93166666666667,31.886666666666667,1763.71,1131.5,2041.34,2451.65,2906.7199999999993,2546.953497946124,1.2246467991473532e-16,-1.0
Laguna,2025-07-01,6188.95,6332.0,0.9774084017687934,2025,3,25.918333333333333,21.93166666666667,2203.04,1763.71,5824.95,6767.16,1699.4166666666663,538.655471923691,-1.0,-1.8369701987210297e-16
Laguna,2025-10-01,1070.17,6331.0,0.16903648712683622,2025,4,24.22666666666667,25.918333333333333,6188.95,2203.04,1131.5,1370.95,3385.233333333333,2438.00596234573,-2.4492935982947064e-16,1.0
Laguna,2026-01-01,2255.8,6331.0,0.35631021955457276,2026,1,23.598333333333333,24.22666666666667,1070.17,6188.95,1763.71,1974.6,3154.053333333333,2688.6422116438866,1.0,6.123233995736766e-17
Laguna,2026-04-01,2633.44,6331.0,0.41595956404991313,2026,2,32.27333333333333,23.598333333333333,2255.8,1070.17,2203.04,2041.34,3171.6399999999994,2679.4681097747734,1.2246467991473532e-16,-1.0
Laguna,2026-07-01,,,,2026,3,,32.27333333333333,2633.44,2255.8,6188.95,5824.95,1986.47,815.6943422017839,-1.0,-1.8369701987210297e-16
Laguna,2026-10-01,,,,2026,4,,,,2633.44,1070.17,1131.5,2444.62,267.0318048472869,-2.4492935982947064e-16,1.0
Quezon,2010-01-01,1032.68,,,2010,1,7.78,,,,,,,,1.0,6.123233995736766e-17
Quezon,2010-04-01,19407.07,,,2010,2,7.588333333333334,7.78,1032.68,,,,,,1.2246467991473532e-16,-1.0
Quezon,2010-07-01,5533.69,,,2010,3,9.236666666666666,7.588333333333334,19407.07,1032.68,,,10219.875,12992.655769166287,-1.0,-1.8369701987210297e-16
Quezon,2010-10-01,2207.98,,,2010,4,9.165,9.236666666666666,5533.69,19407.07,,,8657.813333333334,9577.299301965735,-2.4492935982947064e-16,1.0
Quezon,2011-01-01,1188.46,,,2011,1,9.415,9.165,2207.98,5533.69,1032.68,,9049.58,9122.679763978347,1.0,6.123233995736766e-17
Quezon,2011-04-01,21602.09,,,2011,2,9.538333333333334,9.415,1188.46,2207.98,19407.07,,2976.7099999999996,2272.3259664713646,1.2246467991473532e-16,-1.0
Quezon,2011-07-01,6692.33,,,2011,3,8.316666666666666,9.538333333333334,21602.09,1188.46,5533.69,,8332.843333333332,11502.805552700322,-1.0,-1.8369701987210297e-16
Quezon,2011-10-01,2854.14,,,2011,4,8.943333333333333,8.316666666666666,6692.33,21602.09,2207.98,,9827.626666666665,10561.800809295417,-2.4492935982947064e-16,1.0
Quezon,2012-01-01,1307.34,,,2012,1,8.966666666666667,8.943333333333333,2854.14,6692.33,1188.46,1032.68,10382.853333333334,9903.856781882163,1.0,6.123233995736766e-17
Quezon,2012-04-01,22390.41,,,2012,2,9.906666666666666,8.966666666666667,1307.34,2854.14,21602.09,19407.07,3617.9366666666665,2772.5562818513336,1.2246467991473532e-16,-1.0
Quezon,2012-07-01,6804.05,,,2012,3,10.671666666666667,9.906666666666666,22390.41,1307.34,6692.33,5533.69,8850.63,11751.271394887446,-1.0,-1.8369701987210297e-16
Quezon,2012-10-01,3337.49,,,2012,4,9.833333333333334,10.671666666666667,6804.05,22390.41,2854.14,2207.98,10167.266666666666,10936.515894764352,-2.4492935982947064e-16,1.0
Quezon,2013-01-01,1238.98,,,2013,1,10.033333333333333,9.833333333333334,3337.49,6804.05,1307.34,1188.46,10843.983333333334,10148.607595869165,1.0,6.123233995736766e-17
Quezon,2013-04-01,23160.37,,,2013,2,9.951666666666666,10.033333333333333,1238.98,3337.49,22390.41,21602.09,3793.5066666666667,2810.420684956849,1.2246467991473532e-16,-1.0
Quezon,2013-07-01,7014.08,,,2013,3,10.355,9.951666666666666,23160.37,1238.98,6804.05,6692.33,9245.613333333333,12096.126482243531,-1.0,-1.8369701987210297e-16
Quezon,2013-10-01,3480.54,,,2013,4,10.501666666666667,10.355,7014.08,23160.37,3337.49,2854.14,10471.143333333333,11362.231297198332,-2.4492935982947064e-16,1.0
Quezon,2014-01-01,1154.56,,,2014,1,11.469999999999999,10.501666666666667,3480.54,7014.08,1238.98,1307.34,11218.33,10491.935748664302,1.0,6.123233995736766e-17
Quezon,2014-04-01,21147.64,,,2014,2,13.713333333333333,11.469999999999999,1154.56,3480.54,23160.37,22390.41,3883.06,2950.4254643017143,1.2246467991473532e-16,-1.0
Quezon,2014-07-01,5131.46,,,2014,3,18.228333333333335,13.713333333333333,21147.64,1154.56,7014.08,6804.05,8594.246666666666,10933.586276978533,-1.0,-1.8369701987210297e-16
Quezon,2014-10-01,3111.34,,,2014,4,14.921666666666667,18.228333333333335,5131.46,21147.64,3480.54,3337.49,9144.553333333331,10583.454093448569,-2.4492935982947064e-16,1.0
Quezon,2015-01-01,908.57,,,2015,1,18.654999999999998,14.921666666666667,3111.34,5131.46,1154.56,1238.98,9796.813333333334,9881.860690989995,1.0,6.123233995736766e-17
Quezon,2015-04-01,18741.92,,,2015,2,15.701666666666668,18.654999999999998,908.57,3111.34,21147.64,23160.37,3050.456666666667,2112.1032345113567,1.2246467991473532e-16,-1.0
Quezon,2015-07-01,5057.54,,,2015,3,14.816666666666668,15.701666666666668,18741.92,908.57,5131.46,7014.08,7587.276666666666,9722.787657798213,-1.0,-1.8369701987210297e-16
Quezon,2015-10-01,3551.95,,,2015,4,13.806666666666667,14.816666666666668,5057.54,18741.92,3111.34,3480.54,8236.01,9331.8860211267,-2.4492935982947064e-16,1.0
Quezon,2016-01-01,931.4,,,2016,1,14.67,13.806666666666667,3551.95,5057.54,908.57,1154.56,9117.136666666665,8369.231802993225,1.0,6.123233995736766e-17
Quezon,2016-04-01,20138.6,,,2016,2,16.603333333333335,14.67,931.4,3551.95,18741.92,21147.64,3180.2966666666666,2088.0259756605824,1.2246467991473532e-16,-1.0
Quezon,2016-07-01,5636.37,,,2016,3,15.87,16.603333333333335,20138.6,931.4,5057.54,5131.46,8207.316666666666,10415.53945126383,-1.0,-1.8369701987210297e-16
Quezon,2016-10-01,3954.03,,,2016,4,16.099999999999998,15.87,5636.37,20138.6,3551.95,3111.34,8902.123333333331,10011.393089157635,-2.4492935982947064e-16,1.0
Quezon,2017-01-01,785.46,,,2017,1,16.758333333333336,16.099999999999998,3954.03,5636.37,931.4,908.57,9909.666666666666,8898.36360362023,1.0,6.123233995736766e-17
Quezon,2017-04-01,19678.16,,,2017,2,17.17833333333333,16.758333333333336,785.46,3954.03,20138.6,18741.92,3458.6200000000003,2463.1088603835524,1.2246467991473532e-16,-1.0
Quezon,2017-07-01,5882.59,,,2017,3,16.186666666666667,17.17833333333333,19678.16,785.46,5636.37,5057.54,8139.216666666667,10117.824316454265,-1.0,-1.8369701987210297e-16
Quezon,2017-10-01,3954.43,,,2017,4,17.116666666666667,16.186666666666667,5882.59,19678.16,3954.03,3551.95,8782.070000000002,9774.393409583015,-2.4492935982947064e-16,1.0
Quezon,2018-01-01,727.93,,,2018,1,15.968333333333334,17.116666666666667,3954.43,5882.59,785.46,931.4,9838.393333333333,8575.85017868393,1.0,6.123233995736766e-17
Quezon,2018-04-01,20356.17,,,2018,2,15.286666666666667,15.968333333333334,727.93,3954.43,19678.16,20138.6,3521.65,2604.4392535054258,1.2246467991473532e-16,-1.0
Quezon,2018-07-01,6216.11,,,2018,3,13.603333333333332,15.286666666666667,20356.17,727.93,5882.59,5636.37,8346.176666666666,10525.328045364344,-1.0,-1.8369701987210297e-16
Quezon,2018-10-01,4074.96,,,2018,4,14.121666666666668,13.603333333333332,6216.11,20356.17,3954.43,3954.03,9100.07,10126.93785581801,-2.4492935982947064e-16,1.0
Quezon,2019-01-01,699.55,,,2019,1,15.26,14.121666666666668,4074.96,6216.11,727.93,785.46,10215.746666666666,8846.879103109368,1.0,6.123233995736766e-17
Quezon,2019-04-01,19904.32,,,2019,2,16.12,15.26,699.55,4074.96,20356.17,19678.16,3663.5399999999995,2781.1972908623243,1.2246467991473532e-16,-1.0
Quezon,2019-07-01,5946.02,,,2019,3,14.846666666666666,16.12,19904.32,699.55,6216.11,5882.59,8226.276666666667,10253.334591167559,-1.0,-1.8369701987210297e-16
Quezon,2019-10-01,3731.98,,,2019,4,16.505,14.846666666666666,5946.02,19904.32,4074.96,3954.43,8849.963333333333,9926.251198243635,-2.4492935982947064e-16,1.0
Quezon,2020-01-01,317.3,,,2020,1,20.123333333333335,16.505,3731.98,5946.02,699.55,727.93,9860.773333333333,8768.130673896987,1.0,6.123233995736766e-17
Quezon,2020-04-01,19158.24,,,2020,2,25.331666666666667,20.123333333333335,317.3,3731.98,19904.32,20356.17,3331.766666666667,2835.6216679474787,1.2246467991473532e-16,-1.0
Quezon,2020-07-01,5575.17,,,2020,3,24.540000000000003,25.331666666666667,19158.24,317.3,5946.02,6216.11,7735.840000000001,10038.347782160166,-1.0,-1.8369701987210297e-16
Quezon,2020-10-01,3307.04,,,2020,4,22.313333333333333,24.540000000000003,5575.17,19158.24,3731.98,4074.96,8350.236666666666,9722.191176593538,-2.4492935982947064e-16,1.0
Quezon,2021-01-01,304.53,,,2021,1,23.62166666666667,22.313333333333333,3307.04,5575.17,317.3,699.55,9346.816666666668,8572.288159740854,1.0,6.123233995736766e-17
Quezon,2021-04-01,17985.56,,,2021,2,21.436666666666667,23.62166666666667,304.53,3307.04,19158.24,19904.32,3062.2466666666664,2643.833265248252,1.2246467991473532e-16,-1.0
Quezon,2021-07-01,5403.81,,,2021,3,18.123333333333335,21.436666666666667,17985.56,304.53,5575.17,5946.02,7199.043333333334,9461.261698380045,-1.0,-1.8369701987210297e-16
Quezon,2021-10-01,3710.57,,,2021,4,16.743333333333336,18.123333333333335,5403.81,17985.56,3307.04,3731.98,7897.966666666667,9100.56693693493,-2.4492935982947064e-16,1.0
Quezon,2022-01-01,348.45,,,2022,1,15.981666666666667,16.743333333333336,3710.57,5403.81,304.53,317.3,9033.313333333334,7798.961835400481,1.0,6.123233995736766e-17
Quezon,2022-04-01,19979.66,,,2022,2,11.29,15.981666666666667,348.45,3710.57,17985.56,19158.24,3154.2766666666666,2573.181471823007,1.2246467991473532e-16,-1.0
Quezon,2022-07-01,6037.93,,,2022,3,10.345,11.29,19979.66,348.45,5403.81,5575.17,8012.893333333333,10498.980477381278,-1.0,-1.8369701987210297e-16
Quezon,2022-10-01,3599.2,,,2022,4,11.354999999999999,10.345,6037.93,19979.66,3710.57,3307.04,8788.68,10100.54803898778,-2.4492935982947064e-16,1.0
Quezon,2023-01-01,316.19,,,2023,1,14.026666666666666,11.354999999999999,3599.2,6037.93,348.45,304.53,9872.263333333334,8837.785442984754,1.0,6.123233995736766e-17
Quezon,2023-04-01,18562.03,,,2023,2,14.81,14.026666666666666,316.19,3599.2,19979.66,17985.56,3317.773333333333,2871.232815957844,1.2246467991473532e-16,-1.0
Quezon,2023-07-01,6378.88,,,2023,3,13.288333333333332,14.81,18562.03,316.19,6037.93,5403.81,7492.473333333332,9726.039906479575,-1.0,-1.8369701987210297e-16
Quezon,2023-10-01,3750.63,,,2023,4,12.448333333333332,13.288333333333332,6378.88,18562.03,3599.2,3710.57,8419.033333333333,9292.434478866839,-2.4492935982947064e-16,1.0
Quezon,2024-01-01,351.76,,,2024,1,15.873333333333335,12.448333333333332,3750.63,6378.88,316.19,348.45,9563.846666666666,7902.683214632434,1.0,6.123233995736766e-17
Quezon,2024-04-01,18053.97,,,2024,2,35.623333333333335,15.873333333333335,351.76,3750.63,18562.03,19979.66,3493.7566666666667,3021.759720036191,1.2246467991473532e-16,-1.0
Quezon,2024-07-01,6914.11,,,2024,3,18.94666666666667,35.623333333333335,18053.97,351.76,6378.88,6037.93,7385.453333333334,9394.201148550805,-1.0,-1.8369701987210297e-16
Quezon,2024-10-01,3329.82,,,2024,4,21.661666666666665,18.94666666666667,6914.11,18053.97,3750.63,3599.2,8439.946666666667,8949.200683359004,-2.4492935982947064e-16,1.0
Quezon,2025-01-01,373.23,9794.79,0.03810495171412557,2025,1,21.905,21.661666666666665,3329.82,6914.11,351.76,316.19,9432.633333333333,7678.37014873816,1.0,6.123233995736766e-17
Quezon,2025-04-01,19508.05,9800.0,1.9906173469387753,2025,2,22.974999999999998,21.905,373.23,3329.82,18053.97,18562.03,3539.0533333333333,3275.455958249665,1.2246467991473532e-16,-1.0
Quezon,2025-07-01,6775.78,9800.0,0.6914061224489796,2025,3,24.136666666666667,22.974999999999998,19508.05,373.23,6914.11,6378.88,7737.033333333333,10300.630132775046,-1.0,-1.8369701987210297e-16
Quezon,2025-10-01,3783.61,9800.0,0.3860826530612245,2025,4,28.63,24.136666666666667,6775.78,19508.05,3329.82,3750.63,8885.686666666666,9740.334373861775,-2.4492935982947064e-16,1.0
Quezon,2026-01-01,4997.26,9804.5,0.5096904482635525,2026,1,20.363333333333333,28.63,3783.61,6775.78,373.23,351.76,10022.48,8349.868202307143,1.0,6.123233995736766e-17
Quezon,2026-04-01,19419.43,9804.5,1.9806650007649549,2026,2,23.916666666666668,20.363333333333333,4997.26,3783.61,19508.05,18053.97,5185.55,1504.9452383059972,1.2246467991473532e-16,-1.0
Quezon,2026-07-01,,,,2026,3,,23.916666666666668,19419.43,4997.26,6775.78,6914.11,9400.1,8698.187559330961,-1.0,-1.8369701987210297e-16
Quezon,2026-10-01,,,,2026,4,,,,19419.43,3783.61,3329.82,12208.345,10198.014206425183,-2.4492935982947064e-16,1.0
Rizal,2010-01-01,178.9,,,2010,1,11.811666666666667,,,,,,,,1.0,6.123233995736766e-17
Rizal,2010-04-01,729.79,,,2010,2,11.158333333333333,11.811666666666667,178.9,,,,,,1.2246467991473532e-16,-1.0
Rizal,2010-07-01,1214.68,,,2010,3,11.983333333333334,11.158333333333333,729.79,178.9,,,454.34499999999997,389.5380546878571,-1.0,-1.8369701987210297e-16
Rizal,2010-10-01,960.0,,,2010,4,12.996666666666664,11.983333333333334,1214.68,729.79,,,707.79,518.2403420228881,-2.4492935982947064e-16,1.0
Rizal,2011-01-01,189.11,,,2011,1,12.603333333333333,12.996666666666664,960.0,1214.68,178.9,,968.1566666666668,242.54788482551896,1.0,6.123233995736766e-17
Rizal,2011-04-01,768.13,,,2011,2,12.556666666666667,12.603333333333333,189.11,960.0,729.79,,787.93,533.9986141367783,1.2246467991473532e-16,-1.0
Rizal,2011-07-01,1276.38,,,2011,3,11.183333333333332,12.556666666666667,768.13,189.11,1214.68,,639.08,401.32066343511383,-1.0,-1.8369701987210297e-16
Rizal,2011-10-01,1027.45,,,2011,4,10.049999999999999,11.183333333333332,1276.38,768.13,960.0,,744.5400000000001,544.0187306518038,-2.4492935982947064e-16,1.0
Rizal,2012-01-01,195.16,,,2012,1,9.776666666666666,10.049999999999999,1027.45,1276.38,189.11,178.9,1023.9866666666667,254.14269935084343,1.0,6.123233995736766e-17
Rizal,2012-04-01,779.06,,,2012,2,9.696666666666667,9.776666666666666,195.16,1027.45,768.13,729.79,832.9966666666668,566.2316188922456,1.2246467991473532e-16,-1.0
Rizal,2012-07-01,1250.7,,,2012,3,10.903333333333334,9.696666666666667,779.06,195.16,1276.38,1214.68,667.2233333333334,427.2671775754994,-1.0,-1.8369701987210297e-16
Rizal,2012-10-01,1050.91,,,2012,4,10.688333333333333,10.903333333333334,1250.7,779.06,1027.45,960.0,741.64,528.7639976397788,-2.4492935982947064e-16,1.0
Rizal,2013-01-01,206.41,,,2013,1,10.021666666666667,10.688333333333333,1050.91,1250.7,195.16,189.11,1026.89,236.7357022081798,1.0,6.123233995736766e-17
Rizal,2013-04-01,798.8,,,2013,2,9.956666666666665,10.021666666666667,206.41,1050.91,779.06,768.13,836.0066666666668,554.322093221381,1.2246467991473532e-16,-1.0
Rizal,2013-07-01,1319.6,,,2013,3,10.520000000000001,9.956666666666665,798.8,206.41,1250.7,1276.38,685.3733333333334,433.5253960650212,-1.0,-1.8369701987210297e-16
Rizal,2013-10-01,1125.15,,,2013,4,10.605,10.520000000000001,1319.6,798.8,1050.91,1027.45,774.9366666666668,556.9785346252883,-2.4492935982947064e-16,1.0
Rizal,2014-01-01,219.44,,,2014,1,11.063333333333333,10.605,1125.15,1319.6,206.41,195.16,1081.1833333333334,263.16907271435457,1.0,6.123233995736766e-17
Rizal,2014-04-01,775.5,,,2014,2,13.723333333333334,11.063333333333333,219.44,1125.15,798.8,779.06,888.0633333333334,587.1503828094924,1.2246467991473532e-16,-1.0
Rizal,2014-07-01,1275.65,,,2014,3,15.485,13.723333333333334,775.5,219.44,1319.6,1250.7,706.6966666666667,456.75822382671305,-1.0,-1.8369701987210297e-16
Rizal,2014-10-01,1075.97,,,2014,4,17.185,15.485,1275.65,775.5,1125.15,1050.91,756.8633333333333,528.3515733234204,-2.4492935982947064e-16,1.0
Rizal,2015-01-01,214.89,,,2015,1,16.455000000000002,17.185,1075.97,1275.65,219.44,206.41,1042.3733333333334,251.76190663667413,1.0,6.123233995736766e-17
Rizal,2015-04-01,741.4,,,2015,2,15.646666666666667,16.455000000000002,214.89,1075.97,775.5,798.8,855.5033333333334,563.6994835311929,1.2246467991473532e-16,-1.0
Rizal,2015-07-01,1395.1,,,2015,3,13.283333333333333,15.646666666666667,741.4,214.89,1275.65,1319.6,677.4200000000001,434.09074155065815,-1.0,-1.8369701987210297e-16
Rizal,2015-10-01,1063.19,,,2015,4,15.571666666666667,13.283333333333333,1395.1,741.4,1075.97,1125.15,783.7966666666667,591.2461577324063,-2.4492935982947064e-16,1.0
Rizal,2016-01-01,184.65,,,2016,1,14.071666666666665,15.571666666666667,1063.19,1395.1,214.89,219.44,1066.5633333333335,326.86305547328743,1.0,6.123233995736766e-17
Rizal,2016-04-01,742.8,,,2016,2,16.71166666666667,14.071666666666665,184.65,1063.19,741.4,775.5,880.98,625.4579631757838,1.2246467991473532e-16,-1.0
Rizal,2016-07-01,1425.89,,,2016,3,15.085,16.71166666666667,742.8,184.65,1395.1,1275.65,663.5466666666667,444.5997649946902,-1.0,-1.8369701987210297e-16
Rizal,2016-10-01,1178.52,,,2016,4,15.783333333333333,15.085,1425.89,742.8,1063.19,1075.97,784.4466666666667,621.6671279980418,-2.4492935982947064e-16,1.0
Rizal,2017-01-01,205.49,,,2017,1,18.51,15.783333333333333,1178.52,1425.89,184.65,214.89,1115.7366666666667,345.8457708767499,1.0,6.123233995736766e-17
Rizal,2017-04-01,802.68,,,2017,2,17.113333333333333,18.51,205.49,1178.52,742.8,741.4,936.6333333333336,645.1557251031207,1.2246467991473532e-16,-1.0
Rizal,2017-07-01,1527.64,,,2017,3,15.333333333333334,17.113333333333333,802.68,205.49,1425.89,1395.1,728.8966666666666,490.6932141708643,-1.0,-1.8369701987210297e-16
Rizal,2017-10-01,1288.29,,,2017,4,14.958333333333334,15.333333333333334,1527.64,802.68,1178.52,1063.19,845.27,662.1031541232833,-2.4492935982947064e-16,1.0
Rizal,2018-01-01,220.54,,,2018,1,17.335,14.958333333333334,1288.29,1527.64,205.49,184.65,1206.2033333333331,369.3851865374857,1.0,6.123233995736766e-17
Rizal,2018-04-01,813.27,,,2018,2,16.580000000000002,17.335,220.54,1288.29,802.68,742.8,1012.1566666666666,695.9273064288636,1.2246467991473532e-16,-1.0
Rizal,2018-07-01,1562.03,,,2018,3,15.468333333333334,16.580000000000002,813.27,220.54,1527.64,1425.89,774.0333333333333,534.9552809659268,-1.0,-1.8369701987210297e-16
Rizal,2018-10-01,1270.28,,,2018,4,14.343333333333334,15.468333333333334,1562.03,813.27,1288.29,1178.52,865.2800000000001,672.2556322560639,-2.4492935982947064e-16,1.0
Rizal,2019-01-01,215.53,,,2019,1,16.195,14.343333333333334,1270.28,1562.03,220.54,205.49,1215.1933333333334,377.40732641713885,1.0,6.123233995736766e-17
Rizal,2019-04-01,795.13,,,2019,2,15.546666666666667,16.195,215.53,1270.28,813.27,802.68,1015.9466666666667,708.3640630589141,1.2246467991473532e-16,-1.0
Rizal,2019-07-01,1438.55,,,2019,3,15.816666666666665,15.546666666666667,795.13,215.53,1562.03,1527.64,760.3133333333334,528.2362547509721,-1.0,-1.8369701987210297e-16
Rizal,2019-10-01,1358.42,,,2019,4,15.003333333333336,15.816666666666665,1438.55,795.13,1270.28,1288.29,816.4033333333333,611.7874599346849,-2.4492935982947064e-16,1.0
Rizal,2020-01-01,190.86,,,2020,1,15.823333333333332,15.003333333333336,1358.42,1438.55,215.53,220.54,1197.3666666666666,350.6436313885265,1.0,6.123233995736766e-17
Rizal,2020-04-01,729.25,,,2020,2,19.486666666666668,15.823333333333332,190.86,1358.42,795.13,813.27,995.9433333333333,698.3728119230683,1.2246467991473532e-16,-1.0
Rizal,2020-07-01,1419.84,,,2020,3,20.916666666666668,19.486666666666668,729.25,190.86,1438.55,1562.03,759.5099999999999,584.3678970477421,-1.0,-1.8369701987210297e-16
Rizal,2020-10-01,989.29,,,2020,4,21.58,20.916666666666668,1419.84,729.25,1358.42,1270.28,779.9833333333332,616.058733752987,-2.4492935982947064e-16,1.0
Rizal,2021-01-01,168.59,,,2021,1,22.35166666666667,21.58,989.29,1419.84,190.86,215.53,1046.1266666666666,348.78566775791285,1.0,6.123233995736766e-17
Rizal,2021-04-01,686.36,,,2021,2,22.403333333333336,22.35166666666667,168.59,989.29,729.25,795.13,859.2399999999999,635.6818327591251,1.2246467991473532e-16,-1.0
Rizal,2021-07-01,1349.12,,,2021,3,21.338333333333335,22.403333333333336,686.36,168.59,1419.84,1438.55,614.7466666666667,415.0102102760053,-1.0,-1.8369701987210297e-16
Rizal,2021-10-01,1336.83,,,2021,4,22.255,21.338333333333335,1349.12,686.36,989.29,1358.42,734.6899999999999,591.7470844034641,-2.4492935982947064e-16,1.0
Rizal,2022-01-01,226.36,,,2022,1,20.38,22.255,1336.83,1349.12,168.59,190.86,1124.1033333333332,379.1466476620002,1.0,6.123233995736766e-17
Rizal,2022-04-01,832.1,,,2022,2,21.811666666666667,20.38,226.36,1336.83,686.36,729.25,970.77,644.7072569003702,1.2246467991473532e-16,-1.0
Rizal,2022-07-01,1402.88,,,2022,3,20.026666666666667,21.811666666666667,832.1,226.36,1349.12,1419.84,798.43,556.0001410971049,-1.0,-1.8369701987210297e-16
Rizal,2022-10-01,1248.71,,,2022,4,19.813333333333333,20.026666666666667,1402.88,832.1,1336.83,989.29,820.4466666666667,588.3465626085818,-2.4492935982947064e-16,1.0
Rizal,2023-01-01,224.53,,,2023,1,20.341666666666665,19.813333333333333,1248.71,1402.88,226.36,168.59,1161.23,295.2744738374783,1.0,6.123233995736766e-17
Rizal,2023-04-01,968.93,,,2023,2,20.153333333333332,20.341666666666665,224.53,1248.71,832.1,686.36,958.7066666666668,640.4714128150714,1.2246467991473532e-16,-1.0
Rizal,2023-07-01,1342.15,,,2023,3,20.084999999999997,20.153333333333332,968.93,224.53,1402.88,1349.12,814.0566666666667,529.3632780362971,-1.0,-1.8369701987210297e-16
Rizal,2023-10-01,1183.77,,,2023,4,19.08666666666667,20.084999999999997,1342.15,968.93,1248.71,1336.83,845.2033333333334,568.9901863242757,-2.4492935982947064e-16,1.0
Rizal,2024-01-01,221.83,,,2024,1,20.713333333333335,19.08666666666667,1183.77,1342.15,224.53,226.36,1164.95,187.3204110608337,1.0,6.123233995736766e-17
Rizal,2024-04-01,929.86,,,2024,2,27.0,20.713333333333335,221.83,1183.77,968.93,832.1,915.9166666666666,606.2905918232062,1.2246467991473532e-16,-1.0
Rizal,2024-07-01,1258.75,,,2024,3,24.961666666666662,27.0,929.86,221.83,1342.15,1402.88,778.4866666666667,498.51535125142743,-1.0,-1.8369701987210297e-16
Rizal,2024-10-01,1084.75,,,2024,4,21.241666666666664,24.961666666666662,1258.75,929.86,1183.77,1248.71,803.48,529.8864971859546,-2.4492935982947064e-16,1.0
Rizal,2025-01-01,207.89,1431.8,0.14519485961726497,2025,1,24.16333333333333,21.241666666666664,1084.75,1258.75,221.83,224.53,1091.1200000000001,164.53750545088423,1.0,6.123233995736766e-17
Rizal,2025-04-01,908.04,1431.8,0.6341947199329515,2025,2,19.62,24.16333333333333,207.89,1084.75,929.86,968.93,850.4633333333333,563.2444997808092,1.2246467991473532e-16,-1.0
Rizal,2025-07-01,1180.57,1243.32,0.9495302898690603,2025,3,22.886666666666667,19.62,908.04,207.89,1258.75,1342.15,733.56,463.738415165275,-1.0,-1.8369701987210297e-16
Rizal,2025-10-01,962.42,1243.32,0.7740726442106618,2025,4,22.223333333333333,22.886666666666667,1180.57,908.04,1084.75,1183.77,765.5,501.76173060527526,-2.4492935982947064e-16,1.0
Rizal,2026-01-01,231.09,1236.88,0.18683299915917467,2026,1,24.143333333333334,22.223333333333333,962.42,1180.57,207.89,221.83,1017.0100000000001,144.2331491024168,1.0,6.123233995736766e-17
Rizal,2026-04-01,791.53,1236.88,0.6399408188344867,2026,2,20.0,24.143333333333334,231.09,962.42,908.04,929.86,791.36,497.3170118747203,1.2246467991473532e-16,-1.0
Rizal,2026-07-01,,,,2026,3,,20.0,791.53,231.09,1180.57,1258.75,661.68,382.5658885734602,-1.0,-1.8369701987210297e-16
Rizal,2026-10-01,,,,2026,4,,,,791.53,962.42,1084.75,511.31,396.2909244481929,-2.4492935982947064e-16,1.0
