commodity,province,date,estimated_demand_pressure_index,confidence,observed_demand
rice,Batangas,2026-01-01,99.94687204108087,moderate_proxy,False
rice,Cavite,2026-01-01,107.01653302296745,moderate_proxy,False
rice,Laguna,2026-01-01,113.25690183922362,moderate_proxy,False
rice,Quezon,2026-01-01,112.00541838120557,moderate_proxy,False
rice,Rizal,2026-01-01,117.75186362782748,moderate_proxy,False
rice,Batangas,2026-04-01,93.3425890081286,moderate_proxy,False
rice,Cavite,2026-04-01,99.94510138278108,moderate_proxy,False
rice,Laguna,2026-04-01,105.77311950660511,moderate_proxy,False
rice,Quezon,2026-04-01,104.6043314926667,moderate_proxy,False
rice,Rizal,2026-04-01,109.97106349697268,moderate_proxy,False
rice,Batangas,2026-07-01,84.87922735301923,moderate_proxy,False
rice,Cavite,2026-07-01,90.88309070097553,moderate_proxy,False
rice,Laguna,2026-07-01,96.18268310146591,moderate_proxy,False
rice,Quezon,2026-07-01,95.1198689603891,moderate_proxy,False
rice,Rizal,2026-07-01,100.0,moderate_proxy,False
tomato,Batangas,2026-01-01,100.0,low_to_moderate_shared_veg_proxy,False
tomato,Cavite,2026-01-01,110.1662899792361,low_to_moderate_shared_veg_proxy,False
tomato,Laguna,2026-01-01,108.0912046842354,low_to_moderate_shared_veg_proxy,False
tomato,Quezon,2026-01-01,82.89237424067414,low_to_moderate_shared_veg_proxy,False
tomato,Rizal,2026-01-01,122.67845552240067,low_to_moderate_shared_veg_proxy,False
tomato,Batangas,2026-04-01,107.30352699710693,low_to_moderate_shared_veg_proxy,False
tomato,Cavite,2026-04-01,118.2123147095807,low_to_moderate_shared_veg_proxy,False
tomato,Laguna,2026-04-01,115.98567499984662,low_to_moderate_shared_veg_proxy,False
tomato,Quezon,2026-04-01,88.94644117188469,low_to_moderate_shared_veg_proxy,False
tomato,Rizal,2026-04-01,131.638309641113,low_to_moderate_shared_veg_proxy,False
tomato,Batangas,2026-07-01,51.77526862814885,low_to_moderate_shared_veg_proxy,False
tomato,Cavite,2026-07-01,57.03889257441491,low_to_moderate_shared_veg_proxy,False
tomato,Laguna,2026-07-01,55.96451158866509,low_to_moderate_shared_veg_proxy,False
tomato,Quezon,2026-07-01,42.917749435359504,low_to_moderate_shared_veg_proxy,False
tomato,Rizal,2026-07-01,63.51709989558706,low_to_moderate_shared_veg_proxy,False
red_onion,Batangas,2026-01-01,120.63835897576618,low_to_moderate_shared_veg_proxy,False
red_onion,Cavite,2026-01-01,132.90280437543436,low_to_moderate_shared_veg_proxy,False
red_onion,Laguna,2026-01-01,130.39945552819808,low_to_moderate_shared_veg_proxy,False
red_onion,Quezon,2026-01-01,100.0,low_to_moderate_shared_veg_proxy,False
red_onion,Rizal,2026-01-01,147.99727555903937,low_to_moderate_shared_veg_proxy,False
red_onion,Batangas,2026-04-01,98.04132731892923,low_to_moderate_shared_veg_proxy,False
red_onion,Cavite,2026-04-01,108.00849295366359,low_to_moderate_shared_veg_proxy,False
red_onion,Laguna,2026-04-01,105.97405178744499,low_to_moderate_shared_veg_proxy,False
red_onion,Quezon,2026-04-01,81.26878395173111,low_to_moderate_shared_veg_proxy,False
red_onion,Rizal,2026-04-01,120.27558612852383,low_to_moderate_shared_veg_proxy,False
red_onion,Batangas,2026-07-01,0.0,low_to_moderate_shared_veg_proxy,False
red_onion,Cavite,2026-07-01,0.0,low_to_moderate_shared_veg_proxy,False
red_onion,Laguna,2026-07-01,0.0,low_to_moderate_shared_veg_proxy,False
red_onion,Quezon,2026-07-01,0.0,low_to_moderate_shared_veg_proxy,False
red_onion,Rizal,2026-07-01,0.0,low_to_moderate_shared_veg_proxy,False
banana,Batangas,2026-01-01,65.89253421996781,moderate_proxy,False
banana,Cavite,2026-01-01,73.17597432019924,moderate_proxy,False
banana,Laguna,2026-01-01,70.94652532661102,moderate_proxy,False
banana,Quezon,2026-01-01,48.482974732870915,moderate_proxy,False
banana,Rizal,2026-01-01,76.04896704406849,moderate_proxy,False
banana,Batangas,2026-04-01,100.0,moderate_proxy,False
banana,Cavite,2026-04-01,111.05351340095262,moderate_proxy,False
banana,Laguna,2026-04-01,107.67005119240301,moderate_proxy,False
banana,Quezon,2026-04-01,73.57885882947089,moderate_proxy,False
banana,Rizal,2026-04-01,115.41363212742075,moderate_proxy,False
banana,Batangas,2026-07-01,100.8299254423606,moderate_proxy,False
banana,Cavite,2026-07-01,111.97517476330248,moderate_proxy,False
banana,Laguna,2026-07-01,108.56363234105144,moderate_proxy,False
banana,Quezon,2026-07-01,74.18950849909525,moderate_proxy,False
banana,Rizal,2026-07-01,116.3714792243987,moderate_proxy,False
