date,employment_share_proxy,mean_household_size,rows,source_file,economic_activity_index,quarter
2021-01-01,0.3710180000489825,5.4148845365306135,9615,LFS PUF January 2021.csv,88.42473031402146,2021-01-01
2021-02-01,0.38668325086550875,5.351719081959066,2393,LFS PUF February 2021.csv,92.15822997864679,2021-01-01
2021-03-01,0.41621839692403767,5.410957452156751,2405,LFS PUF March 2021.csv,99.19734216367787,2021-01-01
2021-04-01,0.3911418939813313,5.3568402850404455,9508,LFS PUF April 2021.csv,93.22085851696845,2021-04-01
2021-05-01,0.42781951670799834,5.184582686646243,2325,LFS PUF May 2021.csv,101.9622373658027,2021-04-01
2021-06-01,0.42067210036736025,5.354161958443006,2390,LFS PUF June 2021.csv,100.25879342971464,2021-04-01
2021-07-01,0.3897813099865474,5.280849386971421,37687,LFS PUF July 2021.csv,92.89659049549118,2021-07-01
2021-08-01,0.3917013833727151,5.444893928397961,2513,LFS PUF August 2021 - HHMEM.CSV,93.35420163924321,2021-07-01
2021-09-01,0.3935644219150167,5.598505953597939,2476,LFS PUF September 2021 - HHMEM.CSV,93.7982196670637,2021-07-01
2021-10-01,0.39940001365145156,5.413705593844926,9434,LFS PUF October 2021 - HHMEM.CSV,95.18901640859337,2021-10-01
2021-11-01,0.41315274393041806,5.414054398686792,2416,LFS PUF November 2021 - HHMEM.CSV,98.46670500008635,2021-10-01
2021-12-01,0.42589367361889086,5.507240457643812,2312,LFS PUF December 2021 - HHMEM.CSV,101.50325112858786,2021-10-01
2022-02-01,0.4092481376157778,5.316079221075672,2346,LFS PUF February 2022.csv,97.53612006806442,2022-01-01
2022-03-01,0.4221660048915097,5.133606933695563,2325,LFS PUF March 2022.csv,100.6148357366792,2022-01-01
2022-04-01,0.42285461219943754,5.360843680671323,9394,LFS PUF April 2022.csv,100.77895153561009,2022-04-01
2022-05-01,0.42178549409957794,5.500795138786499,2444,LFS PUF May 2022.csv,100.52414858901062,2022-04-01
2022-06-01,0.4029263060964494,5.204596528013389,2366,LFS PUF June 2022.csv,96.0294377854973,2022-04-01
2022-07-01,0.42587115956065863,5.266160454760658,9220,LFS PUF July 2022.CSV,101.49788535246059,2022-07-01
2022-08-01,0.4257176601088213,5.153070218038347,2254,LFS PUF August 2022.CSV,101.46130182381702,2022-07-01
2022-09-01,0.4349873242380531,5.316133612321563,2320,LFS PUF September 2022.CSV,103.67054113463392,2022-07-01
2022-10-01,0.428497684590011,5.263800830810012,9123,LFS PUF October 2022.CSV,102.12386513606366,2022-10-01
2022-11-01,0.45751712532018685,5.840821596438444,2455,LFS PUF November 2022.CSV,109.04006925578496,2022-10-01
2022-12-01,0.42390711437494094,5.364139683675177,2335,LFS PUF December 2022.CSV,101.02979440849369,2022-10-01
2023-01-01,0.4221661105228453,5.3307151982303775,9169,LFS PUF January 2023.CSV,100.61486091179836,2023-01-01
2023-02-01,0.4207606714448393,5.627379051538193,2446,LFS PUF February 2023.CSV,100.27990257708397,2023-01-01
2023-03-01,0.4128495753492053,5.351059365379937,2330,LFS PUF March 2023.CSV,98.39445082365856,2023-01-01
2023-04-01,0.4246136450328309,5.394344234346252,9189,LFS PUF April 2023.CSV,101.19818187992165,2023-04-01
2023-05-01,0.4122141618982487,5.282025390838082,2324,LFS PUF May 2023.CSV,98.24301271814531,2023-04-01
2023-06-01,0.430464326845035,5.343077555808074,2317,LFS PUF June 2023.CSV,102.59257503963086,2023-04-01
2023-07-01,0.4031431976014724,5.223362657271113,36008,LFS PUF July 2023.CSV,96.0811295439471,2023-07-01
2023-08-01,0.4269753377725996,5.053333982696235,2223,LFS PUF August 2023.CSV,101.76104417655161,2023-07-01
2023-09-01,0.41615332884784617,4.997555792393464,2183,LFS PUF September 2023.CSV,99.18183448726182,2023-07-01
2023-10-01,0.41364226950621524,4.9347313734309886,8613,LFS PUF October 2023.CSV,98.58337364423829,2023-10-01
2023-11-01,0.4332199141178182,4.999670515052578,2258,LFS PUF November 2023.CSV,103.24931423131547,2023-10-01
2023-12-01,0.4384682667552856,4.912417871942236,2235,lfs2023.CSV,104.50015426198694,2023-10-01
2024-01-01,0.4083426253152955,5.131661277051243,34768,LFS PUF January 2024.CSV,97.32030929619998,2024-01-01
2024-04-01,0.43192519994897904,5.135381161824144,8938,LFS PUF April 2024.CSV,102.9407449672953,2024-04-01
2024-07-01,0.4185003771316192,5.018651006138573,8732,LFS PUF July 2024.CSV,99.74120657028533,2024-07-01
2024-10-01,0.41137888838454884,4.986749338104441,8841,LFS PUF October 2024.CSV,98.04394195829643,2024-10-01
2025-01-01,0.41080050824774056,4.884724340649501,8884,LFS PUF January 2025.CSV,97.90609660413705,2025-01-01
2025-04-01,0.42324413476509387,4.874583383812235,8701,LFS PUF April 2025.CSV,100.87178645956214,2025-04-01
2025-10-01,0.41731339220366503,4.8172233902951715,8552,LFS PUF October 2025.CSV,99.45831241925413,2025-10-01
