commodity,province,date,fies_base_index,economic_activity_index,supply_season_index,affordability_season_index,demand_pressure_index
rice,Batangas,2021-01-01,89.23396161149635,93.26010081878205,110.39986619356534,98.78048780487805,91.52960004160377
rice,Batangas,2021-04-01,89.23396161149635,98.4806297708286,89.60013380643467,99.14320685434517,87.04767567094972
rice,Batangas,2021-07-01,89.23396161149635,93.34967060059937,66.21659916609919,100.87173100871732,77.75579122953157
rice,Batangas,2021-10-01,89.23396161149635,98.38632417908919,264.8411645938616,107.60544669545,128.34172124843244
rice,Batangas,2022-01-01,89.23396161149635,99.0754779023718,110.39986619356534,98.78048780487805,93.39386094635552
rice,Batangas,2022-04-01,89.23396161149635,99.11084597003934,89.60013380643467,99.14320685434517,87.23296506438297
rice,Batangas,2022-07-01,89.23396161149635,102.20990943697052,66.21659916609919,100.87173100871732,80.14187203867426
rice,Batangas,2022-10-01,89.23396161149635,104.06457626678076,264.8411645938616,107.60544669545,130.76471989462053
rice,Batangas,2023-01-01,89.23396161149635,99.76307143751363,110.39986619356534,98.78048780487805,93.60941723753528
rice,Batangas,2023-04-01,89.23396161149635,100.67792321256593,89.60013380643467,99.14320685434517,87.69032026314791
rice,Batangas,2023-07-01,89.23396161149635,99.00800273592017,66.21659916609919,100.87173100871732,79.29611587505948
rice,Batangas,2023-10-01,89.23396161149635,102.11094737918023,264.8411645938616,107.60544669545,129.94125281374545
rice,Batangas,2024-01-01,89.23396161149635,97.32030929619998,110.39986619356534,98.78048780487805,92.8390664201008
rice,Batangas,2024-04-01,89.23396161149635,102.9407449672953,89.60013380643467,99.14320685434517,88.34243027172714
rice,Batangas,2024-07-01,89.23396161149635,99.74120657028533,66.21659916609919,100.87173100871732,79.49137714361726
rice,Batangas,2024-10-01,89.23396161149635,98.04394195829643,264.8411645938616,107.60544669545,128.19267277382932
rice,Batangas,2025-01-01,89.23396161149635,97.90609660413705,110.39986619356534,98.78048780487805,93.02496524988754
rice,Batangas,2025-04-01,89.23396161149635,100.87178645956214,89.60013380643467,99.14320685434517,87.74656904065293
rice,Batangas,2025-10-01,89.23396161149635,99.45831241925413,264.8411645938616,107.60544669545,128.80616296143992
rice,Cavite,2021-01-01,95.54585355749607,93.26010081878205,110.39986619356534,98.78048780487805,98.00387211122737
rice,Cavite,2021-04-01,95.54585355749607,98.4806297708286,89.60013380643467,99.14320685434517,93.20492245303896
rice,Cavite,2021-07-01,95.54585355749607,93.34967060059937,66.21659916609919,100.87173100871732,83.25578409719425
rice,Cavite,2021-10-01,95.54585355749607,98.38632417908919,264.8411645938616,107.60544669545,137.41986887355543
rice,Cavite,2022-01-01,95.54585355749607,99.0754779023718,110.39986619356534,98.78048780487805,100.0
rice,Cavite,2022-04-01,95.54585355749607,99.11084597003934,89.60013380643467,99.14320685434517,93.4033181415304
rice,Cavite,2022-07-01,95.54585355749607,102.20990943697052,66.21659916609919,100.87173100871732,85.81064239833381
rice,Cavite,2022-10-01,95.54585355749607,104.06457626678076,264.8411645938616,107.60544669545,140.01425636502003
rice,Cavite,2023-01-01,95.54585355749607,99.76307143751363,110.39986619356534,98.78048780487805,100.23080349071722
rice,Cavite,2023-04-01,95.54585355749607,100.67792321256593,89.60013380643467,99.14320685434517,93.89302398957072
rice,Cavite,2023-07-01,95.54585355749607,99.00800273592017,66.21659916609919,100.87173100871732,84.90506235801341
rice,Cavite,2023-10-01,95.54585355749607,102.11094737918023,264.8411645938616,107.60544669545,139.1325420076405
rice,Cavite,2024-01-01,95.54585355749607,97.32030929619998,110.39986619356534,98.78048780487805,99.40596253261938
rice,Cavite,2024-04-01,95.54585355749607,102.9407449672953,89.60013380643467,99.14320685434517,94.59126047103902
rice,Cavite,2024-07-01,95.54585355749607,99.74120657028533,66.21659916609919,100.87173100871732,85.11413527413359
rice,Cavite,2024-10-01,95.54585355749607,98.04394195829643,264.8411645938616,107.60544669545,137.26027757591248
rice,Cavite,2025-01-01,95.54585355749607,97.90609660413705,110.39986619356534,98.78048780487805,99.60501076545079
rice,Cavite,2025-04-01,95.54585355749607,100.87178645956214,89.60013380643467,99.14320685434517,93.95325147876012
rice,Cavite,2025-10-01,95.54585355749607,99.45831241925413,264.8411645938616,107.60544669545,137.91716249467922
rice,Laguna,2021-01-01,101.11734188944206,93.26010081878205,110.39986619356534,98.78048780487805,103.71869289750721
rice,Laguna,2021-04-01,101.11734188944206,98.4806297708286,89.60013380643467,99.14320685434517,98.63990595668778
rice,Laguna,2021-07-01,101.11734188944206,93.34967060059937,66.21659916609919,100.87173100871732,88.11061151663218
rice,Laguna,2021-10-01,101.11734188944206,98.38632417908919,264.8411645938616,107.60544669545,145.4331229028978
rice,Laguna,2022-01-01,101.11734188944206,99.0754779023718,110.39986619356534,98.78048780487805,105.83121938263211
rice,Laguna,2022-04-01,101.11734188944206,99.11084597003934,89.60013380643467,99.14320685434517,98.84987053302086
rice,Laguna,2022-07-01,101.11734188944206,102.20990943697052,66.21659916609919,100.87173100871732,90.81444921022657
rice,Laguna,2022-10-01,101.11734188944206,104.06457626678076,264.8411645938616,107.60544669545,148.17879482062526
rice,Laguna,2023-01-01,101.11734188944206,99.76307143751363,110.39986619356534,98.78048780487805,106.07548153123581
rice,Laguna,2023-04-01,101.11734188944206,100.67792321256593,89.60013380643467,99.14320685434517,99.36813220338998
rice,Laguna,2023-07-01,101.11734188944206,99.00800273592017,66.21659916609919,100.87173100871732,89.85606281106976
rice,Laguna,2023-10-01,101.11734188944206,102.11094737918023,264.8411645938616,107.60544669545,147.24566576473876
rice,Laguna,2024-01-01,101.11734188944206,97.32030929619998,110.39986619356534,98.78048780487805,105.20254228731349
rice,Laguna,2024-04-01,101.11734188944206,102.9407449672953,89.60013380643467,99.14320685434517,100.10708438590225
rice,Laguna,2024-07-01,101.11734188944206,99.74120657028533,66.21659916609919,100.87173100871732,90.07732722759856
rice,Laguna,2024-10-01,101.11734188944206,98.04394195829643,264.8411645938616,107.60544669545,145.2642254865737
rice,Laguna,2025-01-01,101.11734188944206,97.90609660413705,110.39986619356534,98.78048780487805,105.41319745927854
rice,Laguna,2025-04-01,101.11734188944206,100.87178645956214,89.60013380643467,99.14320685434517,99.43187168960266
rice,Laguna,2025-10-01,101.11734188944206,99.45831241925413,264.8411645938616,107.60544669545,145.95941480604517
rice,Quezon,2021-01-01,100.0,93.26010081878205,110.39986619356534,98.78048780487805,102.57260620132733
rice,Quezon,2021-04-01,100.0,98.4806297708286,89.60013380643467,99.14320685434517,97.54993961820811
rice,Quezon,2021-07-01,100.0,93.34967060059937,66.21659916609919,100.87173100871732,87.13699338830429
rice,Quezon,2021-10-01,100.0,98.38632417908919,264.8411645938616,107.60544669545,143.82609370992856
rice,Quezon,2022-01-01,100.0,99.0754779023718,110.39986619356534,98.78048780487805,104.66178936778621
rice,Quezon,2022-04-01,100.0,99.11084597003934,89.60013380643467,99.14320685434517,97.7575840958118
rice,Quezon,2022-07-01,100.0,102.20990943697052,66.21659916609919,100.87173100871732,89.81095380208836
rice,Quezon,2022-10-01,100.0,104.06457626678076,264.8411645938616,107.60544669545,146.54142608162942
rice,Quezon,2023-01-01,100.0,99.76307143751363,110.39986619356534,98.78048780487805,104.90335243109415
rice,Quezon,2023-04-01,100.0,100.67792321256593,89.60013380643467,99.14320685434517,98.2701189990095
rice,Quezon,2023-07-01,100.0,99.00800273592017,66.21659916609919,100.87173100871732,88.86315752773153
rice,Quezon,2023-10-01,100.0,102.11094737918023,264.8411645938616,107.60544669545,145.61860805808337
rice,Quezon,2024-01-01,100.0,97.32030929619998,110.39986619356534,98.78048780487805,104.04005912491057
rice,Quezon,2024-04-01,100.0,102.9407449672953,89.60013380643467,99.14320685434517,99.00090579453287
rice,Quezon,2024-07-01,100.0,99.74120657028533,66.21659916609919,100.87173100871732,89.08197698282632
rice,Quezon,2024-10-01,100.0,98.04394195829643,264.8411645938616,107.60544669545,143.65906260214018
rice,Quezon,2025-01-01,100.0,97.90609660413705,110.39986619356534,98.78048780487805,104.24838656709687
rice,Quezon,2025-04-01,100.0,100.87178645956214,89.60013380643467,99.14320685434517,98.33315416688639
rice,Quezon,2025-10-01,100.0,99.45831241925413,264.8411645938616,107.60544669545,144.3465701122086
rice,Rizal,2021-01-01,105.13050647877064,93.26010081878205,110.39986619356534,98.78048780487805,107.83510040793034
rice,Rizal,2021-04-01,105.13050647877064,98.4806297708286,89.60013380643467,99.14320685434517,102.55474559035713
rice,Rizal,2021-07-01,105.13050647877064,93.34967060059937,66.21659916609919,100.87173100871732,91.60756247949719
rice,Rizal,2021-10-01,105.13050647877064,98.38632417908919,264.8411645938616,107.60544669545,151.2051007658792
rice,Rizal,2022-01-01,105.13050647877064,99.0754779023718,110.39986619356534,98.78048780487805,110.03146925209776
rice,Rizal,2022-04-01,105.13050647877064,99.11084597003934,89.60013380643467,99.14320685434517,102.77304328133707
rice,Rizal,2022-07-01,105.13050647877064,102.20990943697052,66.21659916609919,100.87173100871732,94.41871060555023
rice,Rizal,2022-10-01,105.13050647877064,104.06457626678076,264.8411645938616,107.60544669545,154.05974344083035
rice,Rizal,2023-01-01,105.13050647877064,99.76307143751363,110.39986619356534,98.78048780487805,110.28542572401905
rice,Rizal,2023-04-01,105.13050647877064,100.67792321256593,89.60013380643467,99.14320685434517,103.31187382094929
rice,Rizal,2023-07-01,105.13050647877064,99.00800273592017,66.21659916609919,100.87173100871732,93.42228758193195
rice,Rizal,2023-10-01,105.13050647877064,102.11094737918023,264.8411645938616,107.60544669545,153.08958017879897
rice,Rizal,2024-01-01,105.13050647877064,97.32030929619998,110.39986619356534,98.78048780487805,109.37784109883091
rice,Rizal,2024-04-01,105.13050647877064,102.9407449672953,89.60013380643467,99.14320685434517,104.08015368036301
rice,Rizal,2024-07-01,105.13050647877064,99.74120657028533,66.21659916609919,100.87173100871732,93.65233358334719
rice,Rizal,2024-10-01,105.13050647877064,98.04394195829643,264.8411645938616,107.60544669545,151.02950011628417
rice,Rizal,2025-01-01,105.13050647877064,97.90609660413705,110.39986619356534,98.78048780487805,109.59685679393564
rice,Rizal,2025-04-01,105.13050647877064,100.87178645956214,89.60013380643467,99.14320685434517,103.37814301219801
rice,Rizal,2025-10-01,105.13050647877064,99.45831241925413,264.8411645938616,107.60544669545,151.75228024369866
tomato,Batangas,2021-01-01,92.51446525379002,93.26010081878205,161.44355743220956,132.40238611713667,118.69911176065338
tomato,Batangas,2021-04-01,92.51446525379002,98.4806297708286,213.52510391238374,123.68287740628165,129.70193196346727
tomato,Batangas,2021-07-01,92.51446525379002,93.34967060059937,38.55644256779046,76.94610778443113,61.47645265383663
tomato,Batangas,2021-10-01,92.51446525379002,98.38632417908919,35.297222405489215,83.92918528704021,62.53254293766511
tomato,Batangas,2022-01-01,92.51446525379002,99.0754779023718,161.44355743220956,132.40238611713667,121.11675712765553
tomato,Batangas,2022-04-01,92.51446525379002,99.11084597003934,213.52510391238374,123.68287740628165,129.9780150652319
tomato,Batangas,2022-07-01,92.51446525379002,102.20990943697052,38.55644256779046,76.94610778443113,63.36297173584911
tomato,Batangas,2022-10-01,92.51446525379002,104.06457626678076,35.297222405489215,83.92918528704021,63.71311201065869
tomato,Batangas,2023-01-01,92.51446525379002,99.76307143751363,161.44355743220956,132.40238611713667,121.39629883094965
tomato,Batangas,2023-04-01,92.51446525379002,100.67792321256593,213.52510391238374,123.68287740628165,130.6594790149137
tomato,Batangas,2023-07-01,92.51446525379002,99.00800273592017,38.55644256779046,76.94610778443113,62.69428728255006
tomato,Batangas,2023-10-01,92.51446525379002,102.11094737918023,35.297222405489215,83.92918528704021,63.311890256020554
tomato,Batangas,2024-01-01,92.51446525379002,97.32030929619998,161.44355743220956,132.40238611713667,120.39727821104084
tomato,Batangas,2024-04-01,92.51446525379002,102.9407449672953,213.52510391238374,123.68287740628165,131.6311296341119
tomato,Batangas,2024-07-01,92.51446525379002,99.74120657028533,38.55644256779046,76.94610778443113,62.848667682283676
tomato,Batangas,2024-10-01,92.51446525379002,98.04394195829643,35.297222405489215,83.92918528704021,62.45992134550279
tomato,Batangas,2025-01-01,92.51446525379002,97.90609660413705,161.44355743220956,132.40238611713667,120.63835897576615
tomato,Batangas,2025-04-01,92.51446525379002,100.87178645956214,213.52510391238374,123.68287740628165,130.74329027186863
tomato,Batangas,2025-10-01,92.51446525379002,99.45831241925413,35.297222405489215,83.92918528704021,62.7588350668198
tomato,Cavite,2021-01-01,101.91975406422993,93.26010081878205,161.44355743220956,132.40238611713667,130.76640766501893
tomato,Cavite,2021-04-01,101.91975406422993,98.4806297708286,213.52510391238374,123.68287740628165,142.8878064755449
tomato,Cavite,2021-07-01,101.91975406422993,93.34967060059937,38.55644256779046,76.94610778443113,67.72632709957345
tomato,Cavite,2021-10-01,101.91975406422993,98.38632417908919,35.297222405489215,83.92918528704021,68.88978258409847
tomato,Cavite,2022-01-01,101.91975406422993,99.0754779023718,161.44355743220956,132.40238611713667,133.42983787070008
tomato,Cavite,2022-04-01,101.91975406422993,99.11084597003934,213.52510391238374,123.68287740628165,143.1919569860185
tomato,Cavite,2022-07-01,101.91975406422993,102.20990943697052,38.55644256779046,76.94610778443113,69.80463518197692
tomato,Cavite,2022-10-01,101.91975406422993,104.06457626678076,35.297222405489215,83.92918528704021,70.19037173245775
tomato,Cavite,2023-01-01,101.91975406422993,99.76307143751363,161.44355743220956,132.40238611713667,133.737798594164
tomato,Cavite,2023-04-01,101.91975406422993,100.67792321256593,213.52510391238374,123.68287740628165,143.94270053692898
tomato,Cavite,2023-07-01,101.91975406422993,99.00800273592017,38.55644256779046,76.94610778443113,69.06797032810942
tomato,Cavite,2023-10-01,101.91975406422993,102.11094737918023,35.297222405489215,83.92918528704021,69.74836061078332
tomato,Cavite,2024-01-01,101.91975406422993,97.32030929619998,161.44355743220956,132.40238611713667,132.63721464108292
tomato,Cavite,2024-04-01,101.91975406422993,102.9407449672953,213.52510391238374,123.68287740628165,145.01313197565986
tomato,Cavite,2024-07-01,101.91975406422993,99.74120657028533,38.55644256779046,76.94610778443113,69.23804548695108
tomato,Cavite,2024-10-01,101.91975406422993,98.04394195829643,35.297222405489215,83.92918528704021,68.8097780702894
tomato,Cavite,2025-01-01,101.91975406422993,97.90609660413705,161.44355743220956,132.40238611713667,132.90280437543436
tomato,Cavite,2025-04-01,101.91975406422993,100.87178645956214,213.52510391238374,123.68287740628165,144.03503228930114
tomato,Cavite,2025-10-01,101.91975406422993,99.45831241925413,35.297222405489215,83.92918528704021,69.1390802273032
tomato,Laguna,2021-01-01,100.0,93.26010081878205,161.44355743220956,132.40238611713667,128.30329985157715
tomato,Laguna,2021-04-01,100.0,98.4806297708286,213.52510391238374,123.68287740628165,140.19638075803914
tomato,Laguna,2021-07-01,100.0,93.34967060059937,38.55644256779046,76.94610778443113,66.4506382706656
tomato,Laguna,2021-10-01,100.0,98.38632417908919,35.297222405489215,83.92918528704021,67.59217898100897
tomato,Laguna,2022-01-01,100.0,99.0754779023718,161.44355743220956,132.40238611713667,130.9165618537624
tomato,Laguna,2022-04-01,100.0,99.11084597003934,213.52510391238374,123.68287740628165,140.4948023086661
tomato,Laguna,2022-07-01,100.0,102.20990943697052,38.55644256779046,76.94610778443113,68.48979947301088
tomato,Laguna,2022-10-01,100.0,104.06457626678076,35.297222405489215,83.92918528704021,68.86827031413723
tomato,Laguna,2023-01-01,100.0,99.76307143751363,161.44355743220956,132.40238611713667,131.21872184844784
tomato,Laguna,2023-04-01,100.0,100.67792321256593,213.52510391238374,123.68287740628165,141.23140490136598
tomato,Laguna,2023-07-01,100.0,99.00800273592017,38.55644256779046,76.94610778443113,67.76701039190374
tomato,Laguna,2023-10-01,100.0,102.11094737918023,35.297222405489215,83.92918528704021,68.43458488609365
tomato,Laguna,2024-01-01,100.0,97.32030929619998,161.44355743220956,132.40238611713667,130.1388684253445
tomato,Laguna,2024-04-01,100.0,102.9407449672953,213.52510391238374,123.68287740628165,142.28167376097912
tomato,Laguna,2024-07-01,100.0,99.74120657028533,38.55644256779046,76.94610778443113,67.93388202577215
tomato,Laguna,2024-10-01,100.0,98.04394195829643,35.297222405489215,83.92918528704021,67.51368142717986
tomato,Laguna,2025-01-01,100.0,97.90609660413705,161.44355743220956,132.40238611713667,130.39945552819808
tomato,Laguna,2025-04-01,100.0,100.87178645956214,213.52510391238374,123.68287740628165,141.3219974986695
tomato,Laguna,2025-10-01,100.0,99.45831241925413,35.297222405489215,83.92918528704021,67.83678086951787
tomato,Quezon,2021-01-01,76.68743676493007,93.26010081878205,161.44355743220956,132.40238611713667,98.39251194099685
tomato,Quezon,2021-04-01,76.68743676493007,98.4806297708286,213.52510391238374,123.68287740628165,107.51301084054188
tomato,Quezon,2021-07-01,76.68743676493007,93.34967060059937,38.55644256779046,76.94610778443113,50.959291203709114
tomato,Quezon,2021-10-01,76.68743676493007,98.38632417908919,35.297222405489215,83.92918528704021,51.83470951409961
tomato,Quezon,2022-01-01,76.68743676493007,99.0754779023718,161.44355743220956,132.40238611713667,100.39655558642457
tomato,Quezon,2022-04-01,76.68743676493007,99.11084597003934,213.52510391238374,123.68287740628165,107.74186267847183
tomato,Quezon,2022-07-01,76.68743676493007,102.20990943697052,38.55644256779046,76.94610778443113,52.52307166129262
tomato,Quezon,2022-10-01,76.68743676493007,104.06457626678076,35.297222405489215,83.92918528704021,52.813311248255104
tomato,Quezon,2023-01-01,76.68743676493007,99.76307143751363,161.44355743220956,132.40238611713667,100.6282743412779
tomato,Quezon,2023-04-01,76.68743676493007,100.67792321256593,213.52510391238374,123.68287740628165,108.30674432595737
tomato,Quezon,2023-07-01,76.68743676493007,99.00800273592017,38.55644256779046,76.94610778443113,51.968783241774766
tomato,Quezon,2023-10-01,76.68743676493007,102.11094737918023,35.297222405489215,83.92918528704021,52.480729009865456
tomato,Quezon,2024-01-01,76.68743676493007,97.32030929619998,161.44355743220956,132.40238611713667,99.80016243028162
tomato,Quezon,2024-04-01,76.68743676493007,102.9407449672953,213.52510391238374,123.68287740628165,109.11216859353496
tomato,Quezon,2024-07-01,76.68743676493007,99.74120657028533,38.55644256779046,76.94610778443113,52.09675282047621
tomato,Quezon,2024-10-01,76.68743676493007,98.04394195829643,35.297222405489215,83.92918528704021,51.77451175214488
tomato,Quezon,2025-01-01,76.68743676493007,97.90609660413705,161.44355743220956,132.40238611713667,100.0
tomato,Quezon,2025-04-01,76.68743676493007,100.87178645956214,213.52510391238374,123.68287740628165,108.37621746672824
tomato,Quezon,2025-10-01,76.68743676493007,99.45831241925413,35.297222405489215,83.92918528704021,52.0222884326757
tomato,Rizal,2021-01-01,113.49531710815761,93.26010081878205,161.44355743220956,132.40238611713667,145.61823702677782
tomato,Rizal,2021-04-01,113.49531710815761,98.4806297708286,213.52510391238374,123.68287740628165,159.11632691549661
tomato,Rizal,2021-07-01,113.49531710815761,93.34967060059937,38.55644256779046,76.94610778443113,75.41836262568667
tomato,Rizal,2021-10-01,113.49531710815761,98.38632417908919,35.297222405489215,83.92918528704021,76.7139578748096
tomato,Rizal,2022-01-01,113.49531710815761,99.0754779023718,161.44355743220956,132.40238611713667,148.58416702302492
tomato,Rizal,2022-04-01,113.49531710815761,99.11084597003934,213.52510391238374,123.68287740628165,159.4550214006997
tomato,Rizal,2022-07-01,113.49531710815761,102.20990943697052,38.55644256779046,76.94610778443113,77.73271509863494
tomato,Rizal,2022-10-01,113.49531710815761,104.06457626678076,35.297222405489215,83.92918528704021,78.16226177993323
tomato,Rizal,2023-01-01,113.49531710815761,99.76307143751363,161.44355743220956,132.40238611713667,148.92710446716717
tomato,Rizal,2023-04-01,113.49531710815761,100.67792321256593,213.52510391238374,123.68287740628165,160.29103084911137
tomato,Rizal,2023-07-01,113.49531710815761,99.00800273592017,38.55644256779046,76.94610778443113,76.91238333900927
tomato,Rizal,2023-10-01,113.49531710815761,102.11094737918023,35.297222405489215,83.92918528704021,77.6700491281233
tomato,Rizal,2024-01-01,113.49531710815761,97.32030929619998,161.44355743220956,132.40238611713667,147.70152140031274
tomato,Rizal,2024-04-01,113.49531710815761,102.9407449672953,213.52510391238374,123.68287740628165,161.4830368218175
tomato,Rizal,2024-07-01,113.49531710815761,99.74120657028533,38.55644256779046,76.94610778443113,77.10177482903178
tomato,Rizal,2024-10-01,113.49531710815761,98.04394195829643,35.297222405489215,83.92918528704021,76.62486682716909
tomato,Rizal,2025-01-01,113.49531710815761,97.90609660413705,161.44355743220956,132.40238611713667,147.99727555903937
tomato,Rizal,2025-04-01,113.49531710815761,100.87178645956214,213.52510391238374,123.68287740628165,160.39384920469752
tomato,Rizal,2025-10-01,113.49531710815761,99.45831241925413,35.297222405489215,83.92918528704021,76.99156956382531
red_onion,Batangas,2021-01-01,92.51446525379002,93.26010081878205,350.6666666666667,100.0,144.70455555603726
red_onion,Batangas,2021-04-01,92.51446525379002,98.4806297708286,200.0,94.11,119.75425239735715
red_onion,Batangas,2021-07-01,92.51446525379002,93.34967060059937,0.0,100.0,0.0
red_onion,Batangas,2021-10-01,92.51446525379002,98.38632417908919,0.0,169.56756756756758,0.0
red_onion,Batangas,2022-01-01,92.51446525379002,99.0754779023718,350.6666666666667,100.0,147.65187582773058
red_onion,Batangas,2022-04-01,92.51446525379002,99.11084597003934,200.0,94.11,120.00916090142377
red_onion,Batangas,2022-07-01,92.51446525379002,102.20990943697052,0.0,100.0,0.0
red_onion,Batangas,2022-10-01,92.51446525379002,104.06457626678076,0.0,169.56756756756758,0.0
red_onion,Batangas,2023-01-01,92.51446525379002,99.76307143751363,350.6666666666667,100.0,147.99266151125045
red_onion,Batangas,2023-04-01,92.51446525379002,100.67792321256593,200.0,94.11,120.63835897576615
red_onion,Batangas,2023-07-01,92.51446525379002,99.00800273592017,0.0,100.0,0.0
red_onion,Batangas,2023-10-01,92.51446525379002,102.11094737918023,0.0,169.56756756756758,0.0
red_onion,Batangas,2024-01-01,92.51446525379002,97.32030929619998,350.6666666666667,100.0,146.77476836402354
red_onion,Batangas,2024-04-01,92.51446525379002,102.9407449672953,200.0,94.11,121.53548742814941
red_onion,Batangas,2024-07-01,92.51446525379002,99.74120657028533,0.0,100.0,0.0
red_onion,Batangas,2024-10-01,92.51446525379002,98.04394195829643,0.0,169.56756756756758,0.0
red_onion,Batangas,2025-01-01,92.51446525379002,97.90609660413705,350.6666666666667,100.0,147.06866681360108
red_onion,Batangas,2025-04-01,92.51446525379002,100.87178645956214,200.0,94.11,120.71574220566241
red_onion,Batangas,2025-10-01,92.51446525379002,99.45831241925413,0.0,169.56756756756758,0.0
red_onion,Cavite,2021-01-01,101.91975406422993,93.26010081878205,350.6666666666667,100.0,159.41564028702885
red_onion,Cavite,2021-04-01,101.91975406422993,98.4806297708286,200.0,94.11,131.9288169585388
red_onion,Cavite,2021-07-01,101.91975406422993,93.34967060059937,0.0,100.0,0.0
red_onion,Cavite,2021-10-01,101.91975406422993,98.38632417908919,0.0,169.56756756756758,0.0
red_onion,Cavite,2022-01-01,101.91975406422993,99.0754779023718,350.6666666666667,100.0,162.6625936841593
red_onion,Cavite,2022-04-01,101.91975406422993,99.11084597003934,200.0,94.11,132.20964020031053
red_onion,Cavite,2022-07-01,101.91975406422993,102.20990943697052,0.0,100.0,0.0
red_onion,Cavite,2022-10-01,101.91975406422993,104.06457626678076,0.0,169.56756756756758,0.0
red_onion,Cavite,2023-01-01,101.91975406422993,99.76307143751363,350.6666666666667,100.0,163.0380246284735
red_onion,Cavite,2023-04-01,101.91975406422993,100.67792321256593,200.0,94.11,132.90280437543433
red_onion,Cavite,2023-07-01,101.91975406422993,99.00800273592017,0.0,100.0,0.0
red_onion,Cavite,2023-10-01,101.91975406422993,102.11094737918023,0.0,169.56756756756758,0.0
red_onion,Cavite,2024-01-01,101.91975406422993,97.32030929619998,350.6666666666667,100.0,161.69631693226225
red_onion,Cavite,2024-04-01,101.91975406422993,102.9407449672953,200.0,94.11,133.8911375077731
red_onion,Cavite,2024-07-01,101.91975406422993,99.74120657028533,0.0,100.0,0.0
red_onion,Cavite,2024-10-01,101.91975406422993,98.04394195829643,0.0,169.56756756756758,0.0
red_onion,Cavite,2025-01-01,101.91975406422993,97.90609660413705,350.6666666666667,100.0,162.02009395046832
red_onion,Cavite,2025-04-01,101.91975406422993,100.87178645956214,200.0,94.11,132.98805460887715
red_onion,Cavite,2025-10-01,101.91975406422993,99.45831241925413,0.0,169.56756756756758,0.0
red_onion,Laguna,2021-01-01,100.0,93.26010081878205,350.6666666666667,100.0,156.4128973334894
red_onion,Laguna,2021-04-01,100.0,98.4806297708286,200.0,94.11,129.4438140769032
red_onion,Laguna,2021-07-01,100.0,93.34967060059937,0.0,100.0,0.0
red_onion,Laguna,2021-10-01,100.0,98.38632417908919,0.0,169.56756756756758,0.0
red_onion,Laguna,2022-01-01,100.0,99.0754779023718,350.6666666666667,100.0,159.59869132106533
red_onion,Laguna,2022-04-01,100.0,99.11084597003934,200.0,94.11,129.71934774979138
red_onion,Laguna,2022-07-01,100.0,102.20990943697052,0.0,100.0,0.0
red_onion,Laguna,2022-10-01,100.0,104.06457626678076,0.0,169.56756756756758,0.0
red_onion,Laguna,2023-01-01,100.0,99.76307143751363,350.6666666666667,100.0,159.96705067177336
red_onion,Laguna,2023-04-01,100.0,100.67792321256593,200.0,94.11,130.39945552819805
red_onion,Laguna,2023-07-01,100.0,99.00800273592017,0.0,100.0,0.0
red_onion,Laguna,2023-10-01,100.0,102.11094737918023,0.0,169.56756756756758,0.0
red_onion,Laguna,2024-01-01,100.0,97.32030929619998,350.6666666666667,100.0,158.65061529716905
red_onion,Laguna,2024-04-01,100.0,102.9407449672953,200.0,94.11,131.36917247994415
red_onion,Laguna,2024-07-01,100.0,99.74120657028533,0.0,100.0,0.0
red_onion,Laguna,2024-10-01,100.0,98.04394195829643,0.0,169.56756756756758,0.0
red_onion,Laguna,2025-01-01,100.0,97.90609660413705,350.6666666666667,100.0,158.9682936718657
red_onion,Laguna,2025-04-01,100.0,100.87178645956214,200.0,94.11,130.4830999936165
red_onion,Laguna,2025-10-01,100.0,99.45831241925413,0.0,169.56756756756758,0.0
red_onion,Quezon,2021-01-01,76.68743676493007,93.26010081878205,350.6666666666667,100.0,119.94904173481467
red_onion,Quezon,2021-04-01,76.68743676493007,98.4806297708286,200.0,94.11,99.26714306633879
red_onion,Quezon,2021-07-01,76.68743676493007,93.34967060059937,0.0,100.0,0.0
red_onion,Quezon,2021-10-01,76.68743676493007,98.38632417908919,0.0,169.56756756756758,0.0
red_onion,Quezon,2022-01-01,76.68743676493007,99.0754779023718,350.6666666666667,100.0,122.39214548449793
red_onion,Quezon,2022-04-01,76.68743676493007,99.11084597003934,200.0,94.11,99.47844277750097
red_onion,Quezon,2022-07-01,76.68743676493007,102.20990943697052,0.0,100.0,0.0
red_onion,Quezon,2022-10-01,76.68743676493007,104.06457626678076,0.0,169.56756756756758,0.0
red_onion,Quezon,2023-01-01,76.68743676493007,99.76307143751363,350.6666666666667,100.0,122.67463082863985
red_onion,Quezon,2023-04-01,76.68743676493007,100.67792321256593,200.0,94.11,100.0
red_onion,Quezon,2023-07-01,76.68743676493007,99.00800273592017,0.0,100.0,0.0
red_onion,Quezon,2023-10-01,76.68743676493007,102.11094737918023,0.0,169.56756756756758,0.0
red_onion,Quezon,2024-01-01,76.68743676493007,97.32030929619998,350.6666666666667,100.0,121.66509028318899
red_onion,Quezon,2024-04-01,76.68743676493007,102.9407449672953,200.0,94.11,100.74365107416907
red_onion,Quezon,2024-07-01,76.68743676493007,99.74120657028533,0.0,100.0,0.0
red_onion,Quezon,2024-10-01,76.68743676493007,98.04394195829643,0.0,169.56756756756758,0.0
red_onion,Quezon,2025-01-01,76.68743676493007,97.90609660413705,350.6666666666667,100.0,121.90870968590033
red_onion,Quezon,2025-04-01,76.68743676493007,100.87178645956214,200.0,94.11,100.0641447965251
red_onion,Quezon,2025-10-01,76.68743676493007,99.45831241925413,0.0,169.56756756756758,0.0
red_onion,Rizal,2021-01-01,113.49531710815761,93.26010081878205,350.6666666666667,100.0,177.52131382670078
red_onion,Rizal,2021-04-01,113.49531710815761,98.4806297708286,200.0,94.11,146.91266726347524
red_onion,Rizal,2021-07-01,113.49531710815761,93.34967060059937,0.0,100.0,0.0
red_onion,Rizal,2021-10-01,113.49531710815761,98.38632417908919,0.0,169.56756756756758,0.0
red_onion,Rizal,2022-01-01,113.49531710815761,99.0754779023718,350.6666666666667,100.0,181.13704081531273
red_onion,Rizal,2022-04-01,113.49531710815761,99.11084597003934,200.0,94.11,147.2253850792594
red_onion,Rizal,2022-07-01,113.49531710815761,102.20990943697052,0.0,100.0,0.0
red_onion,Rizal,2022-10-01,113.49531710815761,104.06457626678076,0.0,169.56756756756758,0.0
red_onion,Rizal,2023-01-01,113.49531710815761,99.76307143751363,350.6666666666667,100.0,181.55511142849633
red_onion,Rizal,2023-04-01,113.49531710815761,100.67792321256593,200.0,94.11,147.99727555903934
red_onion,Rizal,2023-07-01,113.49531710815761,99.00800273592017,0.0,100.0,0.0
red_onion,Rizal,2023-10-01,113.49531710815761,102.11094737918023,0.0,169.56756756756758,0.0
red_onion,Rizal,2024-01-01,113.49531710815761,97.32030929619998,350.6666666666667,100.0,180.0610189255652
red_onion,Rizal,2024-04-01,113.49531710815761,102.9407449672953,200.0,94.11,149.09785888847514
red_onion,Rizal,2024-07-01,113.49531710815761,99.74120657028533,0.0,100.0,0.0
red_onion,Rizal,2024-10-01,113.49531710815761,98.04394195829643,0.0,169.56756756756758,0.0
red_onion,Rizal,2025-01-01,113.49531710815761,97.90609660413705,350.6666666666667,100.0,180.4215690043112
red_onion,Rizal,2025-04-01,113.49531710815761,100.87178645956214,200.0,94.11,148.0922081103094
red_onion,Rizal,2025-10-01,113.49531710815761,99.45831241925413,0.0,169.56756756756758,0.0
banana,Batangas,2021-01-01,92.87633737751563,93.26010081878205,44.22291986710014,99.65277777777779,87.75557753992867
banana,Batangas,2021-04-01,92.87633737751563,98.4806297708286,155.77708013289987,98.88368246968027,135.61992405081136
banana,Batangas,2021-07-01,92.87633737751563,93.34967060059937,157.35504269229398,100.34965034965036,134.3281191243575
banana,Batangas,2021-10-01,92.87633737751563,98.38632417908919,30.09058715301347,102.73482245131729,79.37642193556702
banana,Batangas,2022-01-01,92.87633737751563,99.0754779023718,44.22291986710014,99.65277777777779,89.54296973116776
banana,Batangas,2022-04-01,92.87633737751563,99.11084597003934,155.77708013289987,98.88368246968027,135.9086041708852
banana,Batangas,2022-07-01,92.87633737751563,102.20990943697052,157.35504269229398,100.34965034965036,138.45022684267147
banana,Batangas,2022-10-01,92.87633737751563,104.06457626678076,30.09058715301347,102.73482245131729,80.87499123180422
banana,Batangas,2023-01-01,92.87633737751563,99.76307143751363,44.22291986710014,99.65277777777779,89.74963803099915
banana,Batangas,2023-04-01,92.87633737751563,100.67792321256593,155.77708013289987,98.88368246968027,136.6211617072313
banana,Batangas,2023-07-01,92.87633737751563,99.00800273592017,157.35504269229398,100.34965034965036,136.9891287958284
banana,Batangas,2023-10-01,92.87633737751563,102.11094737918023,30.09058715301347,102.73482245131729,80.36569565881541
banana,Batangas,2024-01-01,92.87633737751563,97.32030929619998,44.22291986710014,99.65277777777779,89.01105094155935
banana,Batangas,2024-04-01,92.87633737751563,102.9407449672953,155.77708013289987,98.88368246968027,137.63714644380946
banana,Batangas,2024-07-01,92.87633737751563,99.74120657028533,157.35504269229398,100.34965034965036,137.32645516764518
banana,Batangas,2024-10-01,92.87633737751563,98.04394195829643,30.09058715301347,102.73482245131729,79.28423885983868
banana,Batangas,2025-01-01,92.87633737751563,97.90609660413705,44.22291986710014,99.65277777777779,89.18928464043398
banana,Batangas,2025-04-01,92.87633737751563,100.87178645956214,155.77708013289987,98.88368246968027,136.70879707341865
banana,Batangas,2025-10-01,92.87633737751563,99.45831241925413,30.09058715301347,102.73482245131729,79.66366852239437
banana,Cavite,2021-01-01,103.14243577585329,93.26010081878205,44.22291986710014,99.65277777777779,97.45565206338807
banana,Cavite,2021-04-01,103.14243577585329,98.4806297708286,155.77708013289987,98.88368246968027,150.61069053012955
banana,Cavite,2021-07-01,103.14243577585329,93.34967060059937,157.35504269229398,100.34965034965036,149.17609577301593
banana,Cavite,2021-10-01,103.14243577585329,98.38632417908919,30.09058715301347,102.73482245131729,88.1503053714116
banana,Cavite,2022-01-01,103.14243577585329,99.0754779023718,44.22291986710014,99.65277777777779,99.44061389001335
banana,Cavite,2022-04-01,103.14243577585329,99.11084597003934,155.77708013289987,98.88368246968027,150.93127994596168
banana,Cavite,2022-07-01,103.14243577585329,102.20990943697052,157.35504269229398,100.34965034965036,153.75384122037545
banana,Cavite,2022-10-01,103.14243577585329,104.06457626678076,30.09058715301347,102.73482245131729,89.81451922563096
banana,Cavite,2023-01-01,103.14243577585329,99.76307143751363,44.22291986710014,99.65277777777779,99.67012629806213
banana,Cavite,2023-04-01,103.14243577585329,100.67792321256593,155.77708013289987,98.88368246968027,151.7226001250773
banana,Cavite,2023-07-01,103.14243577585329,99.00800273592017,157.35504269229398,100.34965034965036,152.13124050512354
banana,Cavite,2023-10-01,103.14243577585329,102.11094737918023,30.09058715301347,102.73482245131729,89.24892859823137
banana,Cavite,2024-01-01,103.14243577585329,97.32030929619998,44.22291986710014,99.65277777777779,98.84989938571336
banana,Cavite,2024-04-01,103.14243577585329,102.9407449672953,155.77708013289987,98.88368246968027,152.85088687066474
banana,Cavite,2024-07-01,103.14243577585329,99.74120657028533,157.35504269229398,100.34965034965036,152.50585329265402
banana,Cavite,2024-10-01,103.14243577585329,98.04394195829643,30.09058715301347,102.73482245131729,88.04793282705423
banana,Cavite,2025-01-01,103.14243577585329,97.90609660413705,44.22291986710014,99.65277777777779,99.04783417037815
banana,Cavite,2025-04-01,103.14243577585329,100.87178645956214,155.77708013289987,98.88368246968027,151.8199222782101
banana,Cavite,2025-10-01,103.14243577585329,99.45831241925413,30.09058715301347,102.73482245131729,88.4693027982077
banana,Laguna,2021-01-01,100.0,93.26010081878205,44.22291986710014,99.65277777777779,94.48647526143012
banana,Laguna,2021-04-01,100.0,98.4806297708286,155.77708013289987,98.88368246968027,146.02204165260667
banana,Laguna,2021-07-01,100.0,93.34967060059937,157.35504269229398,100.34965034965036,144.63115462698778
banana,Laguna,2021-10-01,100.0,98.38632417908919,30.09058715301347,102.73482245131729,85.46463413272282
banana,Laguna,2022-01-01,100.0,99.0754779023718,44.22291986710014,99.65277777777779,96.41096134874626
banana,Laguna,2022-04-01,100.0,99.11084597003934,155.77708013289987,98.88368246968027,146.33286368567246
banana,Laguna,2022-07-01,100.0,102.20990943697052,157.35504269229398,100.34965034965036,149.06943011750246
banana,Laguna,2022-10-01,100.0,104.06457626678076,30.09058715301347,102.73482245131729,87.07814446113504
banana,Laguna,2023-01-01,100.0,99.76307143751363,44.22291986710014,99.65277777777779,96.6334812129732
banana,Laguna,2023-04-01,100.0,100.67792321256593,155.77708013289987,98.88368246968027,147.10007474983163
banana,Laguna,2023-07-01,100.0,99.00800273592017,157.35504269229398,100.34965034965036,147.49626510249533
banana,Laguna,2023-10-01,100.0,102.11094737918023,30.09058715301347,102.73482245131729,86.52978565697737
banana,Laguna,2024-01-01,100.0,97.32030929619998,44.22291986710014,99.65277777777779,95.83824411567285
banana,Laguna,2024-04-01,100.0,102.9407449672953,155.77708013289987,98.88368246968027,148.19398603581234
banana,Laguna,2024-07-01,100.0,99.74120657028533,157.35504269229398,100.34965034965036,147.85946457971593
banana,Laguna,2024-10-01,100.0,98.04394195829643,30.09058715301347,102.73482245131729,85.36538056789537
banana,Laguna,2025-01-01,100.0,97.90609660413705,44.22291986710014,99.65277777777779,96.03014843049331
banana,Laguna,2025-04-01,100.0,100.87178645956214,155.77708013289987,98.88368246968027,147.1944317934682
banana,Laguna,2025-10-01,100.0,99.45831241925413,30.09058715301347,102.73482245131729,85.77391267980828
banana,Quezon,2021-01-01,68.33734916498533,93.26010081878205,44.22291986710014,99.65277777777779,64.56955251309098
banana,Quezon,2021-04-01,68.33734916498533,98.4806297708286,155.77708013289987,98.88368246968027,99.78759246198211
banana,Quezon,2021-07-01,68.33734916498533,93.34967060059937,157.35504269229398,100.34965034965036,98.83709713879446
banana,Quezon,2021-10-01,68.33734916498533,98.38632417908919,30.09058715301347,102.73482245131729,58.40426543985602
banana,Quezon,2022-01-01,68.33734916498533,99.0754779023718,44.22291986710014,99.65277777777779,65.88469529021178
banana,Quezon,2022-04-01,68.33734916498533,99.11084597003934,155.77708013289987,98.88368246968027,100.0
banana,Quezon,2022-07-01,68.33734916498533,102.20990943697052,157.35504269229398,100.34965034965036,101.87009695765144
banana,Quezon,2022-10-01,68.33734916498533,104.06457626678076,30.09058715301347,102.73482245131729,59.50689562679619
banana,Quezon,2023-01-01,68.33734916498533,99.76307143751363,44.22291986710014,99.65277777777779,66.03675946678999
banana,Quezon,2023-04-01,68.33734916498533,100.67792321256593,155.77708013289987,98.88368246968027,100.52429170374688
banana,Quezon,2023-07-01,68.33734916498533,99.00800273592017,157.35504269229398,100.34965034965036,100.79503768840463
banana,Quezon,2023-10-01,68.33734916498533,102.11094737918023,30.09058715301347,102.73482245131729,59.132161756122
banana,Quezon,2024-01-01,68.33734916498533,97.32030929619998,44.22291986710014,99.65277777777779,65.49331551491836
banana,Quezon,2024-04-01,68.33734916498533,102.9407449672953,155.77708013289987,98.88368246968027,101.27184167880267
banana,Quezon,2024-07-01,68.33734916498533,99.74120657028533,157.35504269229398,100.34965034965036,101.04323858331826
banana,Quezon,2024-10-01,68.33734916498533,98.04394195829643,30.09058715301347,102.73482245131729,58.33643818470119
banana,Quezon,2025-01-01,68.33734916498533,97.90609660413705,44.22291986710014,99.65277777777779,65.62445783659989
banana,Quezon,2025-04-01,68.33734916498533,100.87178645956214,155.77708013289987,98.88368246968027,100.58877280611853
banana,Quezon,2025-10-01,68.33734916498533,99.45831241925413,30.09058715301347,102.73482245131729,58.61561820047019
banana,Rizal,2021-01-01,107.19195435430807,93.26010081878205,44.22291986710014,99.65277777777779,101.28189943322674
banana,Rizal,2021-04-01,107.19195435430807,98.4806297708286,155.77708013289987,98.88368246968027,156.52388023549085
banana,Rizal,2021-07-01,107.19195435430807,93.34967060059937,157.35504269229398,100.34965034965036,155.03296124986946
banana,Rizal,2021-10-01,107.19195435430807,98.38632417908919,30.09058715301347,102.73482245131729,91.61121160862463
banana,Rizal,2022-01-01,107.19195435430807,99.0754779023718,44.22291986710014,99.65277777777779,103.34479368149769
banana,Rizal,2022-04-01,107.19195435430807,99.11084597003934,155.77708013289987,98.88368246968027,156.85705644729788
banana,Rizal,2022-07-01,107.19195435430807,102.20990943697052,157.35504269229398,100.34965034965036,159.7904354877804
banana,Rizal,2022-10-01,107.19195435430807,104.06457626678076,30.09058715301347,102.73482245131729,93.34076486335832
banana,Rizal,2023-01-01,107.19195435430807,99.76307143751363,44.22291986710014,99.65277777777779,103.5833170727891
banana,Rizal,2023-04-01,107.19195435430807,100.67792321256593,155.77708013289987,98.88368246968027,157.6794449809926
banana,Rizal,2023-07-01,107.19195435430807,99.00800273592017,157.35504269229398,100.34965034965036,158.104129162976
banana,Rizal,2023-10-01,107.19195435430807,102.11094737918023,30.09058715301347,102.73482245131729,92.75296834430777
banana,Rizal,2024-01-01,107.19195435430807,97.32030929619998,44.22291986710014,99.65277777777779,102.73088688644239
banana,Rizal,2024-04-01,107.19195435430807,102.9407449672953,155.77708013289987,98.88368246968027,158.85202986733762
banana,Rizal,2024-07-01,107.19195435430807,99.74120657028533,157.35504269229398,100.34965034965036,158.4934497808134
banana,Rizal,2024-10-01,107.19195435430807,98.04394195829643,30.09058715301347,102.73482245131729,91.50481977271977
banana,Rizal,2025-01-01,107.19195435430807,97.90609660413705,44.22291986710014,99.65277777777779,102.93659287198867
banana,Rizal,2025-04-01,107.19195435430807,100.87178645956214,155.77708013289987,98.88368246968027,157.78058814013755
banana,Rizal,2025-10-01,107.19195435430807,99.45831241925413,30.09058715301347,102.73482245131729,91.94273332764412
