commodity,province,date,target,hfce_status
Red Onion,Batangas,2020-01-01,1720.9681684917834,OBSERVED
Red Onion,Batangas,2020-04-01,1933.1142750603512,OBSERVED
Red Onion,Batangas,2020-07-01,1779.8197169485206,OBSERVED
Red Onion,Batangas,2020-10-01,2312.8158394993457,OBSERVED
Red Onion,Batangas,2021-01-01,1810.1919426871955,OBSERVED
Red Onion,Batangas,2021-04-01,2005.7926583863102,OBSERVED
Red Onion,Batangas,2021-07-01,1762.0138725279542,OBSERVED
Red Onion,Batangas,2021-10-01,2161.953526398541,OBSERVED
Red Onion,Batangas,2022-01-01,1551.5744040236593,OBSERVED
Red Onion,Batangas,2022-04-01,1559.1188829785128,OBSERVED
Red Onion,Batangas,2022-07-01,1393.8025804168267,OBSERVED
Red Onion,Batangas,2022-10-01,1926.286132581003,OBSERVED
Red Onion,Batangas,2023-01-01,1696.7309760065175,OBSERVED
Red Onion,Batangas,2023-04-01,1971.5813759672878,OBSERVED
Red Onion,Batangas,2023-07-01,1868.3499925295696,OBSERVED
Red Onion,Batangas,2023-10-01,2514.7039192328916,OBSERVED
Red Onion,Batangas,2024-01-01,1948.7169909438603,OBSERVED
Red Onion,Batangas,2024-04-01,2086.7369016867247,OBSERVED
Red Onion,Batangas,2024-07-01,1925.3153740180408,OBSERVED
Red Onion,Batangas,2024-10-01,2492.911041043685,OBSERVED
Red Onion,Batangas,2025-01-01,2019.7067013781805,OBSERVED
Red Onion,Batangas,2025-04-01,2185.172749694257,OBSERVED
Red Onion,Batangas,2025-07-01,2021.5661048259399,OBSERVED
Red Onion,Batangas,2025-10-01,2632.261367178547,OBSERVED
Red Onion,Batangas,2026-01-01,2073.7682481576358,OBSERVED
Red Onion,Batangas,2026-04-01,2298.778845853632,OBSERVED
Red Onion,Batangas,2026-07-01,2133.3846574869194,FORECAST
Red Onion,Batangas,2026-10-01,2759.996982567748,FORECAST
Red Onion,Batangas,2027-01-01,2160.1016159564315,FORECAST
Red Onion,Batangas,2027-04-01,2402.6387303322886,FORECAST
Red Onion,Batangas,2027-07-01,2239.9764289543014,FORECAST
Red Onion,Batangas,2027-10-01,2872.70069728445,FORECAST
Red Onion,Batangas,2028-01-01,2244.1205894021423,FORECAST
Red Onion,Batangas,2028-04-01,2522.8546161484087,FORECAST
Red Onion,Batangas,2028-07-01,2342.726863181107,FORECAST
Red Onion,Batangas,2028-10-01,2976.930238960651,FORECAST
Red Onion,Batangas,2029-01-01,2307.0157903186655,FORECAST
Red Onion,Batangas,2029-04-01,2633.4528811953755,FORECAST
Red Onion,Batangas,2029-07-01,2456.791097984127,FORECAST
Red Onion,Batangas,2029-10-01,3102.067193139194,FORECAST
Red Onion,Batangas,2030-01-01,2389.8028775875855,FORECAST
Red Onion,Batangas,2030-04-01,2748.686706800719,FORECAST
Red Onion,Batangas,2030-07-01,2565.6813348751084,FORECAST
Red Onion,Batangas,2030-10-01,3208.377858758568,FORECAST
Red Onion,Cavite,2020-01-01,2568.5749605010715,OBSERVED
Red Onion,Cavite,2020-04-01,2888.821530032991,OBSERVED
Red Onion,Cavite,2020-07-01,2665.3851217286992,OBSERVED
Red Onion,Cavite,2020-10-01,3476.1483877372384,OBSERVED
Red Onion,Cavite,2021-01-01,2732.9599641030054,OBSERVED
Red Onion,Cavite,2021-04-01,3039.667109024303,OBSERVED
Red Onion,Cavite,2021-07-01,2680.2201362675187,OBSERVED
Red Onion,Cavite,2021-10-01,3296.472790605172,OBSERVED
Red Onion,Cavite,2022-01-01,2372.3393925484957,OBSERVED
Red Onion,Cavite,2022-04-01,2392.162820984107,OBSERVED
Red Onion,Cavite,2022-07-01,2148.4300181350623,OBSERVED
Red Onion,Cavite,2022-10-01,2984.2677683323363,OBSERVED
Red Onion,Cavite,2023-01-01,2638.905696284962,OBSERVED
Red Onion,Cavite,2023-04-01,3071.4612363184597,OBSERVED
Red Onion,Cavite,2023-07-01,2915.2402340653784,OBSERVED
Red Onion,Cavite,2023-10-01,3937.1159102542783,OBSERVED
Red Onion,Cavite,2024-01-01,3062.6770395183157,OBSERVED
Red Onion,Cavite,2024-04-01,3293.45360614173,OBSERVED
Red Onion,Cavite,2024-07-01,3051.373740214151,OBSERVED
Red Onion,Cavite,2024-10-01,3965.0922119280053,OBSERVED
Red Onion,Cavite,2025-01-01,3221.4167220691647,OBSERVED
Red Onion,Cavite,2025-04-01,3499.249602028603,OBSERVED
Red Onion,Cavite,2025-07-01,3247.765887816235,OBSERVED
Red Onion,Cavite,2025-10-01,4237.899788085998,OBSERVED
Red Onion,Cavite,2026-01-01,3352.0576091922176,OBSERVED
Red Onion,Cavite,2026-04-01,3729.0845084572766,OBSERVED
Red Onion,Cavite,2026-07-01,3472.8764667345395,FORECAST
Red Onion,Cavite,2026-10-01,4509.815512319266,FORECAST
Red Onion,Cavite,2027-01-01,3546.036560976918,FORECAST
Red Onion,Cavite,2027-04-01,3956.351681106679,FORECAST
Red Onion,Cavite,2027-07-01,3694.8107059699933,FORECAST
Red Onion,Cavite,2027-10-01,4748.0798519464115,FORECAST
Red Onion,Cavite,2028-01-01,3725.966222910591,FORECAST
Red Onion,Cavite,2028-04-01,4206.001120018035,FORECAST
Red Onion,Cavite,2028-07-01,3920.282551013848,FORECAST
Red Onion,Cavite,2028-10-01,4998.262391771813,FORECAST
Red Onion,Cavite,2029-01-01,3884.840346143146,FORECAST
Red Onion,Cavite,2029-04-01,4448.922032161657,FORECAST
Red Onion,Cavite,2029-07-01,4165.445854456843,FORECAST
Red Onion,Cavite,2029-10-01,5280.125587018572,FORECAST
Red Onion,Cavite,2030-01-01,4085.222768654605,FORECAST
Red Onion,Cavite,2030-04-01,4714.36239376501,FORECAST
Red Onion,Cavite,2030-07-01,4410.331279557677,FORECAST
Red Onion,Cavite,2030-10-01,5521.932507473261,FORECAST
Red Onion,Laguna,2020-01-01,1999.4499166090218,OBSERVED
Red Onion,Laguna,2020-04-01,2248.4293109997893,OBSERVED
Red Onion,Laguna,2020-07-01,2071.2750763187755,OBSERVED
Red Onion,Laguna,2020-10-01,2694.7876960724116,OBSERVED
Red Onion,Laguna,2021-01-01,2110.743048664837,OBSERVED
Red Onion,Laguna,2021-04-01,2341.1896489598466,OBSERVED
Red Onion,Laguna,2021-07-01,2058.8573223268268,OBSERVED
Red Onion,Laguna,2021-10-01,2526.7219800484913,OBSERVED
Red Onion,Laguna,2022-01-01,1814.5443388532055,OBSERVED
Red Onion,Laguna,2022-04-01,1825.6577005903132,OBSERVED
Red Onion,Laguna,2022-07-01,1635.018890408147,OBSERVED
Red Onion,Laguna,2022-10-01,2260.167070148336,OBSERVED
Red Onion,Laguna,2023-01-01,1994.460434971016,OBSERVED
Red Onion,Laguna,2023-04-01,2316.5494158403517,OBSERVED
Red Onion,Laguna,2023-07-01,2194.9809505642484,OBSERVED
Red Onion,Laguna,2023-10-01,2961.596121701311,OBSERVED
Red Onion,Laguna,2024-01-01,2294.98314149176,OBSERVED
Red Onion,Laguna,2024-04-01,2460.433835536481,OBSERVED
Red Onion,Laguna,2024-07-01,2273.8837049303256,OBSERVED
Red Onion,Laguna,2024-10-01,2946.8339949645124,OBSERVED
Red Onion,Laguna,2025-01-01,2386.941222144281,OBSERVED
Red Onion,Laguna,2025-04-01,2587.714330206951,OBSERVED
Red Onion,Laguna,2025-07-01,2396.587636607619,OBSERVED
Red Onion,Laguna,2025-10-01,3119.8811495026894,OBSERVED
Red Onion,Laguna,2026-01-01,2456.8289638673245,OBSERVED
Red Onion,Laguna,2026-04-01,2728.5530017224887,OBSERVED
Red Onion,Laguna,2026-07-01,2537.829701665757,FORECAST
Red Onion,Laguna,2026-10-01,3289.133145931245,FORECAST
Red Onion,Laguna,2027-01-01,2579.330190595889,FORECAST
Red Onion,Laguna,2027-04-01,2869.5376752410043,FORECAST
Red Onion,Laguna,2027-07-01,2669.8863180961366,FORECAST
Red Onion,Laguna,2027-10-01,3421.1488314515864,FORECAST
Red Onion,Laguna,2028-01-01,2679.024824841682,FORECAST
Red Onion,Laguna,2028-04-01,3017.7141344173187,FORECAST
Red Onion,Laguna,2028-07-01,2806.399700358554,FORECAST
Red Onion,Laguna,2028-10-01,3569.824900822008,FORECAST
Red Onion,Laguna,2029-01-01,2767.7347442073697,FORECAST
Red Onion,Laguna,2029-04-01,3161.3905451754654,FORECAST
Red Onion,Laguna,2029-07-01,2951.7418367787996,FORECAST
Red Onion,Laguna,2029-10-01,3730.7545090032027,FORECAST
Red Onion,Laguna,2030-01-01,2877.5095845264163,FORECAST
Red Onion,Laguna,2030-04-01,3312.7766457617754,FORECAST
Red Onion,Laguna,2030-07-01,3094.160777238478,FORECAST
Red Onion,Laguna,2030-10-01,3870.5127551106943,FORECAST
Red Onion,Quezon,2020-01-01,1320.882184483693,OBSERVED
Red Onion,Quezon,2020-04-01,1482.3852323503029,OBSERVED
Red Onion,Quezon,2020-07-01,1362.1290959132127,OBSERVED
Red Onion,Quezon,2020-10-01,1764.0094872527918,OBSERVED
Red Onion,Quezon,2021-01-01,1376.8473613960168,OBSERVED
Red Onion,Quezon,2021-04-01,1523.1481389481798,OBSERVED
Red Onion,Quezon,2021-07-01,1336.334448540597,OBSERVED
Red Onion,Quezon,2021-10-01,1635.8220511152062,OBSERVED
Red Onion,Quezon,2022-01-01,1172.2769064087697,OBSERVED
Red Onion,Quezon,2022-04-01,1175.4739950571031,OBSERVED
Red Onion,Quezon,2022-07-01,1046.4009579757833,OBSERVED
Red Onion,Quezon,2022-10-01,1442.1781405583442,OBSERVED
Red Onion,Quezon,2023-01-01,1268.3606735148014,OBSERVED
Red Onion,Quezon,2023-04-01,1470.724713587323,OBSERVED
Red Onion,Quezon,2023-07-01,1392.0126756387608,OBSERVED
Red Onion,Quezon,2023-10-01,1871.031607588786,OBSERVED
Red Onion,Quezon,2024-01-01,1445.437743813914,OBSERVED
Red Onion,Quezon,2024-04-01,1545.3771642101922,OBSERVED
Red Onion,Quezon,2024-07-01,1420.7852794003031,OBSERVED
Red Onion,Quezon,2024-10-01,1835.4687532349328,OBSERVED
Red Onion,Quezon,2025-01-01,1485.5965276580484,OBSERVED
Red Onion,Quezon,2025-04-01,1603.5266441462607,OBSERVED
Red Onion,Quezon,2025-07-01,1477.3099536587522,OBSERVED
Red Onion,Quezon,2025-10-01,1921.9989976138622,OBSERVED
Red Onion,Quezon,2026-01-01,1510.2122753844817,OBSERVED
Red Onion,Quezon,2026-04-01,1670.031694664713,OBSERVED
Red Onion,Quezon,2026-07-01,1547.3734038346565,FORECAST
Red Onion,Quezon,2026-10-01,1999.2392283139518,FORECAST
Red Onion,Quezon,2027-01-01,1563.1227575188377,FORECAST
Red Onion,Quezon,2027-04-01,1733.8442981895307,FORECAST
Red Onion,Quezon,2027-07-01,1609.754390006469,FORECAST
Red Onion,Quezon,2027-10-01,2055.763029010438,FORECAST
Red Onion,Quezon,2028-01-01,1604.4162122833554,FORECAST
Red Onion,Quezon,2028-04-01,1801.3990395699323,FORECAST
Red Onion,Quezon,2028-07-01,1670.0780512309998,FORECAST
Red Onion,Quezon,2028-10-01,2117.962762849779,FORECAST
Red Onion,Quezon,2029-01-01,1637.4247635887946,FORECAST
Red Onion,Quezon,2029-04-01,1864.5165026767204,FORECAST
Red Onion,Quezon,2029-07-01,1735.055399938634,FORECAST
Red Onion,Quezon,2029-10-01,2185.059105224424,FORECAST
Red Onion,Quezon,2030-01-01,1678.76609028381,FORECAST
Red Onion,Quezon,2030-04-01,1926.8336345239613,FORECAST
Red Onion,Quezon,2030-07-01,1796.0445277701076,FORECAST
Red Onion,Quezon,2030-10-01,2244.2390353342107,FORECAST
Red Onion,Rizal,2020-01-01,1969.730538947489,OBSERVED
Red Onion,Rizal,2020-04-01,2214.7164365952194,OBSERVED
Red Onion,Rizal,2020-07-01,2042.4594688716916,OBSERVED
Red Onion,Rizal,2020-10-01,2656.429555585598,OBSERVED
Red Onion,Rizal,2021-01-01,2086.8186975835497,OBSERVED
Red Onion,Rizal,2021-04-01,2320.445665211626,OBSERVED
Red Onion,Rizal,2021-07-01,2042.7584194317474,OBSERVED
Red Onion,Rizal,2021-10-01,2506.7052177730766,OBSERVED
Red Onion,Rizal,2022-01-01,1801.4953936732193,OBSERVED
Red Onion,Rizal,2022-04-01,1817.2711548450736,OBSERVED
Red Onion,Rizal,2022-07-01,1631.986135698769,OBSERVED
Red Onion,Rizal,2022-10-01,2259.1293157829386,OBSERVED
Red Onion,Rizal,2023-01-01,1994.9723484273761,OBSERVED
Red Onion,Rizal,2023-04-01,2320.4859631163586,OBSERVED
Red Onion,Rizal,2023-07-01,2202.309220154067,OBSERVED
Red Onion,Rizal,2023-10-01,2970.694006763736,OBSERVED
Red Onion,Rizal,2024-01-01,2305.7756533818365,OBSERVED
Red Onion,Rizal,2024-04-01,2477.5547266750027,OBSERVED
Red Onion,Rizal,2024-07-01,2294.1449317252286,OBSERVED
Red Onion,Rizal,2024-10-01,2976.7194442618897,OBSERVED
Red Onion,Rizal,2025-01-01,2415.006769762958,OBSERVED
Red Onion,Rizal,2025-04-01,2619.813824394343,OBSERVED
Red Onion,Rizal,2025-07-01,2429.170529923729,OBSERVED
Red Onion,Rizal,2025-10-01,3168.224506688203,OBSERVED
Red Onion,Rizal,2026-01-01,2503.364755892087,OBSERVED
Red Onion,Rizal,2026-04-01,2782.0730425057586,OBSERVED
Red Onion,Rizal,2026-07-01,2587.3590636346785,FORECAST
Red Onion,Rizal,2026-10-01,3350.2694984070386,FORECAST
Red Onion,Rizal,2027-01-01,2624.922342344459,FORECAST
Red Onion,Rizal,2027-04-01,2929.8957001610383,FORECAST
Red Onion,Rizal,2027-07-01,2741.9498926132073,FORECAST
Red Onion,Rizal,2027-10-01,3529.6610011450302,FORECAST
Red Onion,Rizal,2028-01-01,2760.68960308195,FORECAST
Red Onion,Rizal,2028-04-01,3108.1880810772986,FORECAST
Red Onion,Rizal,2028-07-01,2891.406305362273,FORECAST
Red Onion,Rizal,2028-10-01,3681.654450038919,FORECAST
Red Onion,Rizal,2029-01-01,2860.004075340316,FORECAST
Red Onion,Rizal,2029-04-01,3272.837066846595,FORECAST
Red Onion,Rizal,2029-07-01,3061.1515874283327,FORECAST
Red Onion,Rizal,2029-10-01,3875.53177587926,FORECAST
Red Onion,Rizal,2030-01-01,2993.952900842448,FORECAST
Red Onion,Rizal,2030-04-01,3451.0255248301714,FORECAST
Red Onion,Rizal,2030-07-01,3226.0218146481043,FORECAST
Red Onion,Rizal,2030-10-01,4037.4101464924647,FORECAST
