geolocation,date,target,lag_4
Batangas,2024-07-01,262.06,
Batangas,2024-10-01,379.1,
Batangas,2025-01-01,901.89,
Batangas,2025-04-01,546.45,
Batangas,2025-07-01,281.56,262.06
Batangas,2025-10-01,394.85,379.1
Batangas,2026-01-01,895.05,901.89
Batangas,2026-04-01,539.4,546.45
Batangas,2026-07-01,,281.56
Batangas,2026-10-01,,394.85
Batangas,2027-01-01,,895.05
Batangas,2027-04-01,,539.4
Cavite,2024-07-01,140.77,
Cavite,2024-10-01,195.89,
Cavite,2025-01-01,431.75,
Cavite,2025-04-01,265.09,
Cavite,2025-07-01,133.47,140.77
Cavite,2025-10-01,193.55,195.89
Cavite,2026-01-01,440.36,431.75
Cavite,2026-04-01,270.97,265.09
Cavite,2026-07-01,,133.47
Cavite,2026-10-01,,193.55
Cavite,2027-01-01,,440.36
Cavite,2027-04-01,,270.97
Laguna,2024-07-01,157.25,
Laguna,2024-10-01,250.64,
Laguna,2025-01-01,512.99,
Laguna,2025-04-01,318.89,
Laguna,2025-07-01,171.21,157.25
Laguna,2025-10-01,244.57,250.64
Laguna,2026-01-01,554.11,512.99
Laguna,2026-04-01,338.86,318.89
Laguna,2026-07-01,,171.21
Laguna,2026-10-01,,244.57
Laguna,2027-01-01,,554.11
Laguna,2027-04-01,,338.86
Quezon,2024-07-01,388.22,
Quezon,2024-10-01,588.1,
Quezon,2025-01-01,1180.89,
Quezon,2025-04-01,833.6,
Quezon,2025-07-01,410.63,388.22
Quezon,2025-10-01,599.29,588.1
Quezon,2026-01-01,1285.71,1180.89
Quezon,2026-04-01,841.05,833.6
Quezon,2026-07-01,,410.63
Quezon,2026-10-01,,599.29
Quezon,2027-01-01,,1285.71
Quezon,2027-04-01,,841.05
Rizal,2024-07-01,95.48,
Rizal,2024-10-01,125.66,
Rizal,2025-01-01,294.05,
Rizal,2025-04-01,192.4,
Rizal,2025-07-01,98.92,95.48
Rizal,2025-10-01,140.83,125.66
Rizal,2026-01-01,282.67,294.05
Rizal,2026-04-01,196.09,192.4
Rizal,2026-07-01,,98.92
Rizal,2026-10-01,,140.83
Rizal,2027-01-01,,282.67
Rizal,2027-04-01,,196.09
