geolocation,date,target,lag_12
Batangas,2025-07-01,167.97,
Batangas,2025-08-01,176.2,
Batangas,2025-09-01,180.22,
Batangas,2025-10-01,168.27,
Batangas,2025-11-01,155.35,
Batangas,2025-12-01,135.5,
Batangas,2026-01-01,117.56,
Batangas,2026-02-01,114.97,
Batangas,2026-03-01,123.61,
Batangas,2026-04-01,140.45,
Batangas,2026-05-01,143.78,
Batangas,2026-06-01,153.83,
Batangas,2026-07-01,,167.97
Batangas,2026-08-01,,176.2
Batangas,2026-09-01,,180.22
Batangas,2026-10-01,,168.27
Batangas,2026-11-01,,155.35
Batangas,2026-12-01,,135.5
Batangas,2027-01-01,,117.56
Batangas,2027-02-01,,114.97
Batangas,2027-03-01,,123.61
Batangas,2027-04-01,,140.45
Batangas,2027-05-01,,143.78
Batangas,2027-06-01,,153.83
Cavite,2025-07-01,182.87,
Cavite,2025-08-01,188.28,
Cavite,2025-09-01,195.51,
Cavite,2025-10-01,178.77,
Cavite,2025-11-01,163.69,
Cavite,2025-12-01,147.63,
Cavite,2026-01-01,125.11,
Cavite,2026-02-01,127.24,
Cavite,2026-03-01,130.84,
Cavite,2026-04-01,147.79,
Cavite,2026-05-01,153.09,
Cavite,2026-06-01,163.63,
Cavite,2026-07-01,,182.87
Cavite,2026-08-01,,188.28
Cavite,2026-09-01,,195.51
Cavite,2026-10-01,,178.77
Cavite,2026-11-01,,163.69
Cavite,2026-12-01,,147.63
Cavite,2027-01-01,,125.11
Cavite,2027-02-01,,127.24
Cavite,2027-03-01,,130.84
Cavite,2027-04-01,,147.79
Cavite,2027-05-01,,153.09
Cavite,2027-06-01,,163.63
Laguna,2025-07-01,170.12,
Laguna,2025-08-01,177.59,
Laguna,2025-09-01,191.43,
Laguna,2025-10-01,168.95,
Laguna,2025-11-01,165.29,
Laguna,2025-12-01,145.52,
Laguna,2026-01-01,122.33,
Laguna,2026-02-01,123.2,
Laguna,2026-03-01,122.98,
Laguna,2026-04-01,141.19,
Laguna,2026-05-01,149.29,
Laguna,2026-06-01,166.78,
Laguna,2026-07-01,,170.12
Laguna,2026-08-01,,177.59
Laguna,2026-09-01,,191.43
Laguna,2026-10-01,,168.95
Laguna,2026-11-01,,165.29
Laguna,2026-12-01,,145.52
Laguna,2027-01-01,,122.33
Laguna,2027-02-01,,123.2
Laguna,2027-03-01,,122.98
Laguna,2027-04-01,,141.19
Laguna,2027-05-01,,149.29
Laguna,2027-06-01,,166.78
Quezon,2025-07-01,160.14,
Quezon,2025-08-01,164.13,
Quezon,2025-09-01,170.55,
Quezon,2025-10-01,155.82,
Quezon,2025-11-01,145.61,
Quezon,2025-12-01,130.14,
Quezon,2026-01-01,112.17,
Quezon,2026-02-01,111.28,
Quezon,2026-03-01,114.22,
Quezon,2026-04-01,129.69,
Quezon,2026-05-01,139.44,
Quezon,2026-06-01,151.41,
Quezon,2026-07-01,,160.14
Quezon,2026-08-01,,164.13
Quezon,2026-09-01,,170.55
Quezon,2026-10-01,,155.82
Quezon,2026-11-01,,145.61
Quezon,2026-12-01,,130.14
Quezon,2027-01-01,,112.17
Quezon,2027-02-01,,111.28
Quezon,2027-03-01,,114.22
Quezon,2027-04-01,,129.69
Quezon,2027-05-01,,139.44
Quezon,2027-06-01,,151.41
Rizal,2025-07-01,183.24,
Rizal,2025-08-01,195.74,
Rizal,2025-09-01,194.92,
Rizal,2025-10-01,186.25,
Rizal,2025-11-01,170.43,
Rizal,2025-12-01,153.36,
Rizal,2026-01-01,132.84,
Rizal,2026-02-01,126.56,
Rizal,2026-03-01,130.0,
Rizal,2026-04-01,146.53,
Rizal,2026-05-01,158.21,
Rizal,2026-06-01,170.45,
Rizal,2026-07-01,,183.24
Rizal,2026-08-01,,195.74
Rizal,2026-09-01,,194.92
Rizal,2026-10-01,,186.25
Rizal,2026-11-01,,170.43
Rizal,2026-12-01,,153.36
Rizal,2027-01-01,,132.84
Rizal,2027-02-01,,126.56
Rizal,2027-03-01,,130.0
Rizal,2027-04-01,,146.53
Rizal,2027-05-01,,158.21
Rizal,2027-06-01,,170.45
