url,title,file,rows,columns,status,error
https://openstat.psa.gov.ph/PXWeb/api/v1/en/DB/2E/CS/0012E4EVCP0.px,"Palay and Corn: Volume of Production in Metric Tons by Ecosystem/Croptype, Quarter, Semester, Region and Province, 1987-2026","psa_openstat_downloads\Palay and Corn- Volume of Production in Metric Tons by Ecosystem-Croptype, Quarter, Semester, Region and Province, 1987-2026.csv",1962,282,SUCCESS,
https://openstat.psa.gov.ph/PXWeb/api/v1/en/DB/2E/CS/0022E4EAHC0.px,"Palay and Corn: Area Harvested in Hectares by Ecosystem/Croptype, Quarter, Semester, Region and Province, 1987-2026","psa_openstat_downloads\Palay and Corn- Area Harvested in Hectares by Ecosystem-Croptype, Quarter, Semester, Region and Province, 1987-2026.csv",1962,282,SUCCESS,
https://openstat.psa.gov.ph/PXWeb/api/v1/en/DB/2E/CS/0032E4ECNV0.px,Rice and Corn: Monthly Total Stocks Inventory by Sector,psa_openstat_downloads\Rice and Corn- Monthly Total Stocks Inventory by Sector.csv,376,14,SUCCESS,
https://openstat.psa.gov.ph/PXWeb/api/v1/en/DB/2E/CS/0048E4ECNV1.px,Rice and Corn: Monthly Total Stocks Inventory by Sector and by Region,psa_openstat_downloads\Rice and Corn- Monthly Total Stocks Inventory by Sector and by Region.csv,152,14,SUCCESS,
https://openstat.psa.gov.ph/PXWeb/api/v1/en/DB/2E/CS/0072E4EVCP2.px,"Fruit Crops: Volume of Production, by Region, Province, Quarter, and Semester, 2010-2026","psa_openstat_downloads\Fruit Crops- Volume of Production, by Region, Province, Quarter, and Semester, 2010-2026.csv",155210,121,SUCCESS,
https://openstat.psa.gov.ph/PXWeb/api/v1/en/DB/2E/CS/0082E4EVCP3.px,0082E4EVCP3,,0,0,FAILED,403 Client Error: Forbidden for url: https://openstat.psa.gov.ph/PXWeb/api/v1/en/DB/2E/CS/0082E4EVCP3.px
https://openstat.psa.gov.ph/PXWeb/api/v1/en/DB/2E/CS/0102E4EAHM2.px,"Fruit Crops: Area Planted/Harvested, by Region, Province, Quarter, and Semester, 2010-2026","psa_openstat_downloads\Fruit Crops- Area Planted-Harvested, by Region, Province, Quarter, and Semester, 2010-2026.csv",155210,121,SUCCESS,
https://openstat.psa.gov.ph/PXWeb/api/v1/en/DB/2E/CS/0112E4EAHM3.px,"Vegetables and Root Crops: Area Planted/Harvested, by Region, Province, Quarter, and Semester, 2010-2026","psa_openstat_downloads\Vegetables and Root Crops- Area Planted-Harvested, by Region, Province, Quarter, and Semester, 2010-2026.csv",224400,121,SUCCESS,
https://openstat.psa.gov.ph/PXWeb/api/v1/en/DB/2E/CS/0132E4EBTM2.px,"Fruit Crops: Number of Bearing Trees/Hills/Vines, by Region, Province, Quarter, Semester, 2010-2026","psa_openstat_downloads\Fruit Crops- Number of Bearing Trees-Hills-Vines, by Region, Province, Quarter, Semester, 2010-2026.csv",142120,121,SUCCESS,
https://openstat.psa.gov.ph/PXWeb/api/v1/en/DB/2E/CS/0162E4EBTM0.px,"Major Crops: Number of Bearing Trees/Hills/Vines, by Region, Quarter, and Semester, 2010-2026","psa_openstat_downloads\Major Crops- Number of Bearing Trees-Hills-Vines, by Region, Quarter, and Semester, 2010-2026.csv",396,121,SUCCESS,
https://openstat.psa.gov.ph/PXWeb/api/v1/en/DB/2E/CS/0172E4ESAV0.px,"Seasonally Adjusted Volume of Production of Palay and Corn in Metric Tons, by Quarter, 2016-2026","psa_openstat_downloads\Seasonally Adjusted Volume of Production of Palay and Corn in Metric Tons, by Quarter, 2016-2026.csv",2,45,SUCCESS,
