Sector,Year,January,February,March,April,May,June,July,August,September,October,November,December
Rice: Total Stock,1980,1885300.0,1819000.0,1815600.0,1753400.0,1812900.0,1725200.0,1575200.0,1359100.00,1197600.00,1199800.00,1468600.00,1722700.00
Rice: Total Stock,1981,1646500.0,1452800.0,1427100.0,1543900.0,1573800.0,1428300.0,1330600.0,1103200.00,1037800.00,1050800.00,1390500.00,1657100.00
Rice: Total Stock,1982,1611200.0,1515900.0,1494200.0,1649300.0,1758600.0,1698900.0,1519700.0,1325100.00,1149800.00,1299100.00,1737600.00,1876400.00
Rice: Total Stock,1983,1866400.0,1712900.0,1706900.0,1825900.0,1872300.0,1754100.0,1478000.0,1172200.00,912900.00,763900.00,1063300.00,1543700.00
Rice: Total Stock,1984,1491300.0,1303900.0,1170900.0,1318000.0,1482200.0,1269200.0,990100.0,848500.00,692400.00,795300.00,1004500.00,1214400.00
Rice: Total Stock,1985,1144300.0,1004500.0,919000.0,1043000.0,1113100.0,1109300.0,999500.0,903500.00,864500.00,1045800.00,1597500.00,1853500.00
Rice: Total Stock,1986,1754500.0,1593800.0,1541900.0,1699600.0,1771000.0,1701100.0,1541200.0,1382900.00,1251900.00,1305000.00,1738500.00,1946200.00
Rice: Total Stock,1987,2017100.0,1724400.0,1636100.0,1741900.0,1728100.0,1669300.0,1417200.0,1135600.00,923000.00,927700.00,1366000.00,1617100.00
Rice: Total Stock,1988,1575000.0,1382400.0,1418900.0,1778000.0,1669800.0,1578700.0,1230800.0,1058800.00,1012300.00,1248200.00,1548000.00,1723900.00
Rice: Total Stock,1989,1517600.0,1292100.0,1186600.0,1320300.0,1394300.0,1192700.0,1079700.0,889800.00,920800.00,1213200.00,1415400.00,1517000.00
Rice: Total Stock,1990,1689500.0,1568000.0,1560500.0,1485200.0,1612900.0,1486400.0,1366600.0,1283400.00,1180000.00,1208200.00,1729600.00,2232900.00
Rice: Total Stock,1991,1899300.0,1739000.0,1692800.0,2011700.0,2004400.0,2125400.0,1821200.0,1560100.00,1344200.00,1445200.00,1776100.00,1970000.00
Rice: Total Stock,1992,2120400.0,1809700.0,1693200.0,1848800.0,1772300.0,1678100.0,1627200.0,1273300.00,1057400.00,948500.00,1356500.00,1550000.00
Rice: Total Stock,1993,1673100.0,1404600.0,1211600.0,1341700.0,1451400.0,1332300.0,1368900.0,1028100.00,868300.00,892800.00,1250000.00,1490400.00
Rice: Total Stock,1994,1444300.0,1157000.0,1092600.0,1362400.0,1408200.0,1353600.0,1258000.0,989900.00,888900.00,1076900.00,1580600.00,1706500.00
Rice: Total Stock,1995,1497800.0,1260800.0,1120100.0,1253000.0,1321500.0,1200400.0,940700.0,703600.00,524400.00,813300.00,1365100.00,1578000.00
Rice: Total Stock,1996,1422300.0,1309100.0,1196700.0,1522500.0,1796800.0,1726700.0,1602800.0,1269200.00,1132200.00,1327100.00,1708200.00,1968600.00
Rice: Total Stock,1997,1793000.0,1520800.0,1412000.0,1629400.0,1962000.0,1891800.0,1819400.0,1600200.00,1352600.00,1410300.00,2059900.00,2278100.00
Rice: Total Stock,1998,1979400.0,1871100.0,1848100.0,2221700.0,2270600.0,2119500.0,1944900.0,1723800.00,1654200.00,1710700.00,2071900.00,2413600.00
Rice: Total Stock,1999,2279300.0,2144600.0,2160700.0,2419800.0,2710900.0,2574100.0,2381100.0,2221200.00,1886100.00,2032900.00,2440900.00,2610000.00
Rice: Total Stock,2000,2364500.0,2042300.0,1765700.0,1874900.0,2067000.0,1835900.0,1628600.0,1373800.00,1195000.00,1485100.00,2010800.00,2277600.00
Rice: Total Stock,2001,2166100.0,1879400.0,1837800.0,2110700.0,2263300.0,2248000.0,2034900.0,1851300.00,1719300.00,1872600.00,2594400.00,2598000.00
Rice: Total Stock,2002,2270700.0,1975200.0,1808200.0,1997200.0,2113200.0,1788900.0,1534700.0,1313400.00,1193100.00,1508200.00,2575000.00,2676000.00
Rice: Total Stock,2003,2448100.0,2289500.0,2068500.0,2210300.0,2390800.0,2097600.0,1806100.0,1566500.00,1399600.00,1742400.00,2525000.00,2607000.00
Rice: Total Stock,2004,2362100.0,2068000.0,1857700.0,2147400.0,2338700.0,1880100.0,1577400.0,1340800.00,1189100.00,1559500.00,2289800.00,2404500.00
Rice: Total Stock,2005,2050900.0,1777400.0,1455600.0,1744700.0,1999200.0,1879300.0,1638200.0,1457100.00,1308000.00,1592700.00,2255300.00,2406200.00
Rice: Total Stock,2006,2094300.0,1885900.0,1719900.0,2192900.0,2422500.0,2217300.0,1960100.0,1754200.00,1649500.00,1825300.00,2435200.00,2580400.00
Rice: Total Stock,2007,2253100.0,1841300.0,1588600.0,1654500.0,1893500.0,1629100.0,1529100.0,1354600.00,1135800.00,1375100.00,2038300.00,2291500.00
Rice: Total Stock,2008,2172300.0,1834900.0,1688700.0,1891400.0,2265400.0,2209500.0,2185200.0,1902100.00,1923100.00,2177100.00,2937800.00,2954100.00
Rice: Total Stock,2009,2638600.0,2279000.0,2167700.0,2478600.0,2683900.0,2683400.0,2776300.0,2380700.00,2322200.00,2485300.00,2958600.00,2897300.00
Rice: Total Stock,2010,2629100.0,2463300.0,2251900.0,2773400.0,3322000.0,3357700.0,3353500.0,3184200.00,3034000.00,3151100.00,3794600.00,3908000.00
Rice: Total Stock,2011,3424300.0,3049600.0,2853000.0,3080600.0,3396500.0,3093600.0,3021800.0,2720400.00,2415200.00,2739200.00,3216800.00,3097500.00
Rice: Total Stock,2012,2627400.0,2331400.0,2012600.0,2637800.0,2673300.0,2287308.0,1915105.0,1616600.00,1441900.00,1999000.00,2784600.00,2613200.00
Rice: Total Stock,2013,2524200.0,2023600.0,1938600.0,2327600.0,2614400.0,2313500.0,2194060.0,1859500.00,1530310.00,1771300.00,2438700.00,2492900.00
Rice: Total Stock,2014,2125497.0,2003813.0,1784781.0,2182481.0,2520176.0,2306164.0,2025007.0,1721784.00,1488718.00,1805310.00,2952744.00,3031531.00
Rice: Total Stock,2015,2662050.0,2350600.0,2265510.0,2542680.0,3167250.0,3019420.0,2568190.0,2244380.00,1955500.00,2196180.00,3107300.00,3441410.00
Rice: Total Stock,2016,3198790.0,2942840.0,2674165.0,3359008.0,3689410.0,3235290.0,2733640.0,2103160.00,1775760.00,2286570.00,3302330.00,3338980.00
Rice: Total Stock,2017,2765120.0,2296321.0,2176201.0,2675545.0,3214184.0,2572937.0,2347896.0,2027999.00,1422835.00,1935868.00,2958730.00,2849370.00
Rice: Total Stock,2018,2289649.0,1795783.0,1697374.0,2182668.0,2909456.0,2360984.0,1990822.0,1520764.00,1168028.00,1589893.00,3000445.00,2718483.00
Rice: Total Stock,2019,2550701.0,2141232.0,2221423.0,2629031.85,2947423.99,2598338.8,2625253.8,2133840.00,1842373.00,2279729.00,2962460.00,3098013.00
Rice: Total Stock,2020,2675039.0,2375497.0,2178636.0,2367873.0,2779030.0,2395941.0,2104760.0,1786250.00,1784820.00,2641080.00,3158538.00,2766398.00
Rice: Total Stock,2021,2331995.0,2193099.02,2080100.35,2444308.9,2584897.35,2530823.49,2177681.0,1578312.23,1332356.90,1954720.67,2418429.07,2377846.29
Rice: Total Stock,2022,1859447.81,1609248.25,1632510.0,2506130.0,2279957.29,2090620.07,2034574.68,1633359.30,1450885.19,2081839.99,2649810.00,2534590.00
Rice: Total Stock,2023,1850450.0,1523032.91,1408846.11,1843053.31,1882057.73,1818204.9,1804168.98,1632450.91,1546094.52,2024327.23,1978558.36,1895782.56
Rice: Total Stock,2024,2027180.48,1510976.97,1366188.44,1856160.79,2075770.81,2163673.78,2177878.72,1867641.11,1659232.97,2281614.84,2461441.52,2556602.38
Rice: Total Stock,2025,2200210.01,2006140.99,1611715.32,2341826.7,2358648.99,2239878.09,2790554.75,2321437.85,2072433.22,2354896.32,2554138.42,2707224.79
Rice: Total Stock,2026,2341155.06,2112282.15,1877328.88,2378655.18,2410587.01,2349596.02,2509178.82,..,..,..,..,..
Rice: Household Stock,1980,968700.0,855000.0,852400.0,825100.0,870900.0,778700.0,647500.0,512400.00,440800.00,564700.00,840000.00,1031700.00
Rice: Household Stock,1981,881100.0,672600.0,675500.0,787600.0,848200.0,702700.0,631500.0,482800.00,480400.00,532500.00,841800.00,983600.00
Rice: Household Stock,1982,858400.0,721900.0,719300.0,841900.0,919800.0,835500.0,639000.0,521200.00,434400.00,629800.00,1004600.00,1068100.00
Rice: Household Stock,1983,955900.0,755700.0,724100.0,820000.0,851000.0,731800.0,586500.0,468300.00,406900.00,417500.00,784400.00,1222700.00
Rice: Household Stock,1984,1094800.0,881400.0,767200.0,950100.0,1105100.0,931400.0,701800.0,571800.00,506700.00,648400.00,809600.00,986800.00
Rice: Household Stock,1985,890400.0,746700.0,684400.0,763200.0,809400.0,759600.0,620200.0,538400.00,479300.00,637000.00,1037700.00,1167800.00
Rice: Household Stock,1986,1019600.0,823600.0,776800.0,917000.0,939300.0,835400.0,682500.0,551400.00,470500.00,563700.00,950700.00,1069500.00
Rice: Household Stock,1987,942000.0,767600.0,686400.0,760000.0,729500.0,712100.0,529400.0,429300.00,349200.00,430100.00,796200.00,951500.00
Rice: Household Stock,1988,895000.0,674800.0,681200.0,924000.0,835800.0,681300.0,546800.0,442900.00,440200.00,687400.00,954500.00,1078100.00
Rice: Household Stock,1989,877200.0,679300.0,650900.0,802600.0,846400.0,670500.0,586400.0,462300.00,466800.00,797500.00,979300.00,1024600.00
Rice: Household Stock,1990,934700.0,793200.0,718900.0,853400.0,881300.0,571600.0,440400.0,458400.00,419200.00,528300.00,895000.00,1068000.00
Rice: Household Stock,1991,774500.0,653000.0,690000.0,996000.0,911300.0,979300.0,683200.0,458400.00,403800.00,521700.00,761700.00,904500.00
Rice: Household Stock,1992,955300.0,704200.0,555000.0,722600.0,607200.0,506500.0,559800.0,386800.00,305800.00,405400.00,794800.00,876600.00
Rice: Household Stock,1993,894600.0,659000.0,544600.0,604800.0,643400.0,544600.0,619400.0,383200.00,346400.00,432800.00,715800.00,873800.00
Rice: Household Stock,1994,894600.0,629900.0,608900.0,829600.0,823200.0,742800.0,730300.0,532200.00,499600.00,706200.00,1114700.00,1217100.00
Rice: Household Stock,1995,1028800.0,803900.0,700300.0,801300.0,837200.0,673300.0,537500.0,437300.00,354500.00,610600.00,1014400.00,1185500.00
Rice: Household Stock,1996,1019900.0,862500.0,745700.0,928800.0,973500.0,788100.0,714500.0,545900.00,501400.00,746800.00,993900.00,1211300.00
Rice: Household Stock,1997,1015800.0,857700.0,780300.0,952900.0,1055100.0,839200.0,683900.0,552800.00,457200.00,582100.00,1148900.00,1304800.00
Rice: Household Stock,1998,1088100.0,898000.0,754800.0,890200.0,856100.0,708700.0,595300.0,492300.00,417000.00,549700.00,853600.00,1005000.00
Rice: Household Stock,1999,955500.0,786300.0,768100.0,939300.0,1046300.0,839900.0,685500.0,603600.00,533800.00,735400.00,1131500.00,1263100.00
Rice: Household Stock,2000,1149700.0,1009500.0,832200.0,954400.0,1059500.0,800300.0,665500.0,551900.00,510600.00,730400.00,1197600.00,1337900.00
Rice: Household Stock,2001,1212600.0,937700.0,845300.0,1088900.0,1076300.0,859900.0,723300.0,586700.00,503900.00,713700.00,1371900.00,1365200.00
Rice: Household Stock,2002,1111700.0,922800.0,829900.0,1050600.0,1135200.0,848300.0,706400.0,545100.00,474300.00,694700.00,1361200.00,1395200.00
Rice: Household Stock,2003,1177400.0,988200.0,868300.0,1033900.0,1185800.0,836200.0,682600.0,558500.00,490700.00,750600.00,1418700.00,1464800.00
Rice: Household Stock,2004,1222300.0,1038400.0,945200.0,1214100.0,1267700.0,951800.0,820400.0,655600.00,519200.00,828400.00,1451300.00,1567900.00
Rice: Household Stock,2005,1364000.0,1172800.0,920500.0,993200.0,1030000.0,842500.0,757200.0,642300.00,576600.00,790000.00,1371400.00,1484500.00
Rice: Household Stock,2006,1322400.0,1127900.0,980600.0,1138600.0,1190900.0,998300.0,845700.0,695900.00,607000.00,752600.00,1405500.00,1586100.00
Rice: Household Stock,2007,1424300.0,1153800.0,993700.0,1131600.0,1184700.0,972500.0,863700.0,690100.00,593500.00,769900.00,1365700.00,1479900.00
Rice: Household Stock,2008,1363000.0,1134200.0,992200.0,1152800.0,1178100.0,976900.0,886500.0,699700.00,690700.00,843200.00,1431500.00,1482500.00
Rice: Household Stock,2009,1278400.0,1096000.0,994100.0,1163400.0,1177400.0,986100.0,904100.0,728100.00,692600.00,822400.00,1349100.00,1364700.00
Rice: Household Stock,2010,1205400.0,1060600.0,898200.0,1069700.0,1106500.0,972700.0,892100.0,670700.00,619000.00,767000.00,1284100.00,1434500.00
Rice: Household Stock,2011,1138700.0,887500.0,857600.0,1010200.0,1237000.0,913700.0,825100.0,638700.00,542900.00,828800.00,1323700.00,1266900.00
Rice: Household Stock,2012,982100.0,845800.0,811700.0,1055900.0,1183500.0,882048.0,762800.0,597700.00,528500.00,933200.00,1439000.00,1322900.00
Rice: Household Stock,2013,1309200.0,891400.0,847500.0,1070000.0,1202700.0,958200.0,811860.0,636500.00,535300.00,905100.00,1447900.00,1437900.00
Rice: Household Stock,2014,1267691.0,1070337.0,947920.0,1187991.0,1326330.0,1081850.0,879582.0,700230.00,596641.00,834113.00,1618678.00,1567645.00
Rice: Household Stock,2015,1326150.0,1049790.0,969700.0,1255790.0,1489850.0,1163370.0,952960.0,733380.00,571300.00,777450.00,1516850.00,1645070.00
Rice: Household Stock,2016,1332970.0,1004640.0,886180.0,1220176.0,1476680.0,1168950.0,980395.0,693590.00,628110.00,990730.00,1677500.00,1678110.00
Rice: Household Stock,2017,1269610.0,1145105.0,1152304.0,1440953.0,1490902.0,1079427.0,994829.0,748337.00,689005.00,1071570.00,1783960.00,1636530.00
Rice: Household Stock,2018,1325510.0,1087823.0,1100501.0,1376056.0,1389951.0,1095314.0,992422.0,746377.00,610196.00,859160.00,1557169.00,1527174.00
Rice: Household Stock,2019,1247580.0,1032420.0,1033643.0,1177607.85,1265467.99,1049051.8,1008664.8,792664.00,673097.00,1052475.00,1526690.00,1607635.00
Rice: Household Stock,2020,1198467.0,1045665.0,981016.0,1243010.0,1519948.0,1256205.0,1073647.0,852459.00,848358.00,1450016.00,1809403.00,1618707.00
Rice: Household Stock,2021,1289511.0,1181681.0,1230125.0,1464978.0,1425103.0,1132455.0,985551.0,751071.00,638163.00,1059684.00,1332368.00,1296967.60
Rice: Household Stock,2022,991556.0,882743.0,864920.0,1372832.0,1240215.85,1049494.08,1064250.41,791550.30,710342.89,1172681.39,1491320.00,1476280.00
Rice: Household Stock,2023,1083610.0,877032.91,811521.17,1015289.61,993969.74,884995.0,758563.57,636406.24,600168.08,917842.92,1017221.98,986776.75
Rice: Household Stock,2024,1000502.23,685199.12,694618.06,938011.79,863765.39,696547.07,706210.58,551898.47,457815.20,898210.85,901206.77,898293.46
Rice: Household Stock,2025,1054600.02,794467.01,784080.77,1174541.59,1158003.14,1001836.78,1022990.3,837944.33,808431.85,952087.39,1149260.99,1029118.44
Rice: Household Stock,2026,1043525.46,899568.63,908721.92,1195714.21,1152685.83,1062634.22,978913.22,..,..,..,..,..
Rice: Commercial Stock,1980,190200.0,188700.0,197900.0,178300.0,184400.0,187500.0,185500.0,157200.00,142500.00,126000.00,131700.00,164800.00
Rice: Commercial Stock,1981,193000.0,208800.0,189100.0,208600.0,190500.0,195600.0,207500.0,208800.00,157300.00,155500.00,179200.00,220600.00
Rice: Commercial Stock,1982,234100.0,224700.0,204000.0,231000.0,255400.0,267000.0,279600.0,217800.00,155300.00,144700.00,205600.00,238400.00
Rice: Commercial Stock,1983,248200.0,219500.0,212600.0,208900.0,231400.0,266000.0,217900.0,167300.00,141900.00,105800.00,121600.00,156900.00
Rice: Commercial Stock,1984,205400.0,216700.0,201500.0,185200.0,206500.0,214700.0,184100.0,147500.00,101700.00,114800.00,148000.00,174500.00
Rice: Commercial Stock,1985,177800.0,167200.0,140000.0,159700.0,186100.0,190200.0,181900.0,172700.00,187500.00,186100.00,232200.00,295500.00
Rice: Commercial Stock,1986,268700.0,252400.0,240400.0,257800.0,297200.0,306300.0,274100.0,244700.00,210300.00,187000.00,232900.00,297600.00
Rice: Commercial Stock,1987,438100.0,287200.0,280800.0,309000.0,341300.0,344800.0,335100.0,275600.00,231700.00,243300.00,303400.00,317300.00
Rice: Commercial Stock,1988,308900.0,356000.0,393500.0,497800.0,480500.0,554200.0,363600.0,261500.00,229500.00,248600.00,281400.00,337400.00
Rice: Commercial Stock,1989,343000.0,356500.0,330400.0,347900.0,411900.0,421000.0,389300.0,313500.00,328300.00,307500.00,351800.00,372800.00
Rice: Commercial Stock,1990,599400.0,565900.0,640800.0,445400.0,502400.0,629200.0,593000.0,501400.00,446300.00,394300.00,519000.00,741100.00
Rice: Commercial Stock,1991,655600.0,639800.0,564000.0,582800.0,646700.0,627900.0,603400.0,560800.00,410400.00,403100.00,491300.00,515700.00
Rice: Commercial Stock,1992,535300.0,448300.0,453300.0,435600.0,465600.0,494300.0,432900.0,395200.00,365400.00,291500.00,350000.00,422700.00
Rice: Commercial Stock,1993,449000.0,415700.0,336300.0,412800.0,488900.0,476400.0,460400.0,393300.00,314400.00,290400.00,352000.00,472400.00
Rice: Commercial Stock,1994,418400.0,405400.0,371300.0,424100.0,482100.0,513800.0,431100.0,373900.00,317100.00,320700.00,427100.00,438800.00
Rice: Commercial Stock,1995,416400.0,406400.0,373500.0,411500.0,447600.0,494200.0,375700.0,241900.00,126800.00,171800.00,285000.00,330700.00
Rice: Commercial Stock,1996,325100.0,306000.0,272200.0,288300.0,379700.0,393800.0,362400.0,327000.00,312700.00,322600.00,427900.00,470200.00
Rice: Commercial Stock,1997,465600.0,417600.0,390900.0,374800.0,421700.0,439200.0,394800.0,348400.00,292300.00,324600.00,464900.00,528700.00
Rice: Commercial Stock,1998,448200.0,397400.0,408100.0,521000.0,534400.0,524100.0,419800.0,334300.00,325800.00,305400.00,358900.00,500400.00
Rice: Commercial Stock,1999,414500.0,389700.0,303900.0,359200.0,503500.0,488100.0,461500.0,511500.00,401900.00,436800.00,488900.00,540000.00
Rice: Commercial Stock,2000,488200.0,420600.0,381000.0,441200.0,509600.0,485500.0,456800.0,360000.00,326400.00,410800.00,410300.00,471900.00
Rice: Commercial Stock,2001,492400.0,487100.0,485600.0,502700.0,610100.0,631000.0,498100.0,408700.00,424100.00,440300.00,524700.00,524500.00
Rice: Commercial Stock,2002,473500.0,429100.0,404800.0,431400.0,482100.0,479900.0,386000.0,336900.00,295800.00,326900.00,488800.00,459900.00
Rice: Commercial Stock,2003,552500.0,497500.0,461400.0,494200.0,562000.0,526500.0,467600.0,394200.00,334800.00,403300.00,519200.00,533600.00
Rice: Commercial Stock,2004,515500.0,480800.0,391500.0,467400.0,551300.0,469100.0,406700.0,323000.00,266400.00,364200.00,492100.00,512200.00
Rice: Commercial Stock,2005,438700.0,404100.0,294200.0,381600.0,458500.0,434300.0,348200.0,310800.00,255700.00,317800.00,413600.00,482700.00
Rice: Commercial Stock,2006,433500.0,392100.0,358000.0,470200.0,482100.0,478800.0,419600.0,367800.00,319500.00,355300.00,424000.00,447400.00
Rice: Commercial Stock,2007,373600.0,330800.0,320800.0,345600.0,452600.0,402600.0,372600.0,275200.00,233600.00,331500.00,377300.00,456900.00
Rice: Commercial Stock,2008,457400.0,432200.0,410800.0,341000.0,499500.0,456900.0,390100.0,347800.00,360200.00,400500.00,539400.00,514300.00
Rice: Commercial Stock,2009,425100.0,370200.0,357500.0,386600.0,443600.0,446900.0,418600.0,361900.00,386700.00,416500.00,464700.00,461700.00
Rice: Commercial Stock,2010,442600.0,393900.0,384400.0,422400.0,459400.0,459000.0,424000.0,479600.00,380900.00,483500.00,693100.00,698900.00
Rice: Commercial Stock,2011,551200.0,543300.0,455200.0,616200.0,699200.0,736500.0,687300.0,596700.00,483800.00,644600.00,713100.00,711300.00
Rice: Commercial Stock,2012,604200.0,606600.0,422800.0,530800.0,799600.0,750393.0,561917.0,487300.00,391900.00,559600.00,782800.00,690600.00
Rice: Commercial Stock,2013,621700.0,556200.0,511800.0,673300.0,799900.0,716400.0,684790.0,584600.00,498610.00,477200.00,636900.00,755000.00
Rice: Commercial Stock,2014,582962.0,474170.0,376481.0,475365.0,727350.0,817464.0,689218.0,579479.00,439271.00,521988.00,902820.00,977855.00
Rice: Commercial Stock,2015,811850.0,769860.0,744950.0,801490.0,1066180.0,1108650.0,840760.0,716630.00,581600.00,666050.00,882140.00,975690.00
Rice: Commercial Stock,2016,965370.0,942380.0,706410.0,1005550.0,1042450.0,994660.0,838810.0,621590.00,522450.00,787910.00,1078840.00,1096690.00
Rice: Commercial Stock,2017,948050.0,685960.0,626928.0,907357.0,1453098.0,1288278.0,1198104.0,1170970.00,668290.00,704949.00,982910.00,1056220.00
Rice: Commercial Stock,2018,857280.0,646560.0,553345.0,794377.0,1516028.0,1263594.0,945100.0,673234.00,446730.00,602301.00,1338841.00,1089173.00
Rice: Commercial Stock,2019,1205210.0,811196.0,695840.0,875239.0,1123813.0,998229.0,1099672.0,880146.00,759744.00,832544.00,981693.00,1009720.00
Rice: Commercial Stock,2020,951634.0,841150.0,715810.0,709550.0,940890.0,891403.0,808547.0,729946.00,744000.00,951180.00,963516.00,794714.00
Rice: Commercial Stock,2021,689961.0,708936.02,584655.88,738160.0,918668.35,1173281.49,986310.0,648399.23,543023.90,728694.67,841738.07,831165.69
Rice: Commercial Stock,2022,659563.81,545273.25,611330.0,997408.49,880938.44,865640.0,809827.27,707200.00,628160.30,798116.60,1038010.00,933010.00
Rice: Commercial Stock,2023,651930.0,541210.0,494252.94,728730.7,787970.99,848107.9,984761.41,945096.67,902290.44,1080905.36,901106.38,851875.81
Rice: Commercial Stock,2024,978002.26,778887.55,630285.38,876590.0,1142655.42,1328853.71,1324469.14,1165003.64,1050261.77,1210759.99,1418557.09,1514261.25
Rice: Commercial Stock,2025,860797.99,922495.98,527777.55,820838.11,803439.85,814385.31,1343908.45,1030751.52,815346.38,954908.93,944142.43,1221968.35
Rice: Commercial Stock,2026,858877.0,791200.85,564220.75,826333.97,916555.18,939018.8,1197236.56,..,..,..,..,..
Rice: NFA Stock,1980,726400.0,775300.0,765300.0,750000.0,757600.0,759000.0,742200.0,689500.00,614300.00,509100.00,496900.00,526200.00
Rice: NFA Stock,1981,572400.0,571400.0,562500.0,547700.0,535100.0,530000.0,491600.0,411600.00,400100.00,362800.00,369500.00,452900.00
Rice: NFA Stock,1982,518700.0,569300.0,570900.0,576400.0,583400.0,596400.0,601100.0,586100.00,560100.00,524600.00,527400.00,569900.00
Rice: NFA Stock,1983,662300.0,737700.0,770200.0,797000.0,789900.0,756300.0,673600.0,536600.00,364100.00,240600.00,157300.00,164100.00
Rice: NFA Stock,1984,191100.0,205800.0,202200.0,182700.0,170600.0,123100.0,104200.0,129200.00,84000.00,32100.00,46900.00,53100.00
Rice: NFA Stock,1985,76100.0,90600.0,94600.0,120100.0,117600.0,159500.0,197400.0,192400.00,197700.00,222700.00,327600.00,390200.00
Rice: NFA Stock,1986,466200.0,517800.0,524700.0,524800.0,534500.0,559400.0,584600.0,586800.00,571100.00,554300.00,554900.00,579100.00
Rice: NFA Stock,1987,637000.0,669600.0,668900.0,672900.0,657300.0,612400.0,552700.0,430700.00,342100.00,254300.00,266400.00,348300.00
Rice: NFA Stock,1988,371100.0,351600.0,344200.0,356200.0,353500.0,343200.0,320400.0,354400.00,342600.00,312200.00,312100.00,308400.00
Rice: NFA Stock,1989,297400.0,256300.0,205300.0,169800.0,136000.0,101200.0,104000.0,114000.00,125700.00,108200.00,84300.00,119600.00
Rice: NFA Stock,1990,155400.0,208900.0,200800.0,186400.0,229200.0,285600.0,333200.0,323600.00,314500.00,285600.00,315600.00,423800.00
Rice: NFA Stock,1991,469200.0,446200.0,438800.0,432900.0,446400.0,518200.0,534600.0,540900.00,530000.00,520400.00,523100.00,549800.00
Rice: NFA Stock,1992,629800.0,657200.0,684900.0,690600.0,699500.0,677300.0,634500.0,491300.00,386200.00,251600.00,211700.00,250700.00
Rice: NFA Stock,1993,329500.0,329900.0,330700.0,324100.0,319100.0,311300.0,289100.0,251600.00,207500.00,169600.00,182200.00,144200.00
Rice: NFA Stock,1994,131300.0,121700.0,112400.0,108700.0,102900.0,97000.0,96600.0,83800.00,72200.00,50000.00,38800.00,50600.00
Rice: NFA Stock,1995,52600.0,50500.0,46300.0,40200.0,36700.0,32900.0,27500.0,24400.00,43100.00,30900.00,65700.00,61800.00
Rice: NFA Stock,1996,77300.0,140600.0,178800.0,305400.0,443600.0,544800.0,525900.0,396300.00,318100.00,257700.00,286400.00,287100.00
Rice: NFA Stock,1997,311600.0,245500.0,240800.0,301700.0,485200.0,613400.0,740700.0,699000.00,603100.00,503600.00,446100.00,444600.00
Rice: NFA Stock,1998,443100.0,575700.0,685200.0,810500.0,880100.0,886700.0,929800.0,897200.00,911400.00,855600.00,859400.00,908200.00
Rice: NFA Stock,1999,909300.0,968600.0,1088700.0,1121300.0,1161100.0,1246100.0,1234100.0,1106100.00,950400.00,860700.00,820500.00,806900.00
Rice: NFA Stock,2000,726600.0,612200.0,552500.0,479300.0,497900.0,550100.0,506300.0,461900.00,358000.00,343900.00,402900.00,467800.00
Rice: NFA Stock,2001,461100.0,454600.0,506900.0,519100.0,576900.0,757100.0,813500.0,855900.00,791300.00,718600.00,697800.00,708300.00
Rice: NFA Stock,2002,685500.0,623300.0,573500.0,515200.0,495900.0,460700.0,442300.0,431400.00,423000.00,486600.00,725000.00,820900.00
Rice: NFA Stock,2003,718200.0,803800.0,738800.0,682200.0,643000.0,734900.0,655900.0,613800.00,574100.00,588500.00,587100.00,608600.00
Rice: NFA Stock,2004,624300.0,548800.0,521000.0,465900.0,519700.0,459200.0,350300.0,362200.00,403500.00,366900.00,346400.00,324400.00
Rice: NFA Stock,2005,248200.0,200500.0,240900.0,369900.0,510700.0,602500.0,532800.0,504000.00,475700.00,484900.00,470300.00,439000.00
Rice: NFA Stock,2006,338400.0,365900.0,381300.0,584100.0,749500.0,740200.0,694800.0,690500.00,723000.00,717400.00,605700.00,546900.00
Rice: NFA Stock,2007,455200.0,356700.0,274100.0,177300.0,256200.0,254000.0,292800.0,389300.00,308700.00,273700.00,295300.00,354700.00
Rice: NFA Stock,2008,351900.0,268500.0,285700.0,397600.0,587800.0,775700.0,908600.0,854600.00,872200.00,933400.00,966900.00,957300.00
Rice: NFA Stock,2009,935100.0,812800.0,816100.0,928600.0,1062900.0,1250400.0,1453600.0,1290700.00,1242900.00,1246400.00,1144800.00,1070900.00
Rice: NFA Stock,2010,981100.0,1008800.0,969300.0,1281300.0,1756100.0,1926000.0,2037400.0,2033900.00,2034100.00,1900600.00,1817400.00,1774600.00
Rice: NFA Stock,2011,1734400.0,1618800.0,1540200.0,1454200.0,1460300.0,1443400.0,1509400.0,1485000.00,1388500.00,1265800.00,1180000.00,1119300.00
Rice: NFA Stock,2012,1041100.0,879000.0,778100.0,1051100.0,690200.0,654867.0,590388.0,531600.00,521500.00,506200.00,562800.00,599700.00
Rice: NFA Stock,2013,593300.0,576000.0,579300.0,584300.0,611800.0,638900.0,697400.0,638400.00,496400.00,389000.00,353900.00,300000.00
Rice: NFA Stock,2014,274844.0,459310.0,460380.0,519125.0,466494.0,406850.0,456207.0,442075.00,452806.00,449211.00,431245.00,486031.00
Rice: NFA Stock,2015,524050.0,530950.0,550860.0,485400.0,611210.0,747410.0,774470.0,794370.00,802600.00,752680.00,708310.00,820650.00
Rice: NFA Stock,2016,900450.0,995820.0,1081570.0,1133280.0,1170280.0,1071680.0,913520.0,787970.00,625210.00,507930.00,545990.00,564180.00
Rice: NFA Stock,2017,547460.0,465255.0,396969.0,327235.0,270184.0,205232.0,154963.0,108692.00,65540.00,159349.00,191860.00,156620.00
Rice: NFA Stock,2018,106859.0,61400.0,43528.0,12235.0,3477.0,2076.0,53300.0,101153.00,111102.00,128432.00,104435.00,102136.00
Rice: NFA Stock,2019,97911.0,297616.0,491940.0,576185.0,558143.0,551058.0,516917.0,461030.00,409532.00,394710.00,454077.00,480658.00
Rice: NFA Stock,2020,524938.0,488682.0,481810.0,415313.0,318196.0,248333.0,222566.0,203845.00,192465.00,239886.00,385619.00,352977.00
Rice: NFA Stock,2021,352523.0,302482.0,265320.0,241170.9,241126.0,225087.0,205820.0,178842.00,151170.00,166342.00,244323.00,249713.00
Rice: NFA Stock,2022,208328.0,181232.0,155870.0,135872.0,158803.0,175486.0,160497.0,134609.00,112382.00,111042.00,120480.00,125300.00
Rice: NFA Stock,2023,114910.0,104790.0,103072.0,99033.0,100117.0,85102.0,60844.0,50948.00,43636.00,44240.00,60230.00,57130.00
Rice: NFA Stock,2024,48676.0,46890.3,41285.0,41559.0,69350.0,138273.0,147199.0,150739.00,151156.00,172644.00,141677.67,144047.67
Rice: NFA Stock,2025,284812.0,289178.0,299857.0,346447.0,397206.0,423656.0,423656.0,452742.00,448655.00,447900.00,460735.00,456138.00
Rice: NFA Stock,2026,438752.6,421512.67,404386.21,356607.0,341346.0,347943.0,333029.04,..,..,..,..,..
Corn: Total Stock,1980,258000.0,258000.0,221700.0,225000.0,187400.0,162600.0,148300.0,172400.00,269300.00,265700.00,261100.00,231900.00
Corn: Total Stock,1981,218600.0,199500.0,191800.0,230800.0,202900.0,163300.0,175200.0,226800.00,342600.00,339500.00,301200.00,291500.00
Corn: Total Stock,1982,235500.0,244900.0,203200.0,219100.0,248100.0,177300.0,172400.0,287400.00,344800.00,346000.00,291900.00,298400.00
Corn: Total Stock,1983,263900.0,240900.0,195500.0,196700.0,160400.0,143000.0,103600.0,142700.00,167800.00,345900.00,331600.00,357400.00
Corn: Total Stock,1984,319100.0,309400.0,250700.0,211100.0,170300.0,136200.0,180800.0,206800.00,301500.00,252500.00,263100.00,207400.00
Corn: Total Stock,1985,181500.0,166600.0,137000.0,181900.0,156200.0,210300.0,251100.0,402200.00,550600.00,467000.00,412200.00,423100.00
Corn: Total Stock,1986,431100.0,329900.0,314100.0,307800.0,269300.0,247700.0,234300.0,393300.00,413000.00,345900.00,302600.00,254600.00
Corn: Total Stock,1987,241100.0,229400.0,194300.0,217600.0,145800.0,110800.0,92600.0,127500.00,243400.00,331800.00,262800.00,235500.00
Corn: Total Stock,1988,229900.0,230600.0,246600.0,316100.0,277800.0,154800.0,194400.0,304700.00,419200.00,388800.00,378400.00,291100.00
Corn: Total Stock,1989,293100.0,258200.0,247000.0,272600.0,170600.0,126700.0,137800.0,204900.00,316500.00,223700.00,126900.00,147900.00
Corn: Total Stock,1990,138200.0,214000.0,195600.0,132000.0,132400.0,146200.0,151500.0,215100.00,384600.00,603500.00,594300.00,615600.00
Corn: Total Stock,1991,601400.0,543500.0,625200.0,795500.0,746800.0,750200.0,642200.0,641400.00,537700.00,670900.00,573600.00,492500.00
Corn: Total Stock,1992,459300.0,395500.0,380600.0,417600.0,381700.0,201200.0,138600.0,191500.00,387500.00,418400.00,249400.00,191500.00
Corn: Total Stock,1993,237000.0,213500.0,255600.0,309800.0,241600.0,172100.0,219400.0,287800.00,310100.00,263500.00,321500.00,268300.00
Corn: Total Stock,1994,204400.0,193000.0,185700.0,199100.0,220700.0,182700.0,172876.0,256470.00,401400.00,349600.00,241000.00,213800.00
Corn: Total Stock,1995,216600.0,226490.0,262400.0,240100.0,206700.0,179600.0,184600.0,182400.00,414500.00,453200.00,273000.00,221700.00
Corn: Total Stock,1996,189500.0,201900.0,283900.0,250100.0,250200.0,291400.0,169800.0,279700.00,455500.00,425500.00,335700.00,284200.00
Corn: Total Stock,1997,260400.0,274900.0,234800.0,193300.0,153800.0,191307.0,146900.0,230609.00,281300.00,405700.00,320000.00,329400.00
Corn: Total Stock,1998,322700.0,339200.0,310200.0,336400.0,270600.0,209900.0,135416.0,157300.00,368100.00,580100.00,512500.00,484200.00
Corn: Total Stock,1999,470700.0,481900.0,456500.0,510600.0,407600.0,358900.0,321600.0,347000.00,470500.00,414300.00,283900.00,307100.00
Corn: Total Stock,2000,237900.0,209300.0,173100.0,246700.0,157400.0,158000.0,193500.0,227700.00,294900.00,276900.00,177800.00,174100.00
Corn: Total Stock,2001,189700.0,183000.0,180000.0,190100.0,155400.0,145800.0,231700.0,160900.00,315400.00,260400.00,163600.00,178200.00
Corn: Total Stock,2002,177400.0,157600.0,181200.0,176900.0,239400.0,144900.0,134200.0,149900.00,241000.00,340500.00,200300.00,212100.00
Corn: Total Stock,2003,232300.0,230900.0,253500.0,238600.0,230000.0,183700.0,167600.0,164500.00,307800.00,323400.00,248800.00,222600.00
Corn: Total Stock,2004,211400.0,206300.0,233600.0,223700.0,210400.0,216800.0,190800.0,220000.00,334300.00,424900.00,263800.00,253700.00
Corn: Total Stock,2005,191643.0,225680.2,272873.0,270347.67,225059.86,182128.56,236795.0,303477.00,366706.07,433600.00,287647.60,227777.33
Corn: Total Stock,2006,204685.2,184911.75,254723.97,263668.0,183255.2,146022.87,121316.17,124909.35,254635.00,376600.00,205520.14,181461.84
Corn: Total Stock,2007,177000.0,184172.21,242205.65,245640.83,203614.59,132946.65,96165.8,114937.51,308860.55,330400.00,240711.13,231587.00
Corn: Total Stock,2008,177135.35,187027.0,181817.0,260274.59,330181.21,228384.0,191636.0,171642.00,343151.00,345200.00,205830.00,208675.00
Corn: Total Stock,2009,197600.0,163400.0,139200.0,225900.0,232000.0,183800.0,218400.0,227100.00,390800.00,362800.00,294500.00,272800.00
Corn: Total Stock,2010,254400.0,249900.0,243600.0,240000.0,195000.0,149500.0,109100.0,126500.00,290000.00,354000.00,253800.00,178500.00
Corn: Total Stock,2011,152500.0,155100.0,145300.0,214400.0,206200.0,234500.0,221300.0,157000.00,279600.00,265200.00,200900.00,177100.00
Corn: Total Stock,2012,166100.0,129770.0,146400.0,214210.0,204700.0,182401.0,139364.0,140600.00,205490.00,217140.00,197260.00,204730.00
Corn: Total Stock,2013,161280.0,150470.0,188190.0,299100.0,230800.0,139500.0,123180.0,141800.00,267390.00,217400.00,183100.00,189400.00
Corn: Total Stock,2014,168801.0,215941.0,267800.0,368678.0,268079.0,188520.0,161751.0,256259.00,280000.00,408272.00,239528.00,216012.00
Corn: Total Stock,2015,183960.0,252770.0,186550.0,340170.0,223330.0,207210.0,275400.0,313330.00,329000.00,420740.00,298160.00,265200.00
Corn: Total Stock,2016,386960.0,311665.0,302350.0,365110.0,517240.0,327460.0,215920.0,336480.00,380570.00,543850.00,604790.00,369980.00
Corn: Total Stock,2017,382130.0,439571.0,1078290.0,1146762.0,1556544.0,978864.0,683624.0,696462.00,1422210.00,1368856.00,603290.00,536560.00
Corn: Total Stock,2018,951597.0,410331.0,278335.0,369341.0,338309.0,592006.0,480856.0,1221914.00,531071.00,566825.00,639516.00,629912.00
Corn: Total Stock,2019,676134.0,781520.0,397120.0,613997.96,829109.03,859765.0,822701.0,724081.00,768658.00,1095916.00,1198498.00,794866.00
Corn: Total Stock,2020,812001.0,654526.0,793281.0,736071.0,839450.0,905521.0,741655.0,732177.00,797370.00,985540.00,1021950.00,960954.00
Corn: Total Stock,2021,914067.0,599690.0,461214.0,713676.0,826678.98,962068.47,924246.0,707653.11,560606.85,513934.39,554676.38,562840.55
Corn: Total Stock,2022,507145.5,472566.43,448311.35,777374.11,779794.0,873478.38,746916.04,704462.18,561696.13,754705.73,603670.63,454030.29
Corn: Total Stock,2023,409494.11,366400.03,352035.24,496735.68,668704.27,886462.42,823764.09,806681.95,802569.60,974798.81,779459.18,685891.83
Corn: Total Stock,2024,597618.67,491774.96,546900.0,602141.3,710717.82,750761.22,670402.28,666475.20,625116.33,728233.73,619157.39,548310.91
Corn: Total Stock,2025,372413.92,451185.84,368514.0,653351.93,671104.49,651959.2,624397.21,590723.37,555403.19,846809.70,790164.03,676293.63
Corn: Total Stock,2026,516990.62,573035.14,465858.55,794085.46,832813.42,900249.0,836223.37,..,..,..,..,..
Corn: Household Stock,1980,100900.0,99900.0,103200.0,116000.0,91700.0,75400.0,67300.0,90200.00,176400.00,139300.00,133200.00,122300.00
Corn: Household Stock,1981,107300.0,95300.0,87600.0,102900.0,95400.0,63400.0,67800.0,123800.00,206600.00,196400.00,149700.00,131600.00
Corn: Household Stock,1982,123300.0,109100.0,100600.0,110800.0,109400.0,87300.0,78500.0,181000.00,198400.00,178500.00,131700.00,137200.00
Corn: Household Stock,1983,91100.0,87800.0,65800.0,68800.0,63200.0,37900.0,28200.0,32100.00,70400.00,198500.00,138000.00,105000.00
Corn: Household Stock,1984,72000.0,80900.0,69200.0,66400.0,60300.0,41500.0,35700.0,63800.00,116800.00,88100.00,117600.00,105300.00
Corn: Household Stock,1985,104000.0,96800.0,87200.0,103800.0,75700.0,93500.0,95600.0,213900.00,305700.00,203600.00,141800.00,144700.00
Corn: Household Stock,1986,162500.0,105600.0,127800.0,127700.0,109300.0,80000.0,91400.0,200400.00,218300.00,154000.00,91400.00,97000.00
Corn: Household Stock,1987,78900.0,91700.0,72600.0,81900.0,57100.0,35400.0,34400.0,54400.00,139300.00,212000.00,151200.00,116500.00
Corn: Household Stock,1988,99100.0,106400.0,104300.0,124700.0,95700.0,50500.0,67400.0,177100.00,210600.00,138800.00,127300.00,68000.00
Corn: Household Stock,1989,68800.0,105700.0,127800.0,124100.0,99800.0,60900.0,79100.0,120500.00,231600.00,142900.00,74400.00,86600.00
Corn: Household Stock,1990,80100.0,123900.0,95200.0,46300.0,50600.0,52200.0,41500.0,95200.00,223900.00,331400.00,233200.00,246300.00
Corn: Household Stock,1991,186500.0,134600.0,128800.0,200100.0,121700.0,149200.0,51600.0,90300.00,139100.00,207200.00,105000.00,72800.00
Corn: Household Stock,1992,97800.0,71000.0,68400.0,96400.0,40500.0,31100.0,27400.0,66000.00,237200.00,286200.00,127300.00,74500.00
Corn: Household Stock,1993,109500.0,106200.0,86800.0,127400.0,86400.0,43100.0,76300.0,153000.00,188800.00,139300.00,150200.00,127800.00
Corn: Household Stock,1994,103500.0,79800.0,88000.0,84700.0,126300.0,85000.0,73100.0,156600.00,281500.00,212400.00,109800.00,113600.00
Corn: Household Stock,1995,105700.0,121400.0,132400.0,108900.0,95800.0,51900.0,63600.0,90100.00,309900.00,309600.00,158400.00,102400.00
Corn: Household Stock,1996,96900.0,99400.0,179900.0,126700.0,114600.0,91400.0,64500.0,152400.00,255100.00,209800.00,144500.00,136000.00
Corn: Household Stock,1997,124600.0,141400.0,122300.0,91300.0,79500.0,83600.0,62200.0,142900.00,174300.00,269200.00,164500.00,160200.00
Corn: Household Stock,1998,125700.0,162300.0,123000.0,98600.0,81900.0,43300.0,41700.0,62900.00,244800.00,362600.00,233700.00,191700.00
Corn: Household Stock,1999,158800.0,132300.0,138100.0,181300.0,112600.0,97500.0,72000.0,130000.00,258900.00,202300.00,122400.00,106500.00
Corn: Household Stock,2000,102300.0,96200.0,108600.0,114000.0,80800.0,70900.0,100200.0,123000.00,195900.00,145800.00,105400.00,101100.00
Corn: Household Stock,2001,111500.0,113700.0,106900.0,109300.0,75200.0,53700.0,100800.0,84300.00,224900.00,164800.00,85900.00,94500.00
Corn: Household Stock,2002,72300.0,73600.0,102100.0,98700.0,98800.0,58400.0,64100.0,67300.00,146800.00,245200.00,106200.00,105300.00
Corn: Household Stock,2003,89200.0,100500.0,116300.0,123800.0,90500.0,70000.0,65100.0,76100.00,194700.00,207700.00,130300.00,116900.00
Corn: Household Stock,2004,108200.0,122300.0,165700.0,135800.0,98800.0,72500.0,78400.0,84100.00,232300.00,324000.00,136900.00,111900.00
Corn: Household Stock,2005,107893.0,104908.0,133835.0,139605.0,106332.0,62067.0,58723.0,85960.00,169725.00,259800.00,137803.00,107087.00
Corn: Household Stock,2006,107776.0,96200.0,162529.0,153131.0,122034.0,90638.0,57204.0,67293.00,196390.00,308400.00,126131.00,94357.00
Corn: Household Stock,2007,104900.0,100798.0,119482.0,183423.0,116856.0,58327.0,52400.0,78400.00,237427.00,226080.00,128126.00,118683.00
Corn: Household Stock,2008,89081.0,102774.0,106432.0,141979.0,104023.0,52245.0,58286.0,69809.00,224568.00,192300.00,87660.00,100207.00
Corn: Household Stock,2009,79500.0,89800.0,64300.0,106700.0,78700.0,44600.0,79400.0,71800.00,155400.00,175100.00,82400.00,76500.00
Corn: Household Stock,2010,64300.0,67500.0,67900.0,77500.0,44600.0,33000.0,37200.0,50400.00,192100.00,237600.00,132600.00,91700.00
Corn: Household Stock,2011,75300.0,82500.0,77600.0,130000.0,74000.0,47700.0,45400.0,47400.00,176900.00,146200.00,75000.00,57000.00
Corn: Household Stock,2012,61700.0,58200.0,74200.0,114200.0,64200.0,46288.0,54500.0,57400.00,134400.00,125400.00,67000.00,65600.00
Corn: Household Stock,2013,61300.0,62100.0,103000.0,119900.0,50500.0,40600.0,42500.0,51700.00,167100.00,122900.00,78500.00,82000.00
Corn: Household Stock,2014,65146.0,131133.0,125882.0,163679.0,87430.0,53583.0,53963.0,73738.00,138286.00,282558.00,108960.00,92076.00
Corn: Household Stock,2015,84960.0,83630.0,94690.0,180080.0,71630.0,44450.0,51930.0,52520.00,139400.00,182420.00,107480.00,96890.00
Corn: Household Stock,2016,103810.0,79680.0,97020.0,113910.0,70130.0,53590.0,47540.0,58620.00,144440.00,294660.00,182330.00,150520.00
Corn: Household Stock,2017,175060.0,152100.0,124673.0,130393.0,102892.0,91806.0,64813.0,83477.00,156210.00,174600.00,113950.00,88750.00
Corn: Household Stock,2018,74987.0,74119.0,72303.0,113819.0,58550.0,46619.0,60256.0,70206.00,133797.00,151468.00,154178.00,96099.00
Corn: Household Stock,2019,115611.0,145903.0,112329.0,144632.96,101075.03,80023.0,61179.0,93301.00,213414.00,305230.00,222527.00,182281.00
Corn: Household Stock,2020,209926.0,153103.0,202770.0,170750.0,157178.0,95996.0,76923.0,96517.00,305220.00,420306.00,346433.00,351992.00
Corn: Household Stock,2021,289033.0,224290.0,201214.0,258166.0,285016.0,139188.0,98496.0,108126.00,187361.00,213162.00,133360.00,109285.40
Corn: Household Stock,2022,73956.0,94169.0,118167.0,179887.0,107307.0,72418.84,76682.18,85412.18,95745.73,210035.73,107572.92,78907.12
Corn: Household Stock,2023,78845.46,75117.88,95948.93,102881.19,83724.06,94504.0,58597.86,61397.19,63453.25,125607.14,92050.72,117883.58
Corn: Household Stock,2024,57068.67,51420.79,53350.0,91802.72,57140.95,48218.03,37262.51,36250.89,33133.03,142447.23,78509.90,66252.32
Corn: Household Stock,2025,55504.73,46317.08,52893.63,125462.17,104088.16,63067.12,81207.47,78550.48,52655.28,185546.43,127588.20,93252.45
Corn: Household Stock,2026,83842.05,74490.74,69316.4,150931.16,156104.17,110109.17,99090.47,..,..,..,..,..
Corn: Commercial Stock,1980,85900.0,87300.0,78000.0,77800.0,75500.0,66100.0,70100.0,74000.00,81600.00,97200.00,81600.00,77500.00
Corn: Commercial Stock,1981,67700.0,75300.0,76200.0,88300.0,67800.0,65100.0,68100.0,74500.00,103100.00,94000.00,88700.00,96100.00
Corn: Commercial Stock,1982,38600.0,69700.0,40700.0,45500.0,74500.0,22300.0,23500.0,37700.00,50200.00,51900.00,44600.00,49900.00
Corn: Commercial Stock,1983,61000.0,50600.0,46500.0,44500.0,42200.0,26100.0,22100.0,16300.00,48400.00,58700.00,65200.00,70900.00
Corn: Commercial Stock,1984,71400.0,62400.0,54300.0,44200.0,44400.0,40000.0,35100.0,34200.00,45500.00,32700.00,32800.00,36700.00
Corn: Commercial Stock,1985,31700.0,33100.0,22400.0,32600.0,32500.0,30700.0,39200.0,70600.00,114900.00,96800.00,88800.00,92000.00
Corn: Commercial Stock,1986,79400.0,62200.0,65200.0,79900.0,71500.0,81700.0,59900.0,110800.00,109000.00,95700.00,117000.00,68300.00
Corn: Commercial Stock,1987,85200.0,78600.0,72600.0,88800.0,59200.0,57800.0,47800.0,54100.00,89200.00,95700.00,87900.00,89700.00
Corn: Commercial Stock,1988,103500.0,105600.0,98900.0,165300.0,159400.0,84300.0,95200.0,90900.00,120900.00,125100.00,121500.00,96500.00
Corn: Commercial Stock,1989,115400.0,93300.0,89300.0,129400.0,64400.0,62300.0,56900.0,82900.00,83600.00,79500.00,51200.00,60000.00
Corn: Commercial Stock,1990,57400.0,63400.0,56500.0,63800.0,67400.0,85200.0,104300.0,112100.00,110400.00,131200.00,149000.00,136000.00
Corn: Commercial Stock,1991,162300.0,148000.0,168600.0,238800.0,258800.0,255400.0,258400.0,252100.00,120000.00,168600.00,183100.00,153300.00
Corn: Commercial Stock,1992,152600.0,155300.0,177000.0,225600.0,274400.0,157500.0,104000.0,122800.00,149300.00,126200.00,117500.00,112100.00
Corn: Commercial Stock,1993,119500.0,105400.0,168300.0,182400.0,153700.0,129000.0,142100.0,133200.00,120000.00,116800.00,163200.00,135100.00
Corn: Commercial Stock,1994,95900.0,106200.0,92900.0,108100.0,89500.0,94700.0,98800.0,98900.00,115800.00,129700.00,125900.00,95300.00
Corn: Commercial Stock,1995,109500.0,104300.0,129300.0,131200.0,110900.0,127700.0,121000.0,90900.00,101600.00,143400.00,114600.00,119300.00
Corn: Commercial Stock,1996,92600.0,102500.0,104000.0,119300.0,131300.0,197100.0,103100.0,123800.00,194600.00,207400.00,181100.00,134200.00
Corn: Commercial Stock,1997,120000.0,121800.0,108900.0,99500.0,72900.0,107000.0,81500.0,87000.00,103000.00,127300.00,136400.00,141900.00
Corn: Commercial Stock,1998,156900.0,131900.0,134400.0,181000.0,156200.0,158800.0,93400.0,92300.00,119100.00,162000.00,188100.00,150200.00
Corn: Commercial Stock,1999,159300.0,180600.0,171900.0,181100.0,162100.0,172800.0,155700.0,137300.00,138400.00,133300.00,108600.00,167400.00
Corn: Commercial Stock,2000,128900.0,112900.0,63900.0,132700.0,74400.0,86000.0,92300.0,102000.00,91200.00,122200.00,63800.00,68500.00
Corn: Commercial Stock,2001,77200.0,68700.0,73100.0,80800.0,80200.0,92100.0,130900.0,76600.00,90500.00,95600.00,77700.00,83700.00
Corn: Commercial Stock,2002,105100.0,84000.0,79100.0,78200.0,140600.0,86500.0,70100.0,82600.00,94200.00,95300.00,94100.00,106800.00
Corn: Commercial Stock,2003,143100.0,130400.0,137200.0,114800.0,139500.0,113700.0,102500.0,88400.00,113100.00,115700.00,118500.00,105700.00
Corn: Commercial Stock,2004,103200.0,84000.0,67900.0,87900.0,111600.0,144300.0,112400.0,135900.00,102000.00,100900.00,126900.00,141800.00
Corn: Commercial Stock,2005,83750.0,120701.2,138245.0,129218.67,117314.86,119156.56,177958.0,217488.00,196869.07,173300.00,148437.60,119437.33
Corn: Commercial Stock,2006,95434.2,87441.75,91098.97,110532.0,61216.2,55381.87,64109.17,57613.35,58245.00,68200.00,79269.14,86920.84
Corn: Commercial Stock,2007,72000.0,83341.21,122690.65,62184.83,86752.59,74613.65,43764.8,36536.50,71432.55,104300.00,112584.13,112903.00
Corn: Commercial Stock,2008,88053.35,84253.0,75385.0,118295.59,225597.21,175415.0,132626.0,101109.00,117859.00,152210.00,116841.00,107155.00
Corn: Commercial Stock,2009,118100.0,73600.0,74900.0,119200.0,153300.0,139200.0,128800.0,124200.00,173500.00,155100.00,135600.00,113300.00
Corn: Commercial Stock,2010,98300.0,91000.0,81600.0,88900.0,109200.0,80000.0,58500.0,65600.00,89200.00,111500.00,116800.00,84600.00
Corn: Commercial Stock,2011,76200.0,72300.0,67400.0,84100.0,131900.0,186800.0,175900.0,109600.00,102700.00,118900.00,125800.00,119900.00
Corn: Commercial Stock,2012,104200.0,71500.0,72200.0,100000.0,140200.0,135968.0,84704.0,83100.00,70800.00,91500.00,130000.00,139000.00
Corn: Commercial Stock,2013,99900.0,88300.0,85000.0,178800.0,177900.0,95900.0,77480.0,84700.00,90290.00,82500.00,94100.00,97000.00
Corn: Commercial Stock,2014,93250.0,74464.0,131491.0,194764.0,174047.0,129100.0,101961.0,177327.00,138724.00,123684.00,128787.00,122277.00
Corn: Commercial Stock,2015,97400.0,167660.0,90260.0,158250.0,149490.0,161820.0,222490.0,259830.00,188600.00,237300.00,189570.00,166950.00
Corn: Commercial Stock,2016,281730.0,231530.0,204860.0,250720.0,447070.0,273430.0,168040.0,277850.00,236100.00,248940.00,421730.00,218430.00
Corn: Commercial Stock,2017,205780.0,285092.0,948443.0,1010102.0,1447341.0,880691.0,613269.0,607962.00,1265430.00,1193710.00,488810.00,447440.00
Corn: Commercial Stock,2018,876180.0,335821.0,206002.0,255492.0,279759.0,545387.0,420600.0,1151708.00,397274.00,415357.00,485338.00,533813.00
Corn: Commercial Stock,2019,560523.0,635617.0,284791.0,469365.0,728034.0,779742.0,761522.0,630780.00,555244.00,790686.00,975971.00,612585.00
Corn: Commercial Stock,2020,602075.0,501423.0,590511.0,565321.0,682270.0,809525.0,664732.0,635660.00,492150.00,565234.00,675517.00,608962.00
Corn: Commercial Stock,2021,625034.0,375400.0,260000.0,455510.0,541662.98,822880.47,825750.0,599527.11,373245.85,300772.39,421316.38,453555.15
Corn: Commercial Stock,2022,433189.5,378397.43,330144.35,597487.11,672487.0,801059.54,670233.86,619050.00,465950.39,544670.00,496097.71,375123.16
Corn: Commercial Stock,2023,330648.64,291282.15,256086.31,393854.49,584980.21,791958.42,765166.23,745284.76,739116.35,849191.67,687408.46,568008.25
Corn: Commercial Stock,2024,540550.0,440354.17,493550.0,510338.58,653576.87,702543.2,633139.77,630224.31,591983.30,585390.67,540647.48,482058.59
Corn: Commercial Stock,2025,316909.19,404868.76,315620.37,527889.76,567016.34,588892.08,543189.74,512172.90,502747.91,661263.27,662575.83,583041.18
Corn: Commercial Stock,2026,433148.58,498544.41,396542.15,643154.3,676709.25,790139.82,737132.9,..,..,..,..,..
Corn: NFA Stock,1980,71200.0,70800.0,40500.0,31200.0,20200.0,21100.0,10900.0,8200.00,11300.00,29200.00,46300.00,32100.00
Corn: NFA Stock,1981,43600.0,28900.0,28000.0,39600.0,39700.0,34800.0,39300.0,28500.00,32900.00,49100.00,62800.00,63800.00
Corn: NFA Stock,1982,73600.0,66100.0,61900.0,62800.0,64200.0,67700.0,70400.0,68700.00,96200.00,115600.00,115600.00,111300.00
Corn: NFA Stock,1983,111800.0,102500.0,83200.0,83400.0,55000.0,79000.0,53300.0,94300.00,49000.00,88700.00,128400.00,181500.00
Corn: NFA Stock,1984,175700.0,166100.0,127200.0,100500.0,65600.0,54700.0,110000.0,108800.00,139200.00,131700.00,112700.00,65400.00
Corn: NFA Stock,1985,45800.0,36700.0,27400.0,45500.0,48000.0,86100.0,116300.0,117700.00,130000.00,166600.00,181600.00,186400.00
Corn: NFA Stock,1986,189200.0,162100.0,121100.0,100200.0,88500.0,86000.0,83000.0,82100.00,85700.00,96200.00,94200.00,89300.00
Corn: NFA Stock,1987,77000.0,59100.0,49100.0,46900.0,29500.0,17600.0,10400.0,19000.00,14900.00,24100.00,23700.00,29300.00
Corn: NFA Stock,1988,27300.0,18600.0,43400.0,26100.0,22700.0,20000.0,31800.0,36700.00,87700.00,124900.00,129600.00,126600.00
Corn: NFA Stock,1989,108900.0,59200.0,29900.0,19100.0,6400.0,3500.0,1800.0,1500.00,1300.00,1300.00,1300.00,1300.00
Corn: NFA Stock,1990,700.0,26700.0,43900.0,21900.0,14400.0,8800.0,5700.0,7800.00,50300.00,140900.00,212100.00,233300.00
Corn: NFA Stock,1991,252600.0,260900.0,327800.0,356600.0,366300.0,345600.0,332200.0,299000.00,278600.00,295100.00,285500.00,266400.00
Corn: NFA Stock,1992,208900.0,169200.0,135200.0,95600.0,66800.0,12600.0,7200.0,2700.00,1000.00,6000.00,4600.00,4900.00
Corn: NFA Stock,1993,8000.0,1900.0,500.0,0.0,1500.0,0.0,1000.0,1600.00,1300.00,7400.00,8100.00,5400.00
Corn: NFA Stock,1994,5000.0,7000.0,4800.0,6300.0,4900.0,3000.0,976.0,970.00,4100.00,7500.00,5300.00,4900.00
Corn: NFA Stock,1995,1400.0,790.0,704.0,0.0,0.0,0.0,0.0,1400.00,3000.00,200.00,0.00,0.00
Corn: NFA Stock,1996,0.0,0.0,0.0,4100.0,4300.0,2900.0,2200.0,3500.00,5800.00,8300.00,10100.00,14000.00
Corn: NFA Stock,1997,15800.0,11700.0,3600.0,2500.0,1400.0,707.0,3200.0,709.00,4000.00,9200.00,19100.00,27300.00
Corn: NFA Stock,1998,40100.0,45000.0,52800.0,56800.0,32500.0,7800.0,316.0,2100.00,4200.00,55500.00,90700.00,142300.00
Corn: NFA Stock,1999,152600.0,169000.0,146500.0,148200.0,132900.0,88600.0,93900.0,79700.00,73200.00,78700.00,52900.00,33200.00
Corn: NFA Stock,2000,6700.0,200.0,600.0,0.0,2200.0,1100.0,1000.0,2700.00,7800.00,8900.00,8600.00,4500.00
Corn: NFA Stock,2001,1000.0,600.0,0.0,0.0,0.0,0.0,0.0,0.00,0.00,0.00,0.00,0.00
Corn: NFA Stock,2002,0.0,0.0,0.0,0.0,0.0,0.0,0.0,0.00,0.00,0.00,0.00,0.00
Corn: NFA Stock,2003,0.0,0.0,0.0,0.0,0.0,0.0,0.0,0.00,0.00,0.00,0.00,0.00
Corn: NFA Stock,2004,0.0,0.0,0.0,0.0,0.0,0.0,0.0,0.00,0.00,0.00,0.00,0.00
Corn: NFA Stock,2005,0.0,71.0,793.0,1524.0,1413.0,905.0,114.0,29.00,112.00,500.00,1407.00,1253.00
Corn: NFA Stock,2006,1475.0,1270.0,1096.0,5.0,5.0,3.0,3.0,3.00,0.00,30.00,120.00,184.00
Corn: NFA Stock,2007,200.0,33.0,33.0,33.0,6.0,5.0,5.0,1.00,1.00,1.00,1.00,1.00
Corn: NFA Stock,2008,1.0,0.0,0.0,0.0,561.0,724.0,724.0,724.00,724.00,700.00,1325.00,1313.00
Corn: NFA Stock,2009,0.0,0.0,0.0,0.0,0.0,0.0,10200.0,31100.00,61900.00,32600.00,76500.00,83000.00
Corn: NFA Stock,2010,91800.0,91400.0,94100.0,73600.0,41200.0,36500.0,13400.0,10500.00,8700.00,4900.00,4400.00,2200.00
Corn: NFA Stock,2011,1000.0,300.0,300.0,300.0,300.0,30.0,30.0,30.00,30.00,80.00,80.00,200.00
Corn: NFA Stock,2012,200.0,70.0,0.0,10.0,300.0,145.0,160.0,100.00,290.00,240.00,260.00,130.00
Corn: NFA Stock,2013,80.0,70.0,190.0,400.0,2400.0,3000.0,3200.0,5400.00,10000.00,12000.00,10500.00,10400.00
Corn: NFA Stock,2014,10405.0,10344.0,10354.0,10235.0,6602.0,5840.0,5827.0,5194.00,3047.00,2030.00,1781.00,1659.00
Corn: NFA Stock,2015,1600.0,1480.0,1600.0,1840.0,2220.0,930.0,980.0,990.00,1000.00,1010.00,1110.00,1350.00
Corn: NFA Stock,2016,1420.0,450.0,470.0,480.0,40.0,430.0,350.0,10.00,30.00,250.00,730.00,1030.00
Corn: NFA Stock,2017,1290.0,2379.0,5179.0,6267.0,6311.0,6367.0,5542.0,5023.00,570.00,550.00,530.00,370.00
Corn: NFA Stock,2018,430.0,391.0,30.0,30.0,0.0,0.0,0.0,0.00,0.00,0.00,0.00,0.00
Corn: NFA Stock,2019,0.0,0.0,0.0,0.0,0.0,0.0,0.0,0.00,0.00,0.00,0.00,0.00
Corn: NFA Stock,2020,0.0,0.0,0.0,0.0,0.0,0.0,0.0,0.00,0.00,0.00,0.00,0.00
Corn: NFA Stock,2021,0.0,0.0,0.0,0.0,0.0,0.0,0.0,0.00,0.00,0.00,0.00,0.00
Corn: NFA Stock,2022,0.0,0.0,0.0,0.0,0.0,0.0,0.0,0.00,0.00,0.00,0.00,0.00
Corn: NFA Stock,2023,0.0,0.0,0.0,0.0,0.0,0.0,0.0,0.00,0.00,0.00,0.00,0.00
Corn: NFA Stock,2024,0.0,0.0,0.0,0.0,0.0,0.0,0.0,0.00,0.00,0.00,0.00,0.00
Corn: NFA Stock,2025,0.0,0.0,0.0,0.0,0.0,0.0,0.0,0.00,0.00,0.00,0.00,0.00
Corn: NFA Stock,2026,0.0,0.0,0.0,0.0,0.0,0.0,0.0,..,..,..,..,..
