Sector,Geolocation,2026 January,2026 February,2026 March,2026 April,2026 May,2026 June,2026 July,2026 August,2026 September,2026 October,2026 November,2026 December
Rice: Total Stocks,PHILIPPINES,2341155.06,2112282.15,1877328.88,2378655.17,2410587.07,2349596.14,2509178.82,..,..,..,..,..
Rice: Total Stocks,..NATIONAL CAPITAL REGION (NCR),222540.23,189437.22,208657.62,132456.46,154059.28,154533.21,211702.62,..,..,..,..,..
Rice: Total Stocks,..CORDILLERA ADMINISTRATIVE REGION (CAR),72666.36,78449.26,49423.12,45467.36,56208.5,55786.35,52521.11,..,..,..,..,..
Rice: Total Stocks,..REGION I (ILOCOS REGION),343878.81,191614.6,156796.12,117413.51,151737.84,144108.72,243907.99,..,..,..,..,..
Rice: Total Stocks,..REGION II (CAGAYAN VALLEY),242016.14,264676.42,168780.09,307122.27,346990.67,322919.78,306150.77,..,..,..,..,..
Rice: Total Stocks,..REGION III (CENTRAL LUZON),300169.32,257383.89,256171.91,327135.02,397432.91,371604.05,461634.72,..,..,..,..,..
Rice: Total Stocks,..REGION IV-A (CALABARZON),86178.83,80178.24,71443.61,98563.04,123487.3,159378.68,146674.51,..,..,..,..,..
Rice: Total Stocks,..MIMAROPA,131613.86,125182.43,129959.69,186437.97,180456.48,189968.4,156181.99,..,..,..,..,..
Rice: Total Stocks,..REGION V (BICOL REGION),115951.38,93170.07,94362.88,174874.6,128900.39,174155.93,182876.61,..,..,..,..,..
Rice: Total Stocks,..REGION VI (WESTERN VISAYAS),165706.09,151609.89,187778.47,190281.76,183720.05,143397.67,118755.58,..,..,..,..,..
Rice: Total Stocks,..NEGROS ISLAND REGION,68638.72,50167.81,31687.0,43819.12,46628.12,48981.38,56699.73,..,..,..,..,..
Rice: Total Stocks,..REGION VII (CENTRAL VISAYAS),98864.87,109210.02,78431.88,81906.26,66150.61,75570.08,89667.31,..,..,..,..,..
Rice: Total Stocks,..REGION VIII (EASTERN VISAYAS),64726.88,85071.16,43344.09,105413.36,85211.67,92366.93,81920.33,..,..,..,..,..
Rice: Total Stocks,..REGION IX (ZAMBOANGAN PENINSULA),119988.39,140545.66,116513.35,177831.15,131735.27,91807.81,97078.38,..,..,..,..,..
Rice: Total Stocks,..REGION X (NORTHERN MINDANAO),63786.83,65081.21,83531.64,107548.58,64546.35,67426.06,65043.72,..,..,..,..,..
Rice: Total Stocks,..REGION XI (DAVAO REGION),58109.17,77457.02,65176.24,89836.08,92461.13,76743.31,52612.4,..,..,..,..,..
Rice: Total Stocks,..REGION XII (SOCCSKSARGEN),86899.07,80217.62,73385.0,92231.97,72654.58,67823.01,70677.82,..,..,..,..,..
Rice: Total Stocks,..CARAGA,47742.48,47265.3,32579.17,51810.33,82568.23,68724.22,70503.26,..,..,..,..,..
Rice: Total Stocks,..BANGSAMORO ADMINISTRATIVE REGION OF MUSLIM MINDANAO (BARMM),51677.64,25564.33,29307.01,48506.35,45637.7,44300.57,44569.98,..,..,..,..,..
Rice: Household Stock,PHILIPPINES,1043525.46,899568.63,908721.92,1195714.21,1152685.83,1062634.22,978913.22,..,..,..,..,..
Rice: Household Stock,..NATIONAL CAPITAL REGION (NCR),159845.17,145681.4,178836.04,119677.43,139954.59,134550.24,178682.51,..,..,..,..,..
Rice: Household Stock,..CORDILLERA ADMINISTRATIVE REGION (CAR),45328.32,52014.06,23200.27,22853.27,34956.18,39177.09,31815.35,..,..,..,..,..
Rice: Household Stock,..REGION I (ILOCOS REGION),155033.93,99476.86,95683.96,68381.84,76315.57,80845.17,58970.26,..,..,..,..,..
Rice: Household Stock,..REGION II (CAGAYAN VALLEY),61670.35,42932.5,32002.75,78399.63,114583.87,75512.35,84715.92,..,..,..,..,..
Rice: Household Stock,..REGION III (CENTRAL LUZON),85834.29,90715.8,70535.06,109073.63,111549.66,114131.99,81377.4,..,..,..,..,..
Rice: Household Stock,..REGION IV-A (CALABARZON),58797.19,44668.51,45807.75,65270.29,71604.84,88731.0,78021.76,..,..,..,..,..
Rice: Household Stock,..MIMAROPA,54495.48,42835.3,57644.72,93562.53,72184.2,56970.58,39722.3,..,..,..,..,..
Rice: Household Stock,..REGION V (BICOL REGION),61352.07,48071.66,39256.52,75593.25,74091.65,94271.3,100165.23,..,..,..,..,..
Rice: Household Stock,..REGION VI (WESTERN VISAYAS),78971.73,60619.04,103833.86,118824.52,97885.7,74348.28,51927.35,..,..,..,..,..
Rice: Household Stock,..NEGROS ISLAND REGION,19857.38,26419.3,20187.22,32038.48,35098.12,34159.61,30680.13,..,..,..,..,..
Rice: Household Stock,..REGION VII (CENTRAL VISAYAS),39017.76,29024.65,29538.72,40658.22,32759.14,27066.74,24105.86,..,..,..,..,..
Rice: Household Stock,..REGION VIII (EASTERN VISAYAS),38046.17,31621.37,24947.62,73392.93,57529.39,61456.02,49578.45,..,..,..,..,..
Rice: Household Stock,..REGION IX (ZAMBOANGAN PENINSULA),52709.5,71353.87,76335.72,113676.95,69017.28,50812.38,48110.45,..,..,..,..,..
Rice: Household Stock,..REGION X (NORTHERN MINDANAO),18470.16,19473.15,18851.03,39132.97,31470.26,24983.54,21217.11,..,..,..,..,..
Rice: Household Stock,..REGION XI (DAVAO REGION),33933.32,39841.23,34766.67,56639.55,53998.09,36747.19,28746.34,..,..,..,..,..
Rice: Household Stock,..REGION XII (SOCCSKSARGEN),17046.1,20785.17,24055.65,35908.92,23188.79,19918.05,20977.65,..,..,..,..,..
Rice: Household Stock,..CARAGA,17682.7,14423.99,12175.72,20176.62,27277.89,22563.03,27264.28,..,..,..,..,..
Rice: Household Stock,..BANGSAMORO ADMINISTRATIVE REGION OF MUSLIM MINDANAO (BARMM),45433.83,19610.74,21062.64,32453.19,29220.59,26389.67,22834.87,..,..,..,..,..
Rice: Commercial Stock,PHILIPPINES,858877.0,791200.85,564220.75,826333.97,916555.18,939018.8,1197236.56,..,..,..,..,..
Rice: Commercial Stock,..NATIONAL CAPITAL REGION (NCR),49921.75,32759.66,19659.58,8238.68,11141.84,17949.93,31298.96,..,..,..,..,..
Rice: Commercial Stock,..CORDILLERA ADMINISTRATIVE REGION (CAR),6250.41,4792.92,4938.58,4581.56,2634.58,2813.03,6242.15,..,..,..,..,..
Rice: Commercial Stock,..REGION I (ILOCOS REGION),152881.42,56877.11,26288.62,18208.15,46598.45,34905.5,157270.39,..,..,..,..,..
Rice: Commercial Stock,..REGION II (CAGAYAN VALLEY),141704.63,183818.31,99670.18,196969.76,199594.74,206364.79,182430.14,..,..,..,..,..
Rice: Commercial Stock,..REGION III (CENTRAL LUZON),155706.31,109677.29,131460.1,168451.13,236631.5,203834.49,328969.18,..,..,..,..,..
Rice: Commercial Stock,..REGION IV-A (CALABARZON),15975.51,24430.62,16531.95,25006.0,46696.36,64970.12,62864.02,..,..,..,..,..
Rice: Commercial Stock,..MIMAROPA,25806.65,31767.28,22559.87,47833.91,64191.02,87267.4,71994.96,..,..,..,..,..
Rice: Commercial Stock,..REGION V (BICOL REGION),25301.1,16819.34,27500.14,75057.15,31786.79,51990.98,54357.52,..,..,..,..,..
Rice: Commercial Stock,..REGION VI (WESTERN VISAYAS),35262.52,40494.37,33787.73,24297.95,40656.43,24479.1,23277.71,..,..,..,..,..
Rice: Commercial Stock,..NEGROS ISLAND REGION,47552.96,22600.39,10409.82,10836.68,10652.39,14016.72,25315.06,..,..,..,..,..
Rice: Commercial Stock,..REGION VII (CENTRAL VISAYAS),55859.75,77030.9,46140.4,40199.79,31281.9,46960.82,63917.46,..,..,..,..,..
Rice: Commercial Stock,..REGION VIII (EASTERN VISAYAS),12971.53,40360.73,5862.02,20074.67,16135.61,19835.03,21707.98,..,..,..,..,..
Rice: Commercial Stock,..REGION IX (ZAMBOANGAN PENINSULA),47034.38,49602.2,21859.58,48116.74,48578.61,27997.51,37306.9,..,..,..,..,..
Rice: Commercial Stock,..REGION X (NORTHERN MINDANAO),27643.1,29409.78,49746.02,56175.35,21500.37,30873.64,32251.21,..,..,..,..,..
Rice: Commercial Stock,..REGION XI (DAVAO REGION),11793.58,28101.97,22470.68,26422.47,32554.16,34665.95,19471.85,..,..,..,..,..
Rice: Commercial Stock,..REGION XII (SOCCSKSARGEN),29341.15,21761.22,14364.22,23412.57,18916.14,20010.33,26802.49,..,..,..,..,..
Rice: Commercial Stock,..CARAGA,14932.61,18095.61,5949.45,18761.68,43124.13,34759.11,32149.41,..,..,..,..,..
Rice: Commercial Stock,..BANGSAMORO ADMINISTRATIVE REGION OF MUSLIM MINDANAO (BARMM),2937.62,2801.13,5021.81,13689.73,13880.16,15324.35,19609.16,..,..,..,..,..
Rice: NFA Stock,PHILIPPINES,438752.6,421512.67,404386.21,356607.0,341346.05,347943.12,333029.04,..,..,..,..,..
Rice: NFA Stock,..NATIONAL CAPITAL REGION (NCR),12773.3,10996.15,10162.0,4540.35,2962.85,2033.05,1721.15,..,..,..,..,..
Rice: NFA Stock,..CORDILLERA ADMINISTRATIVE REGION (CAR),21087.62,21642.28,21284.27,18032.53,18617.73,13796.22,14463.61,..,..,..,..,..
Rice: NFA Stock,..REGION I (ILOCOS REGION),35963.45,35260.63,34823.55,30823.52,28823.81,28358.05,27667.34,..,..,..,..,..
Rice: NFA Stock,..REGION II (CAGAYAN VALLEY),38641.17,37925.61,37107.16,31752.88,32812.05,41042.64,39004.71,..,..,..,..,..
Rice: NFA Stock,..REGION III (CENTRAL LUZON),58628.73,56990.8,54176.75,49610.26,49251.75,53637.58,51288.13,..,..,..,..,..
Rice: NFA Stock,..REGION IV-A (CALABARZON),11406.12,11079.1,9103.91,8286.75,5186.1,5677.56,5788.72,..,..,..,..,..
Rice: NFA Stock,..MIMAROPA,51311.72,50579.85,49755.1,45041.52,44081.25,45730.42,44464.73,..,..,..,..,..
Rice: NFA Stock,..REGION V (BICOL REGION),29298.21,28279.06,27606.22,24224.21,23021.95,27893.65,28353.85,..,..,..,..,..
Rice: NFA Stock,..REGION VI (WESTERN VISAYAS),51471.84,50496.47,50156.87,47159.28,45177.91,44570.29,43550.52,..,..,..,..,..
Rice: NFA Stock,..NEGROS ISLAND REGION,1228.38,1148.12,1089.96,943.95,877.62,805.06,704.54,..,..,..,..,..
Rice: NFA Stock,..REGION VII (CENTRAL VISAYAS),3987.35,3154.46,2752.77,1048.25,2109.57,1542.52,1643.99,..,..,..,..,..
Rice: NFA Stock,..REGION VIII (EASTERN VISAYAS),13709.18,13089.06,12534.45,11945.77,11546.66,11075.88,10633.9,..,..,..,..,..
Rice: NFA Stock,..REGION IX (ZAMBOANGAN PENINSULA),20244.52,19589.59,18318.05,16037.46,14139.38,12997.92,11661.02,..,..,..,..,..
Rice: NFA Stock,..REGION X (NORTHERN MINDANAO),17673.57,16198.28,14934.59,12240.26,11575.73,11568.88,11575.4,..,..,..,..,..
Rice: NFA Stock,..REGION XI (DAVAO REGION),12382.27,9513.82,7938.89,6774.07,5908.87,5330.18,4394.21,..,..,..,..,..
Rice: NFA Stock,..REGION XII (SOCCSKSARGEN),40511.81,37671.23,34965.12,32910.48,30549.65,27894.63,22897.69,..,..,..,..,..
Rice: NFA Stock,..CARAGA,15127.17,14745.69,14454.0,12872.04,12166.21,11402.08,11089.57,..,..,..,..,..
Rice: NFA Stock,..BANGSAMORO ADMINISTRATIVE REGION OF MUSLIM MINDANAO (BARMM),3306.19,3152.46,3222.56,2363.42,2536.95,2586.55,2125.95,..,..,..,..,..
Corn: Total Stock,PHILIPPINES,516990.62,573035.14,465858.55,794085.46,832813.42,900249.0,836223.37,..,..,..,..,..
Corn: Total Stock,..NATIONAL CAPITAL REGION (NCR),3.14,1.05,5.16,2.57,4.35,10.38,11.62,..,..,..,..,..
Corn: Total Stock,..CORDILLERA ADMINISTRATIVE REGION (CAR),6255.54,6938.31,5149.02,4245.91,11141.94,11147.83,4710.45,..,..,..,..,..
Corn: Total Stock,..REGION I (ILOCOS REGION),21565.36,23022.78,28209.21,32189.96,17441.77,16702.68,24376.44,..,..,..,..,..
Corn: Total Stock,..REGION II (CAGAYAN VALLEY),266123.43,312004.89,246920.3,315830.68,382657.33,485216.73,380414.59,..,..,..,..,..
Corn: Total Stock,..REGION III (CENTRAL LUZON),12777.08,29610.54,31292.25,62423.26,173572.31,143653.21,212226.1,..,..,..,..,..
Corn: Total Stock,..REGION IV-A (CALABARZON),11748.82,11166.15,6725.34,9142.16,10928.65,7442.65,12975.26,..,..,..,..,..
Corn: Total Stock,..MIMAROPA,635.12,1784.33,1298.61,21772.77,17518.46,4929.44,5320.09,..,..,..,..,..
Corn: Total Stock,..REGION V (BICOL REGION),2343.25,3561.15,857.07,11447.55,6009.98,11479.74,11854.56,..,..,..,..,..
Corn: Total Stock,..REGION VI (WESTERN VISAYAS),27829.52,29056.52,27786.66,55302.55,24328.04,27885.23,8692.59,..,..,..,..,..
Corn: Total Stock,..NEGROS ISLAND REGION,12365.87,9281.13,8453.42,11312.88,17520.92,13158.37,18558.08,..,..,..,..,..
Corn: Total Stock,..REGION VII (CENTRAL VISAYAS),4884.65,4463.55,8272.92,11836.58,15948.17,14707.51,19300.4,..,..,..,..,..
Corn: Total Stock,..REGION VIII (EASTERN VISAYAS),1018.56,1855.66,215.69,1023.49,2242.73,1219.98,1496.6,..,..,..,..,..
Corn: Total Stock,..REGION IX (ZAMBOANGAN PENINSULA),38514.61,31825.51,18007.71,22144.23,33384.52,18216.2,14536.3,..,..,..,..,..
Corn: Total Stock,..REGION X (NORTHERN MINDANAO),22893.49,31773.99,32499.2,125636.5,64027.93,68411.44,56155.44,..,..,..,..,..
Corn: Total Stock,..REGION XI (DAVAO REGION),15858.5,16689.33,16509.99,40628.78,16726.18,25959.82,14699.65,..,..,..,..,..
Corn: Total Stock,..REGION XII (SOCCSKSARGEN),58745.83,45179.64,24111.3,50188.7,24852.91,31705.44,31715.84,..,..,..,..,..
Corn: Total Stock,..CARAGA,5302.29,5270.32,2637.88,3430.03,3876.72,7147.61,2808.39,..,..,..,..,..
Corn: Total Stock,..BANGSAMORO ADMINISTRATIVE REGION OF MUSLIM MINDANAO (BARMM),8125.55,9550.3,6906.83,15526.87,10630.5,11254.74,16370.98,..,..,..,..,..
Corn: Household Stock,PHILIPPINES,83842.05,74490.74,69316.4,150931.16,156104.17,110109.17,99090.47,..,..,..,..,..
Corn: Household Stock,..NATIONAL CAPITAL REGION (NCR),0.0,0.0,0.0,0.0,0.0,0.0,0.0,..,..,..,..,..
Corn: Household Stock,..CORDILLERA ADMINISTRATIVE REGION (CAR),4173.02,5696.11,4879.15,1460.97,1979.14,3231.73,2430.17,..,..,..,..,..
Corn: Household Stock,..REGION I (ILOCOS REGION),17.4,1406.86,2087.27,11779.27,2627.65,323.7,920.74,..,..,..,..,..
Corn: Household Stock,..REGION II (CAGAYAN VALLEY),7325.53,5305.64,4246.59,43795.87,33483.29,21282.48,10341.63,..,..,..,..,..
Corn: Household Stock,..REGION III (CENTRAL LUZON),0.0,0.0,0.0,231.91,257.1,3232.39,171.68,..,..,..,..,..
Corn: Household Stock,..REGION IV-A (CALABARZON),723.05,163.68,473.86,1730.65,2583.92,597.75,579.79,..,..,..,..,..
Corn: Household Stock,..MIMAROPA,396.21,1270.96,271.33,1307.21,6581.21,501.41,462.96,..,..,..,..,..
Corn: Household Stock,..REGION V (BICOL REGION),1629.25,854.34,794.21,7124.84,2340.57,2545.67,3510.38,..,..,..,..,..
Corn: Household Stock,..REGION VI (WESTERN VISAYAS),2094.29,2609.47,12966.0,8837.45,7764.8,10982.31,1998.37,..,..,..,..,..
Corn: Household Stock,..NEGROS ISLAND REGION,10158.75,8153.41,6926.46,9424.21,16423.26,8052.49,16123.32,..,..,..,..,..
Corn: Household Stock,..REGION VII (CENTRAL VISAYAS),3979.59,2755.46,6584.05,9273.52,12407.79,10342.62,14497.71,..,..,..,..,..
Corn: Household Stock,..REGION VIII (EASTERN VISAYAS),995.22,1825.9,194.86,839.55,2201.69,1213.19,1383.84,..,..,..,..,..
Corn: Household Stock,..REGION IX (ZAMBOANGAN PENINSULA),32311.32,21048.72,13431.27,14816.38,30505.76,13822.25,11150.42,..,..,..,..,..
Corn: Household Stock,..REGION X (NORTHERN MINDANAO),3847.4,4397.64,4807.57,11193.01,10980.6,12351.56,8117.56,..,..,..,..,..
Corn: Household Stock,..REGION XI (DAVAO REGION),6994.46,8655.62,3698.2,11927.56,11800.87,8233.36,8052.12,..,..,..,..,..
Corn: Household Stock,..REGION XII (SOCCSKSARGEN),946.7,879.62,333.86,2726.55,1443.07,1169.88,2440.58,..,..,..,..,..
Corn: Household Stock,..CARAGA,3626.79,3467.56,2054.65,1629.91,2586.4,1640.89,1776.82,..,..,..,..,..
Corn: Household Stock,..BANGSAMORO ADMINISTRATIVE REGION OF MUSLIM MINDANAO (BARMM),4623.09,5999.76,5567.08,12832.32,10137.05,10585.49,15132.36,..,..,..,..,..
Corn: Commercial Stock,PHILIPPINES,433148.58,498544.41,396542.15,643154.3,676709.25,790139.82,737132.9,..,..,..,..,..
Corn: Commercial Stock,..NATIONAL CAPITAL REGION (NCR),3.14,1.05,5.16,2.57,4.35,10.38,11.62,..,..,..,..,..
Corn: Commercial Stock,..CORDILLERA ADMINISTRATIVE REGION (CAR),2082.52,1242.2,269.87,2784.94,9162.8,7916.09,2280.28,..,..,..,..,..
Corn: Commercial Stock,..REGION I (ILOCOS REGION),21547.96,21615.92,26121.95,20410.68,14814.12,16378.98,23455.7,..,..,..,..,..
Corn: Commercial Stock,..REGION II (CAGAYAN VALLEY),258797.9,306699.25,242673.71,272034.81,349174.04,463934.25,370072.96,..,..,..,..,..
Corn: Commercial Stock,..REGION III (CENTRAL LUZON),12777.08,29610.54,31292.25,62191.36,173315.21,140420.82,212054.41,..,..,..,..,..
Corn: Commercial Stock,..REGION IV-A (CALABARZON),11025.77,11002.47,6251.49,7411.51,8344.74,6844.9,12395.47,..,..,..,..,..
Corn: Commercial Stock,..MIMAROPA,238.91,513.36,1027.28,20465.56,10937.25,4428.03,4857.13,..,..,..,..,..
Corn: Commercial Stock,..REGION V (BICOL REGION),714.0,2706.82,62.86,4322.71,3669.41,8934.07,8344.17,..,..,..,..,..
Corn: Commercial Stock,..REGION VI (WESTERN VISAYAS),25735.23,26447.05,14820.65,46465.1,16563.24,16902.93,6694.22,..,..,..,..,..
Corn: Commercial Stock,..NEGROS ISLAND REGION,2207.12,1127.72,1526.96,1888.68,1097.66,5105.88,2434.76,..,..,..,..,..
Corn: Commercial Stock,..REGION VII (CENTRAL VISAYAS),905.06,1708.09,1688.87,2563.06,3540.38,4364.89,4802.69,..,..,..,..,..
Corn: Commercial Stock,..REGION VIII (EASTERN VISAYAS),23.34,29.76,20.83,183.94,41.03,6.79,112.76,..,..,..,..,..
Corn: Commercial Stock,..REGION IX (ZAMBOANGAN PENINSULA),6203.29,10776.8,4576.44,7327.85,2878.76,4393.95,3385.88,..,..,..,..,..
Corn: Commercial Stock,..REGION X (NORTHERN MINDANAO),19046.09,27376.35,27691.63,114443.49,53047.33,56059.88,48037.88,..,..,..,..,..
Corn: Commercial Stock,..REGION XI (DAVAO REGION),8864.05,8033.71,12811.79,28701.22,4925.31,17726.46,6647.52,..,..,..,..,..
Corn: Commercial Stock,..REGION XII (SOCCSKSARGEN),57799.14,44300.02,23777.44,47462.15,23409.84,30535.56,29275.26,..,..,..,..,..
Corn: Commercial Stock,..CARAGA,1675.5,1802.76,583.24,1800.12,1290.31,5506.71,1031.57,..,..,..,..,..
Corn: Commercial Stock,..BANGSAMORO ADMINISTRATIVE REGION OF MUSLIM MINDANAO (BARMM),3502.46,3550.54,1339.75,2694.54,493.45,669.25,1238.62,..,..,..,..,..
Corn: NFA Stock,PHILIPPINES,0.0,0.0,0.0,0.0,0.0,0.0,0.0,..,..,..,..,..
Corn: NFA Stock,..NATIONAL CAPITAL REGION (NCR),0.0,0.0,0.0,0.0,0.0,0.0,0.0,..,..,..,..,..
Corn: NFA Stock,..CORDILLERA ADMINISTRATIVE REGION (CAR),0.0,0.0,0.0,0.0,0.0,0.0,0.0,..,..,..,..,..
Corn: NFA Stock,..REGION I (ILOCOS REGION),0.0,0.0,0.0,0.0,0.0,0.0,0.0,..,..,..,..,..
Corn: NFA Stock,..REGION II (CAGAYAN VALLEY),0.0,0.0,0.0,0.0,0.0,0.0,0.0,..,..,..,..,..
Corn: NFA Stock,..REGION III (CENTRAL LUZON),0.0,0.0,0.0,0.0,0.0,0.0,0.0,..,..,..,..,..
Corn: NFA Stock,..REGION IV-A (CALABARZON),0.0,0.0,0.0,0.0,0.0,0.0,0.0,..,..,..,..,..
Corn: NFA Stock,..MIMAROPA,0.0,0.0,0.0,0.0,0.0,0.0,0.0,..,..,..,..,..
Corn: NFA Stock,..REGION V (BICOL REGION),0.0,0.0,0.0,0.0,0.0,0.0,0.0,..,..,..,..,..
Corn: NFA Stock,..REGION VI (WESTERN VISAYAS),0.0,0.0,0.0,0.0,0.0,0.0,0.0,..,..,..,..,..
Corn: NFA Stock,..NEGROS ISLAND REGION,0.0,0.0,0.0,0.0,0.0,0.0,0.0,..,..,..,..,..
Corn: NFA Stock,..REGION VII (CENTRAL VISAYAS),0.0,0.0,0.0,0.0,0.0,0.0,0.0,..,..,..,..,..
Corn: NFA Stock,..REGION VIII (EASTERN VISAYAS),0.0,0.0,0.0,0.0,0.0,0.0,0.0,..,..,..,..,..
Corn: NFA Stock,..REGION IX (ZAMBOANGAN PENINSULA),0.0,0.0,0.0,0.0,0.0,0.0,0.0,..,..,..,..,..
Corn: NFA Stock,..REGION X (NORTHERN MINDANAO),0.0,0.0,0.0,0.0,0.0,0.0,0.0,..,..,..,..,..
Corn: NFA Stock,..REGION XI (DAVAO REGION),0.0,0.0,0.0,0.0,0.0,0.0,0.0,..,..,..,..,..
Corn: NFA Stock,..REGION XII (SOCCSKSARGEN),0.0,0.0,0.0,0.0,0.0,0.0,0.0,..,..,..,..,..
Corn: NFA Stock,..CARAGA,0.0,0.0,0.0,0.0,0.0,0.0,0.0,..,..,..,..,..
Corn: NFA Stock,..BANGSAMORO ADMINISTRATIVE REGION OF MUSLIM MINDANAO (BARMM),0.0,0.0,0.0,0.0,0.0,0.0,0.0,..,..,..,..,..
