commodity,kind,model,selected_by_rolling_cv,MAE,MSE,RMSE,R2,MAPE,sMAPE,WAPE,MASE,Bias,N,ZeroRatePct,NonZeroN
rice,supply,seasonal_naive,False,3545.485666666666,44621729.57720666,6679.9498184647055,0.7951060655719069,26.542755544371254,22.626605019237083,29.602349762284085,1.0,250.7036666666673,20,0.0,20
rice,supply,hist_gradient_boosting,False,2499.4609153040187,22755352.644871213,4770.2570837294725,0.8955120346772033,36.23102479497051,30.15274044322816,20.868767550695207,0.7049699675288545,204.43704703945642,20,0.0,20
rice,supply,hist_gradient_boosting__t1,False,2249.8505189789234,20021321.02064626,4474.519082610584,0.9080661535257123,42.84343753631566,32.00433502092156,18.78469361809213,0.634567653207903,-230.03554954859405,20,0.0,20
rice,supply,hist_gradient_boosting_poisson,False,2227.8277004421784,24073279.514505003,4906.452844418766,0.8894603817232196,28.401595134358942,23.990767265621855,18.60081833601013,0.6283561435284829,-215.57700405943092,20,0.0,20
rice,supply,hist_gradient_boosting_poisson__t1,False,2152.519997113918,23309690.966168545,4828.0110776766605,0.8929666255070288,31.75706162923508,26.04530601868959,17.97205117029391,0.6071156957003404,-580.3509636303984,20,0.0,20
rice,supply,gradient_boosting_huber,False,2628.716303068723,25105555.0783863,5010.544389423798,0.8847203816447453,44.98987439468835,33.57495200233998,21.94796051803492,0.7414262953543808,-84.79855582837048,20,0.0,20
rice,supply,gradient_boosting_huber__t1,False,2443.3178957172777,22556803.944567464,4749.4003773705435,0.8964237300499798,48.15627606313056,33.87785430220533,20.40001222102552,0.6891348958729241,-185.95505973276386,20,0.0,20
rice,supply,random_forest,False,2511.756977563206,21592702.358362637,4646.794847888449,0.9008506890463602,33.76171490154054,27.720769049125295,20.9714311544766,0.7084380572111202,3.7560051860332466,20,0.0,20
rice,supply,random_forest__t1,False,2359.5256233534055,20286195.207640376,4504.019894232304,0.9068499049666383,33.868570303543535,27.283841910171425,19.700404780157218,0.6655013854764061,-64.02637128887142,20,0.0,20
rice,supply,blend_naive_hist_gradient_boosting_poisson__t1_w40,False,2844.6489405451,28513065.082587898,5339.762642907257,0.869073786634215,27.00167636571314,23.105162197089545,23.750848489001626,0.8023298379935444,-81.7181854521592,20,0.0,20
rice,supply,blend_naive_hist_gradient_boosting_poisson__t1_w60,True,2533.925577484317,24250657.36038028,4924.495645279858,0.8886458986212393,28.361517832285433,24.10128586736115,21.15652361015189,0.7146906843559798,-247.92911151157242,20,0.0,20
tomato,supply,seasonal_naive,True,102.24550000000004,74449.394405,272.85416325392583,0.9687952552701783,23.86858590961374,28.999335292874207,13.447940697561252,1.0,79.19649999999997,20,0.0,20
tomato,supply,hist_gradient_boosting,False,185.0981710752442,113906.27922918319,337.50004330249084,0.9522572830191922,63.04571742545446,47.387914144255085,24.345220355389046,1.8103307341178256,125.89513980135719,20,0.0,20
tomato,supply,hist_gradient_boosting__t1,False,178.29604006144947,113013.572181757,336.17491307615,0.9526314525575219,49.06424777736514,35.599520688955685,23.450563333901023,1.7438032975676134,114.59250628707439,20,0.0,20
tomato,supply,hist_gradient_boosting_poisson,False,126.121333784475,87992.19353697338,296.6347814012601,0.9631189217926813,29.561056015175126,32.200730020187805,16.588233393459348,1.2335147638231019,103.83703839659749,20,0.0,20
tomato,supply,hist_gradient_boosting_poisson__t1,False,143.19892871162955,117115.36839362269,342.2212272691784,0.95091222428511,34.29199282892296,33.42025944277472,18.83438098760625,1.400540157871295,130.87158675193928,20,0.0,20
tomato,supply,gradient_boosting_huber,False,120.83748050698554,106327.21413806293,326.07853983061034,0.9554339749634214,24.705661820575596,20.65763512927642,15.89326935562597,1.1818366628065342,99.74440814047311,20,0.0,20
tomato,supply,gradient_boosting_huber__t1,False,143.27061919037286,157635.564014441,397.0334545280045,0.9339285755817814,24.804168319050117,18.034562857865872,18.84381014885755,1.4012413181056653,117.93563915335983,20,0.0,20
tomato,supply,random_forest,False,111.76664927492399,80109.71442243818,283.0365955533633,0.9664227867948485,34.36069677475189,25.99099827432886,14.700219289986402,1.09312047253839,90.42041876077425,20,0.0,20
tomato,supply,random_forest__t1,False,136.61588867973518,82543.15493885633,287.3032456114207,0.9654028337013827,97.12542550091496,37.832267056914084,17.9685401245992,1.3361555147144386,122.84074578289326,20,0.0,20
tomato,supply,blend_naive_hist_gradient_boosting_poisson_w40,False,109.25075188231467,78645.72005604822,280.4384425431867,0.967036405896175,24.21079950928018,28.46755011658097,14.369313392543884,1.068514036141587,89.05271535863899,20,0.0,20
tomato,supply,blend_naive_hist_gradient_boosting_poisson_w60,False,114.5761509257233,81354.27988244288,285.2267166351057,0.9659011392006756,25.817566204996407,29.60967232840571,15.069741778405449,1.1205984705999115,93.98082303795844,20,0.0,20
red_onion,supply,seasonal_naive,True,1.2610714285714284,8.569416428571431,2.9273565598627425,0.5154475116441242,1244.6343801250898,64.7457956170755,50.47747026532478,1.0,-0.19021428571428567,20,25.0,15
red_onion,supply,hist_gradient_boosting,False,1.8682378902017494,9.647930873796012,3.1061118579014524,0.45446356220983963,904.4282005940223,123.29956014549452,74.78079386672144,1.4814687319640043,0.22510934991019144,20,25.0,15
red_onion,supply,hist_gradient_boosting__t1,False,1.8138580146267238,8.146934175498307,2.854283478475519,0.539336516072738,1653.7196228126209,125.39335831172684,72.60410625793153,1.4383467688912,0.29341980980658333,20,25.0,15
red_onion,supply,hist_gradient_boosting_poisson,False,1.9788947716140115,14.391270266834312,3.793582774480387,0.18625429438268226,1924.3111551252607,128.43400755043376,79.21010636606863,1.5692170378134334,-0.7235626626917294,20,25.0,15
red_onion,supply,hist_gradient_boosting_poisson__t1,False,2.1669348797002126,13.674111974265506,3.6978523461957624,0.2268055779042366,3013.240563133539,124.64976482180494,86.73687190016862,1.7183284234382883,-0.2296595450686994,20,25.0,15
red_onion,supply,gradient_boosting_huber,False,1.334604117004026,11.090670225954552,3.3302657890856926,0.3728847348807649,991.6460181938002,93.7977530748539,53.420796083189515,1.0583096934611365,0.064718806022032,20,25.0,15
red_onion,supply,gradient_boosting_huber__t1,False,1.4253051066058118,12.157792621265298,3.486802635834913,0.31254494204445116,1272.0159842029536,105.91041522220053,57.051325172922475,1.1302334461898254,0.04988920841474145,20,25.0,15
red_onion,supply,random_forest,False,2.797431381851429,20.029174064676525,4.475396525971361,-0.13253757868432703,2641.379340190766,128.27472217088766,111.97403747118027,2.2182973291373558,1.6162761113814237,20,25.0,15
red_onion,supply,random_forest__t1,False,2.1619511949420547,14.838518555153707,3.852079770092217,0.16096490941411956,3129.733258717097,118.08370684289416,86.53738772069065,1.7143764785720061,0.9688449749287077,20,25.0,15
red_onion,supply,blend_naive_random_forest_w40,False,1.7174901150534976,10.122572174799853,3.1815989965424385,0.4276252558450011,1792.1862771294545,117.72725741733854,68.74674522743872,1.3619292897620487,0.5323818731239982,20,25.0,15
red_onion,supply,blend_naive_random_forest_w60,False,2.0592708868659604,12.414523702020867,3.5234249959408626,0.2980282377793111,2075.023783988256,122.48412768687969,82.42735709092933,1.632953407880116,0.8936799525431397,20,25.0,15
banana,supply,seasonal_naive,False,572.2490000000001,1307149.7731300003,1143.3065088286694,0.934329787106293,14.704234270707733,18.96757358730657,12.8703203596454,1.0,-274.2780000000001,20,0.0,20
banana,supply,hist_gradient_boosting,False,739.0120774261052,1679265.8138436745,1295.8648902735479,0.9156349595378227,17.35710369685603,22.80509217904275,16.620950296323876,1.2914169835615352,-616.0395983362976,20,0.0,20
banana,supply,hist_gradient_boosting__t1,False,662.0506045355083,1387088.4191081414,1177.7471796222403,0.9303137301802002,15.92289154114464,20.186914291894936,14.890027548617638,1.156927499280048,-535.2632723075851,20,0.0,20
banana,supply,hist_gradient_boosting_poisson,False,752.3873253700834,1837522.2423723943,1355.5523753704224,0.9076842766345214,16.190766351374254,20.998948808140742,16.921769914931666,1.314790109497934,-636.7889436593116,20,0.0,20
banana,supply,hist_gradient_boosting_poisson__t1,False,762.0101451207299,1849939.8956481772,1360.124955894927,0.9070604231549709,17.07372677013667,21.53715439026909,17.138194535951435,1.331605900789219,-609.2235591815943,20,0.0,20
banana,supply,gradient_boosting_huber,False,612.7292790896668,1350819.2658792196,1162.2475062908156,0.9321358649217414,16.546336460791395,21.10420235952727,13.780752986232539,1.0707389249953545,-375.94696950678957,20,0.0,20
banana,supply,gradient_boosting_huber__t1,False,603.4627817435031,1285409.8504568993,1133.7591677498795,0.9354219843277458,17.41442519075644,21.268160766376713,13.572342330282192,1.0545458039131619,-402.94355448906185,20,0.0,20
banana,supply,random_forest,False,579.2988128115123,1270340.5353012425,1127.0938449398268,0.9361790552883784,15.86951790071079,20.11043535638403,13.028876074657033,1.0123194847199597,-324.36606371254885,20,0.0,20
banana,supply,random_forest__t1,False,621.0621037654676,1326147.6086132769,1151.5848247581578,0.9333753502648903,16.94906454705683,20.475019744418425,13.968164625358712,1.0853004614520383,-287.1298227294988,20,0.0,20
banana,supply,blend_naive_random_forest_w40,False,561.4684469157171,1261046.9830298775,1122.963482500601,0.93664595630366,15.020559806470416,19.245922794175225,12.627857425068168,0.9811610800817773,-294.31322548501953,20,0.0,20
banana,supply,blend_naive_random_forest_w60,True,567.4008876869075,1253685.1354641265,1119.6808185657762,0.937015809940077,15.303489118776218,19.52387948467727,12.761282583067294,0.9915279671732189,-304.33083822752945,20,0.0,20
