commodity,psgc_code,psgc_code_10,municipality,demand_weight,synthetic_commodity_multiplier,supply_weight,demand_rank_score,supply_scarcity_rank_score,municipal_opportunity_score_v1,municipal_opportunity_classification_v1,demand_supply_share_ratio,methodology_version
Rice,0401001,0401001000,Agoncillo,0.012960815590279078,0.9411,0.0203088437751088,24.242424242424242,54.54545454545454,36.86868686969697,OVERSUPPLY_LEANING,0.6381857940216316,batangas_muni_v1_2026-09-09
Rice,0401002,0401002000,Alitagtag,0.008887980435128858,1.0293,0.011419381309651202,12.121212121212121,78.78787878787878,39.89898990121212,OVERSUPPLY_LEANING,0.7783241660927019,batangas_muni_v1_2026-09-09
Rice,0401003,0401003000,Balayan,0.031493045213647486,1.1186,0.04542341363668258,75.75757575757575,21.21212121212121,53.030303028484845,BALANCED,0.693321850831014,batangas_muni_v1_2026-09-09
Rice,0401004,0401004000,Balete,0.007852390523636846,0.8843,0.008345637273185387,9.090909090909092,96.96969696969697,45.70707071,BALANCED,0.9408976530607978,batangas_muni_v1_2026-09-09
Rice,0401005,0401005000,Batangas City,0.12255105110414684,0.8942,0.053001881812474214,96.96969696969697,12.121212121212121,61.61616161333333,UNDERSUPPLY_LEANING,2.3122018862980056,batangas_muni_v1_2026-09-09
Rice,0401006,0401006000,Bauan,0.03173576267581665,1.1791,0.015870960255310724,78.78787878787878,69.6969696969697,74.99999999969697,UNDERSUPPLY_LEANING,1.9996120061605767,batangas_muni_v1_2026-09-09
Rice,0401007,0401007000,Calaca,0.030194337304434715,0.9899,0.03984429681361963,69.6969696969697,27.27272727272727,52.020202018787884,BALANCED,0.7578082616359199,batangas_muni_v1_2026-09-09
Rice,0401008,0401008000,Calatagan,0.019286252787253474,1.1759,0.051032701969818565,54.54545454545454,15.151515151515152,38.131313129999995,OVERSUPPLY_LEANING,0.37791949167535016,batangas_muni_v1_2026-09-09
Rice,0401009,0401009000,Cuenca,0.011675720931638236,0.8732,0.021192738860131337,18.181818181818183,48.484848484848484,30.80808080909091,OVERSUPPLY_LEANING,0.5509302506248066,batangas_muni_v1_2026-09-09
Rice,0401010,0401010000,Ibaan,0.01905518252255175,1.0296,0.0265999625936216,51.515151515151516,39.39393939393939,46.46464646424242,BALANCED,0.7163612525951817,batangas_muni_v1_2026-09-09
Rice,0401011,0401011000,Laurel,0.01428480388671769,1.0826,0.033207097331139024,33.33333333333333,33.33333333333333,33.33333333333333,OVERSUPPLY_LEANING,0.4301732170165477,batangas_muni_v1_2026-09-09
Rice,0401012,0401012000,Lemery,0.030293425338145087,0.9617,0.04458184771769157,72.72727272727273,24.242424242424242,52.52525252363637,BALANCED,0.6795013416665466,batangas_muni_v1_2026-09-09
Rice,0401013,0401013000,Lian,0.01863104351087908,0.9036,0.02379527577117156,48.484848484848484,42.42424242424242,45.95959595939394,BALANCED,0.7829723719130396,batangas_muni_v1_2026-09-09
Rice,0401014,0401014000,Lipa,0.1337965619645743,1.0427,0.03883975837275162,100.0,30.303030303030305,70.95959595727273,UNDERSUPPLY_LEANING,3.444835075453004,batangas_muni_v1_2026-09-09
Rice,0401015,0401015000,Lobo,0.013173260893414992,0.8747,0.06525536916010671,27.27272727272727,9.090909090909092,19.696969696363634,SEVERE_OVERSUPPLY,0.2018724445661147,batangas_muni_v1_2026-09-09
Rice,0401016,0401016000,Mabini,0.016286040178914024,1.0294,0.016373449413425882,42.42424242424242,66.66666666666666,52.525252526060605,BALANCED,0.9946615259677546,batangas_muni_v1_2026-09-09
Rice,0401017,0401017000,Malvar,0.025243490923820475,1.0862,0.00871311493066827,63.63636363636363,93.93939393939394,76.26262626363636,HIGH_OPPORTUNITY,2.8971832834396425,batangas_muni_v1_2026-09-09
Rice,0401018,0401018000,Mataasnakahoy,0.010117833683367179,0.99,0.008721047860775606,15.151515151515152,90.9090909090909,46.71717171969697,BALANCED,1.1601626140447932,batangas_muni_v1_2026-09-09
Rice,0401019,0401019000,Nasugbu,0.047169562569798956,0.8982,0.07072829110633054,87.87878787878788,6.0606060606060606,53.78787878515152,BALANCED,0.6669122331668641,batangas_muni_v1_2026-09-09
Rice,0401020,0401020000,Padre Garcia,0.017430736191410987,1.0782,0.016384156180849475,45.45454545454545,63.63636363636363,53.030303030909096,BALANCED,1.0638775655584143,batangas_muni_v1_2026-09-09
Rice,0401021,0401021000,Rosario,0.04339449010112608,1.0581,0.07715133522329543,84.84848484848484,3.0303030303030303,50.75757575484849,BALANCED,0.562459353108167,batangas_muni_v1_2026-09-09
Rice,0401022,0401022000,San Jose,0.02725653110871636,0.9059,0.013000211374559303,66.66666666666666,75.75757575757575,70.45454545484849,UNDERSUPPLY_LEANING,2.096622148933354,batangas_muni_v1_2026-09-09
Rice,0401023,0401023000,San Juan,0.037763931967009515,0.86,0.08070040103107498,81.81818181818183,0.0,47.727272724545465,BALANCED,0.46795222185411334,batangas_muni_v1_2026-09-09
Rice,0401024,0401024000,San Luis,0.011802591156823248,1.1458,0.02030999390636657,21.21212121212121,51.515151515151516,33.83838383939394,OVERSUPPLY_LEANING,0.5811223386494219,batangas_muni_v1_2026-09-09
Rice,0401025,0401025000,San Nicolas,0.007733586086885567,1.1138,0.011283861260456732,6.0606060606060606,81.81818181818183,37.626262628787885,OVERSUPPLY_LEANING,0.6853669952489773,batangas_muni_v1_2026-09-09
Rice,0401026,0401026000,San Pascual,0.022997571468632926,1.1253,0.017818002605113948,60.60606060606061,57.57575757575758,59.34343434333334,BALANCED,1.2906930130334804,batangas_muni_v1_2026-09-09
Rice,0401027,0401027000,Santa Teresita,0.006893392452487127,1.0491,0.007662217103129819,3.0303030303030303,100.0,43.43434343757576,BALANCED,0.8996602888831423,batangas_muni_v1_2026-09-09
Rice,0401028,0401028000,Santo Tomas,0.07895310770932637,1.1429,0.016502412855783993,93.93939393939394,60.60606060606061,80.05050504939395,HIGH_OPPORTUNITY,4.784337199614649,batangas_muni_v1_2026-09-09
Rice,0401029,0401029000,Taal,0.020116077481040835,1.0501,0.011104186170546575,57.57575757575758,84.84848484848484,68.93939394030303,UNDERSUPPLY_LEANING,1.8115760283628848,batangas_muni_v1_2026-09-09
Rice,0401030,0401030000,Talisay,0.015390649380788315,0.9994,0.008839678200152462,39.39393939393939,87.87878787878788,59.59595959757576,BALANCED,1.7410870658756408,batangas_muni_v1_2026-09-09
Rice,0401031,0401031000,Tanauan,0.0720774686364047,1.0889,0.022599855715399866,90.9090909090909,45.45454545454545,71.96969696818182,UNDERSUPPLY_LEANING,3.18928888502992,batangas_muni_v1_2026-09-09
Rice,0401032,0401032000,Taysan,0.013413167670086445,0.8887,0.03135232659810823,30.303030303030305,36.36363636363637,32.82828282848485,OVERSUPPLY_LEANING,0.4278204881578321,batangas_muni_v1_2026-09-09
Rice,0401033,0401033000,Tingloy,0.005030381963534209,0.9114,0.013504956229727645,0.0,72.72727272727273,30.30303030545455,OVERSUPPLY_LEANING,0.37248413678388176,batangas_muni_v1_2026-09-09
Rice,0401034,0401034000,Tuy,0.015057754587561688,1.1945,0.048531335581770176,36.36363636363637,18.181818181818183,28.78787878727273,OVERSUPPLY_LEANING,0.31026870386022987,batangas_muni_v1_2026-09-09
Tomato,0401001,0401001000,Agoncillo,0.012960815590279078,0.8201,0.017639772496636334,24.242424242424242,54.54545454545454,36.86868686969697,OVERSUPPLY_LEANING,0.7347495889048756,batangas_muni_v1_2026-09-09
Tomato,0401002,0401002000,Alitagtag,0.008887980435128858,1.0045,0.011107780410096609,12.121212121212121,81.81818181818183,41.1616161639394,BALANCED,0.8001580970262947,batangas_muni_v1_2026-09-09
Tomato,0401003,0401003000,Balayan,0.031493045213647486,1.1459,0.04637975132848211,75.75757575757575,18.181818181818183,51.76767676575757,BALANCED,0.6790257453214804,batangas_muni_v1_2026-09-09
Tomato,0401004,0401004000,Balete,0.007852390523636846,1.1972,0.011261683832909675,9.090909090909092,78.78787878787878,38.13131313363636,OVERSUPPLY_LEANING,0.6972661140326143,batangas_muni_v1_2026-09-09
Tomato,0401005,0401005000,Batangas City,0.12255105110414684,1.0219,0.06037286214947138,96.96969696969697,12.121212121212121,61.61616161333333,UNDERSUPPLY_LEANING,2.029902952103454,batangas_muni_v1_2026-09-09
Tomato,0401006,0401006000,Bauan,0.03173576267581665,1.1431,0.01533605056551314,78.78787878787878,63.63636363636363,72.47474747424242,UNDERSUPPLY_LEANING,2.0693569403834826,batangas_muni_v1_2026-09-09
Tomato,0401007,0401007000,Calaca,0.030194337304434715,0.8921,0.03579028231412776,69.6969696969697,27.27272727272727,52.020202018787884,BALANCED,0.8436462456323203,batangas_muni_v1_2026-09-09
Tomato,0401008,0401008000,Calatagan,0.019286252787253474,1.1358,0.04913113299700022,54.54545454545454,15.151515151515152,38.131313129999995,OVERSUPPLY_LEANING,0.39254646923023384,batangas_muni_v1_2026-09-09
Tomato,0401009,0401009000,Cuenca,0.011675720931638236,0.9969,0.0241158013649161,18.181818181818183,42.42424242424242,28.282828283636363,OVERSUPPLY_LEANING,0.484152309722711,batangas_muni_v1_2026-09-09
Tomato,0401010,0401010000,Ibaan,0.01905518252255175,0.8501,0.021890679903361205,51.515151515151516,48.484848484848484,50.25252525242425,BALANCED,0.8704701090451704,batangas_muni_v1_2026-09-09
Tomato,0401011,0401011000,Laurel,0.01428480388671769,0.8916,0.027258985869663716,33.33333333333333,39.39393939393939,35.858585858787876,OVERSUPPLY_LEANING,0.5240401809157222,batangas_muni_v1_2026-09-09
Tomato,0401012,0401012000,Lemery,0.030293425338145087,0.8267,0.038198220205590105,72.72727272727273,24.242424242424242,52.52525252363637,BALANCED,0.7930585554798129,batangas_muni_v1_2026-09-09
Tomato,0401013,0401013000,Lian,0.01863104351087908,1.1027,0.028943339379840755,48.484848484848484,36.36363636363637,43.4343434339394,BALANCED,0.6437074612010988,batangas_muni_v1_2026-09-09
Tomato,0401014,0401014000,Lipa,0.1337965619645743,0.9459,0.035118755198751496,100.0,30.303030303030305,70.95959595727273,UNDERSUPPLY_LEANING,3.8098321312177625,batangas_muni_v1_2026-09-09
Tomato,0401015,0401015000,Lobo,0.013173260893414992,1.1776,0.08756522414897537,27.27272727272727,3.0303030303030303,17.17171717090909,SEVERE_OVERSUPPLY,0.15043941269428174,batangas_muni_v1_2026-09-09
Tomato,0401016,0401016000,Mabini,0.016286040178914024,0.8801,0.013952909642845448,42.42424242424242,66.66666666666666,52.525252526060605,BALANCED,1.1672146237444403,batangas_muni_v1_2026-09-09
Tomato,0401017,0401017000,Malvar,0.025243490923820475,0.8907,0.007121505907254824,63.63636363636363,96.96969696969697,77.52525252636363,HIGH_OPPORTUNITY,3.5446844041938395,batangas_muni_v1_2026-09-09
Tomato,0401018,0401018000,Mataasnakahoy,0.010117833683367179,0.8998,0.0079005296353677,15.151515151515152,93.93939393939394,47.979797982424245,BALANCED,1.280652582843743,batangas_muni_v1_2026-09-09
Tomato,0401019,0401019000,Nasugbu,0.047169562569798956,0.9514,0.07467238174413862,87.87878787878788,6.0606060606060606,53.78787878515152,BALANCED,0.6316868629076708,batangas_muni_v1_2026-09-09
Tomato,0401020,0401020000,Padre Garcia,0.017430736191410987,0.9112,0.013801147744927725,45.45454545454545,69.6969696969697,55.55555555636364,BALANCED,1.2629917825361465,batangas_muni_v1_2026-09-09
Tomato,0401021,0401021000,Rosario,0.04339449010112608,0.9698,0.07048158376102377,84.84848484848484,9.090909090909092,53.282828280303036,BALANCED,0.615685513655032,batangas_muni_v1_2026-09-09
Tomato,0401022,0401022000,San Jose,0.02725653110871636,0.9648,0.01380016220922754,66.66666666666666,72.72727272727273,69.19191919212122,UNDERSUPPLY_LEANING,1.9750877341493247,batangas_muni_v1_2026-09-09
Tomato,0401023,0401023000,San Juan,0.037763931967009515,0.9712,0.0908369738672745,81.81818181818183,0.0,47.727272724545465,BALANCED,0.4157330474503465,batangas_muni_v1_2026-09-09
Tomato,0401024,0401024000,San Luis,0.011802591156823248,1.0709,0.018920239785030473,21.21212121212121,51.515151515151516,33.83838383939394,OVERSUPPLY_LEANING,0.623807694348639,batangas_muni_v1_2026-09-09
Tomato,0401025,0401025000,San Nicolas,0.007733586086885567,1.0784,0.01088948010262186,6.0606060606060606,84.84848484848484,38.88888889151515,OVERSUPPLY_LEANING,0.7101887338977323,batangas_muni_v1_2026-09-09
Tomato,0401026,0401026000,San Pascual,0.022997571468632926,0.8606,0.013582158158416846,60.60606060606061,75.75757575757575,66.91919191969697,UNDERSUPPLY_LEANING,1.6932192366189875,batangas_muni_v1_2026-09-09
Tomato,0401027,0401027000,Santa Teresita,0.006893392452487127,0.9116,0.006636187147177697,3.0303030303030303,100.0,43.43434343757576,BALANCED,1.0387579945539687,batangas_muni_v1_2026-09-09
Tomato,0401028,0401028000,Santo Tomas,0.07895310770932637,1.1045,0.015895773941155152,93.93939393939394,60.60606060606061,80.05050504939395,HIGH_OPPORTUNITY,4.966924416615654,batangas_muni_v1_2026-09-09
Tomato,0401029,0401029000,Taal,0.020116077481040835,0.8043,0.008477169893096163,57.57575757575758,90.9090909090909,71.46464646575758,UNDERSUPPLY_LEANING,2.3729709012229945,batangas_muni_v1_2026-09-09
Tomato,0401030,0401030000,Talisay,0.015390649380788315,1.1839,0.010437316977925425,39.39393939393939,87.87878787878788,59.59595959757576,BALANCED,1.4745790909042067,batangas_muni_v1_2026-09-09
Tomato,0401031,0401031000,Tanauan,0.0720774686364047,1.1173,0.02311341993391905,90.9090909090909,45.45454545454545,71.96969696818182,UNDERSUPPLY_LEANING,3.1184250899465846,batangas_muni_v1_2026-09-09
Tomato,0401032,0401032000,Taysan,0.013413167670086445,0.8548,0.030057707246937942,30.303030303030305,33.33333333333333,31.56565656575758,OVERSUPPLY_LEANING,0.4462471990924351,batangas_muni_v1_2026-09-09
Tomato,0401033,0401033000,Tingloy,0.005030381963534209,1.1408,0.01684885572850644,0.0,57.57575757575758,23.989898991818183,SEVERE_OVERSUPPLY,0.2985592638806532,batangas_muni_v1_2026-09-09
Tomato,0401034,0401034000,Tuy,0.015057754587561688,1.0486,0.04246417440781686,36.36363636363637,21.21212121212121,30.05050505,OVERSUPPLY_LEANING,0.35459901899776103,batangas_muni_v1_2026-09-09
Red Onion,0401001,0401001000,Agoncillo,0.012960815590279078,1.0166,0.021975703922623362,24.242424242424242,48.484848484848484,34.343434344242425,OVERSUPPLY_LEANING,0.5897793142788152,batangas_muni_v1_2026-09-09
Red Onion,0401002,0401002000,Alitagtag,0.008887980435128858,0.871,0.009679702764906992,12.121212121212121,90.9090909090909,44.94949495212121,BALANCED,0.9182079916081245,batangas_muni_v1_2026-09-09
Red Onion,0401003,0401003000,Balayan,0.031493045213647486,1.1125,0.045253089873064145,75.75757575757575,18.181818181818183,51.76767676575757,BALANCED,0.695931378431531,batangas_muni_v1_2026-09-09
Red Onion,0401004,0401004000,Balete,0.007852390523636846,0.843,0.007969493469642647,9.090909090909092,96.96969696969697,45.70707071,BALANCED,0.9853060992581437,batangas_muni_v1_2026-09-09
Red Onion,0401005,0401005000,Batangas City,0.12255105110414684,0.943,0.05599014355630338,96.96969696969697,12.121212121212121,61.61616161333333,UNDERSUPPLY_LEANING,2.188796872451491,batangas_muni_v1_2026-09-09
Red Onion,0401006,0401006000,Bauan,0.03173576267581665,1.084,0.01461588480152306,78.78787878787878,72.72727272727273,76.26262626242425,HIGH_OPPORTUNITY,2.1713199786926074,batangas_muni_v1_2026-09-09
Red Onion,0401007,0401007000,Calaca,0.030194337304434715,0.8055,0.03247757928161952,69.6969696969697,33.33333333333333,54.545454544242425,BALANCED,0.9296979015158008,batangas_muni_v1_2026-09-09
Red Onion,0401008,0401008000,Calatagan,0.019286252787253474,0.9828,0.04272544403528167,54.54545454545454,24.242424242424242,41.91919191818182,BALANCED,0.4513997039171165,batangas_muni_v1_2026-09-09
Red Onion,0401009,0401009000,Cuenca,0.011675720931638236,0.9122,0.022177198926302148,18.181818181818183,45.45454545454545,29.545454546363636,OVERSUPPLY_LEANING,0.5264741038955482,batangas_muni_v1_2026-09-09
Red Onion,0401010,0401010000,Ibaan,0.01905518252255175,1.0682,0.027644473949277583,51.515151515151516,39.39393939393939,46.46464646424242,BALANCED,0.6892944520309712,batangas_muni_v1_2026-09-09
Red Onion,0401011,0401011000,Laurel,0.01428480388671769,1.0026,0.03080589686304156,33.33333333333333,36.36363636363637,34.59595959606061,OVERSUPPLY_LEANING,0.46370355488190473,batangas_muni_v1_2026-09-09
Red Onion,0401012,0401012000,Lemery,0.030293425338145087,0.9227,0.04284717892705893,72.72727272727273,21.21212121212121,51.262626260909094,BALANCED,0.7070109654060358,batangas_muni_v1_2026-09-09
Red Onion,0401013,0401013000,Lian,0.01863104351087908,0.8297,0.02188662891888362,48.484848484848484,51.515151515151516,49.747474747575765,BALANCED,0.8512523139095374,batangas_muni_v1_2026-09-09
Red Onion,0401014,0401014000,Lipa,0.1337965619645743,1.1392,0.04250699330907982,100.0,27.27272727272727,69.69696969454546,UNDERSUPPLY_LEANING,3.1476364604690668,batangas_muni_v1_2026-09-09
Red Onion,0401015,0401015000,Lobo,0.013173260893414992,1.0207,0.07627786058327307,27.27272727272727,3.0303030303030303,17.17171717090909,SEVERE_OVERSUPPLY,0.1727009749969803,batangas_muni_v1_2026-09-09
Red Onion,0401016,0401016000,Mabini,0.016286040178914024,1.03,0.016411055251089515,42.42424242424242,63.63636363636363,51.26262626333333,BALANCED,0.9923822648658019,batangas_muni_v1_2026-09-09
Red Onion,0401017,0401017000,Malvar,0.025243490923820475,0.886,0.00711935469468506,63.63636363636363,100.0,78.78787878909091,HIGH_OPPORTUNITY,3.5457554801513056,batangas_muni_v1_2026-09-09
Red Onion,0401018,0401018000,Mataasnakahoy,0.010117833683367179,1.1118,0.00981077711722102,15.151515151515152,87.87878787878788,45.4545454569697,BALANCED,1.0312978842019738,batangas_muni_v1_2026-09-09
Red Onion,0401019,0401019000,Nasugbu,0.047169562569798956,0.8421,0.06642430914095321,87.87878787878788,6.0606060606060606,53.78787878515152,BALANCED,0.7101250006184416,batangas_muni_v1_2026-09-09
Red Onion,0401020,0401020000,Padre Garcia,0.017430736191410987,0.9699,0.014763691970336692,45.45454545454545,69.6969696969697,55.55555555636364,BALANCED,1.1806488665865515,batangas_muni_v1_2026-09-09
Red Onion,0401021,0401021000,Rosario,0.04339449010112608,0.9093,0.06641515457538043,84.84848484848484,9.090909090909092,53.282828280303036,BALANCED,0.6533823549544531,batangas_muni_v1_2026-09-09
Red Onion,0401022,0401022000,San Jose,0.02725653110871636,0.8207,0.01179771367734095,66.66666666666666,78.78787878787878,71.71717171757575,UNDERSUPPLY_LEANING,2.3103231570254232,batangas_muni_v1_2026-09-09
Red Onion,0401023,0401023000,San Juan,0.037763931967009515,1.0057,0.09453420063832939,81.81818181818183,0.0,47.727272724545465,BALANCED,0.3994737535411912,batangas_muni_v1_2026-09-09
Red Onion,0401024,0401024000,San Luis,0.011802591156823248,1.1665,0.02071233123451365,21.21212121212121,54.54545454545454,35.101010102121215,OVERSUPPLY_LEANING,0.5698340289747876,batangas_muni_v1_2026-09-09
Red Onion,0401025,0401025000,San Nicolas,0.007733586086885567,1.1626,0.011798426930385313,6.0606060606060606,75.75757575757575,35.10101010333334,OVERSUPPLY_LEANING,0.6554760335861998,batangas_muni_v1_2026-09-09
Red Onion,0401026,0401026000,San Pascual,0.022997571468632926,1.1845,0.018787501520637153,60.60606060606061,57.57575757575758,59.34343434333334,BALANCED,1.2240888679833886,batangas_muni_v1_2026-09-09
Red Onion,0401027,0401027000,Santa Teresita,0.006893392452487127,1.1148,0.00815601077205877,3.0303030303030303,93.93939393939394,40.909090912121215,BALANCED,0.8451916807298517,batangas_muni_v1_2026-09-09
Red Onion,0401028,0401028000,Santo Tomas,0.07895310770932637,1.1487,0.016614569810159106,93.93939393939394,60.60606060606061,80.05050504939395,HIGH_OPPORTUNITY,4.752040444709552,batangas_muni_v1_2026-09-09
Red Onion,0401029,0401029000,Taal,0.020116077481040835,0.9595,0.01016352405796774,57.57575757575758,84.84848484848484,68.93939394030303,UNDERSUPPLY_LEANING,1.9792423736401497,batangas_muni_v1_2026-09-09
Red Onion,0401030,0401030000,Talisay,0.015390649380788315,1.1911,0.010553307658697381,39.39393939393939,81.81818181818183,57.070707072121216,BALANCED,1.4583720932369766,batangas_muni_v1_2026-09-09
Red Onion,0401031,0401031000,Tanauan,0.0720774686364047,1.1304,0.023501364696876168,90.9090909090909,42.42424242424242,70.70707070545456,UNDERSUPPLY_LEANING,3.0669482204999494,batangas_muni_v1_2026-09-09
Red Onion,0401032,0401032000,Taysan,0.013413167670086445,0.9524,0.033657142816647286,30.303030303030305,30.303030303030305,30.303030303030305,OVERSUPPLY_LEANING,0.39852365790990757,batangas_muni_v1_2026-09-09
Red Onion,0401033,0401033000,Tingloy,0.005030381963534209,1.0395,0.015429502204755806,0.0,66.66666666666666,27.777777779999997,OVERSUPPLY_LEANING,0.3260236070340431,batangas_muni_v1_2026-09-09
Red Onion,0401034,0401034000,Tuy,0.015057754587561688,1.1921,0.048516788050083894,36.36363636363637,15.151515151515152,27.525252524545458,OVERSUPPLY_LEANING,0.310361736478053,batangas_muni_v1_2026-09-09
Banana,0401001,0401001000,Agoncillo,0.012960815590279078,0.8492,0.018144247965893492,24.242424242424242,51.515151515151516,35.6060606069697,OVERSUPPLY_LEANING,0.714320902946326,batangas_muni_v1_2026-09-09
Banana,0401002,0401002000,Alitagtag,0.008887980435128858,0.9841,0.010809843227575215,12.121212121212121,84.84848484848484,42.424242426666666,BALANCED,0.8222117793953008,batangas_muni_v1_2026-09-09
Banana,0401003,0401003000,Balayan,0.031493045213647486,1.1453,0.04604725822816944,75.75757575757575,18.181818181818183,51.76767676575757,BALANCED,0.6839287815486393,batangas_muni_v1_2026-09-09
Banana,0401004,0401004000,Balete,0.007852390523636846,1.1856,0.011078415059791557,9.090909090909092,81.81818181818183,39.39393939636364,OVERSUPPLY_LEANING,0.7088008962704988,batangas_muni_v1_2026-09-09
Banana,0401005,0401005000,Batangas City,0.12255105110414684,0.9033,0.053011268390085346,96.96969696969697,12.121212121212121,61.61616161333333,UNDERSUPPLY_LEANING,2.311792470279158,batangas_muni_v1_2026-09-09
Banana,0401006,0401006000,Bauan,0.03173576267581665,1.1329,0.015098148863722658,78.78787878787878,66.66666666666666,73.73737373696969,UNDERSUPPLY_LEANING,2.1019638210132046,batangas_muni_v1_2026-09-09
Banana,0401007,0401007000,Calaca,0.030194337304434715,0.9766,0.038919846964762854,69.6969696969697,27.27272727272727,52.020202018787884,BALANCED,0.7758082227756955,batangas_muni_v1_2026-09-09
Banana,0401008,0401008000,Calatagan,0.019286252787253474,1.045,0.04490286219966904,54.54545454545454,21.21212121212121,40.65656565545454,BALANCED,0.42951054437228336,batangas_muni_v1_2026-09-09
Banana,0401009,0401009000,Cuenca,0.011675720931638236,0.9916,0.02382810138940929,18.181818181818183,45.45454545454545,29.545454546363636,OVERSUPPLY_LEANING,0.48999795413106906,batangas_muni_v1_2026-09-09
Banana,0401010,0401010000,Ibaan,0.01905518252255175,1.1558,0.02956478626872386,51.515151515151516,36.36363636363637,45.202020201515154,BALANCED,0.6445229249876208,batangas_muni_v1_2026-09-09
Banana,0401011,0401011000,Laurel,0.01428480388671769,0.8008,0.024320165074119007,33.33333333333333,42.42424242424242,37.12121212151515,OVERSUPPLY_LEANING,0.5873645940799666,batangas_muni_v1_2026-09-09
Banana,0401012,0401012000,Lemery,0.030293425338145087,1.1028,0.05061680949971998,72.72727272727273,15.151515151515152,48.73737373545455,BALANCED,0.5984854762193709,batangas_muni_v1_2026-09-09
Banana,0401013,0401013000,Lian,0.01863104351087908,1.1023,0.02874047152963941,48.484848484848484,39.39393939393939,44.69696969666667,BALANCED,0.648251142701862,batangas_muni_v1_2026-09-09
Banana,0401014,0401014000,Lipa,0.1337965619645743,0.8051,0.02969248420563712,100.0,33.33333333333333,72.22222222,UNDERSUPPLY_LEANING,4.506075040335393,batangas_muni_v1_2026-09-09
Banana,0401015,0401015000,Lobo,0.013173260893414992,0.8643,0.06384122311596793,27.27272727272727,9.090909090909092,19.696969696363634,SEVERE_OVERSUPPLY,0.20634411827426444,batangas_muni_v1_2026-09-09
Banana,0401016,0401016000,Mabini,0.016286040178914024,0.9968,0.01569797414151532,42.42424242424242,60.60606060606061,50.000000000606065,BALANCED,1.0374612693394294,batangas_muni_v1_2026-09-09
Banana,0401017,0401017000,Malvar,0.025243490923820475,0.8921,0.007085275554921129,63.63636363636363,100.0,78.78787878909091,HIGH_OPPORTUNITY,3.5628100457274985,batangas_muni_v1_2026-09-09
Banana,0401018,0401018000,Mataasnakahoy,0.010117833683367179,1.1255,0.009816542161926402,15.151515151515152,87.87878787878788,45.4545454569697,BALANCED,1.0306922250697745,batangas_muni_v1_2026-09-09
Banana,0401019,0401019000,Nasugbu,0.047169562569798956,0.9173,0.07151729329546568,87.87878787878788,3.0303030303030303,52.525252522424246,BALANCED,0.6595546391125738,batangas_muni_v1_2026-09-09
Banana,0401020,0401020000,Padre Garcia,0.017430736191410987,0.9637,0.014499271170904425,45.45454545454545,69.6969696969697,55.55555555636364,BALANCED,1.2021801638132756,batangas_muni_v1_2026-09-09
Banana,0401021,0401021000,Rosario,0.04339449010112608,0.9824,0.07092259988248813,84.84848484848484,6.0606060606060606,52.02020201757576,BALANCED,0.6118570127579438,batangas_muni_v1_2026-09-09
Banana,0401022,0401022000,San Jose,0.02725653110871636,1.1971,0.01700905347084816,66.66666666666666,54.54545454545454,61.616161615757576,UNDERSUPPLY_LEANING,1.6024719515069648,batangas_muni_v1_2026-09-09
Banana,0401023,0401023000,San Juan,0.037763931967009515,1.1698,0.10868470233610725,81.81818181818183,0.0,47.727272724545465,BALANCED,0.34746317701846047,batangas_muni_v1_2026-09-09
Banana,0401024,0401024000,San Luis,0.011802591156823248,0.8866,0.015559952387423472,21.21212121212121,63.63636363636363,38.88888889030303,OVERSUPPLY_LEANING,0.7585236036045228,batangas_muni_v1_2026-09-09
Banana,0401025,0401025000,San Nicolas,0.007733586086885567,0.9485,0.009514093627187574,6.0606060606060606,93.93939393939394,42.67676767969697,BALANCED,0.8128557895190341,batangas_muni_v1_2026-09-09
Banana,0401026,0401026000,San Pascual,0.022997571468632926,0.8495,0.013317835431645669,60.60606060606061,75.75757575757575,66.91919191969697,UNDERSUPPLY_LEANING,1.7268250224797337,batangas_muni_v1_2026-09-09
Banana,0401027,0401027000,Santa Teresita,0.006893392452487127,1.1913,0.008614662539190117,3.0303030303030303,96.96969696969697,42.17171717484849,BALANCED,0.8001929757697961,batangas_muni_v1_2026-09-09
Banana,0401028,0401028000,Santo Tomas,0.07895310770932637,0.9705,0.01387440337237295,93.93939393939394,72.72727272727273,85.10101010030303,HIGH_OPPORTUNITY,5.690558764244934,batangas_muni_v1_2026-09-09
Banana,0401029,0401029000,Taal,0.020116077481040835,1.0939,0.011452841750587523,57.57575757575758,78.78787878787878,66.41414141484849,UNDERSUPPLY_LEANING,1.7564267383690073,batangas_muni_v1_2026-09-09
Banana,0401030,0401030000,Talisay,0.015390649380788315,1.1105,0.009725125950486226,39.39393939393939,90.9090909090909,60.85858586030303,UNDERSUPPLY_LEANING,1.5825655584459377,batangas_muni_v1_2026-09-09
Banana,0401031,0401031000,Tanauan,0.0720774686364047,1.0781,0.022154210419594644,90.9090909090909,48.484848484848484,73.23232323090909,UNDERSUPPLY_LEANING,3.253443353262305,batangas_muni_v1_2026-09-09
Banana,0401032,0401032000,Taysan,0.013413167670086445,0.9623,0.03361279615827737,30.303030303030305,30.303030303030305,30.303030303030305,OVERSUPPLY_LEANING,0.3990494455422854,batangas_muni_v1_2026-09-09
Banana,0401033,0401033000,Tingloy,0.005030381963534209,1.0968,0.016091301050178804,0.0,57.57575757575758,23.989898991818183,SEVERE_OVERSUPPLY,0.31261499289880673,batangas_muni_v1_2026-09-09
Banana,0401034,0401034000,Tuy,0.015057754587561688,1.0499,0.042234133315993044,36.36363636363637,24.242424242424242,31.313131312727275,OVERSUPPLY_LEANING,0.3565304507352038,batangas_muni_v1_2026-09-09
