market_id,market_name,municipality_city,province,latitude,longitude,market_type,operator,contact_number,facebook_url,facebook_type,source_url,coordinate_confidence,notes
KADIWA-CAV-BACOOR-ZAPOTE,KADIWA - Zapote-Bacoor Public Market,Bacoor City,Cavite,14.4626,120.96431,KADIWA Permanent,Department of Agriculture / local KADIWA partners,,,,https://www.da.gov.ph/benteng-bigas-meron-na-expands-to-zapote-bacoor-public-market/,high,Fixed/regular KADIWA outlet. Keep visible by default. Last verified from public source: 2025-07-02.
KADIWA-BTG-LIPA-LARES,KADIWA - LARES Compound,Lipa City,Batangas,13.9588,121.1662,KADIWA Recurring,DA CALABARZON,,,,https://pia.gov.ph/news/luzon/calabarzon/da-calabarzon-sustains-kadiwa-ng-pangulo-in-2026/,high,"Recurring KADIWA pop-up at LARES, Brgy. Marawoy. Published schedule: every Monday. Keep visible by default while schedule remains valid."
KADIWA-CAV-BACOOR-CITYHALL-20260305,KADIWA - Bacoor City Hall,Bacoor City,Cavite,14.43113,120.9681,KADIWA Temporary,City Government of Bacoor / Department of Agriculture,,,,https://bacoor.gov.ph/latest-news/pagpupulong-para-sa-paglulunsad-ng-kadiwa-program-ginanap-sa-lungsod-ng-bacoor/,high,Temporary KADIWA event dated 2026-03-05. Expired as of 2026-09-09; hide by default unless historical KADIWA events are enabled.
KADIWA-CAV-IMUS-PPO-20260116,KADIWA Pop-Up - Cavite PPO,Imus City,Cavite,14.4291,120.93718,KADIWA Temporary,DA CALABARZON,,,,https://pia.gov.ph/news/luzon/calabarzon/da-calabarzon-sustains-kadiwa-ng-pangulo-in-2026/,high,Venue: Camp Gen. Pantaleon Garcia. Temporary event dated 2026-01-16. Expired; hide by default.
KADIWA-CAV-TAGAYTAY-MAITIM2E-202601,KADIWA - Maitim 2nd East,Tagaytay City,Cavite,14.1272,120.9584,KADIWA Temporary,DA CALABARZON,,,,https://pia.gov.ph/news/luzon/calabarzon/da-calabarzon-sustains-kadiwa-ng-pangulo-in-2026/,approximate,Temporary KADIWA scheduled 2026-01-23 and 2026-01-30. Coordinate is a barangay centroid because the exact stall venue was not published. Expired; hide by default.
KADIWA-LAG-CALAMBA-CVL-20260129,KADIWA Pop-Up - Camp Vicente Lim,Calamba City,Laguna,14.21575,121.12149,KADIWA Temporary,DA CALABARZON,,,,https://pia.gov.ph/news/luzon/calabarzon/da-calabarzon-sustains-kadiwa-ng-pangulo-in-2026/,high,"Venue: Camp Vicente Lim, Brgy. Mayapa. Temporary event dated 2026-01-29. Expired; hide by default."
KADIWA-LAG-LUMBAN-MUNICIPAL-20260116,KADIWA - Lumban Municipal Compound,Lumban,Laguna,14.29702,121.45933,KADIWA Temporary,DA CALABARZON,,,,https://pia.gov.ph/news/luzon/calabarzon/da-calabarzon-sustains-kadiwa-ng-pangulo-in-2026/,approximate,Coordinate represents the municipal compound reference. Temporary event dated 2026-01-16. Expired; hide by default.
KADIWA-LAG-CALAMBA-CITYHALL-20260130,KADIWA - Calamba City Hall,Calamba City,Laguna,14.19403,121.15982,KADIWA Temporary,DA CALABARZON,,,,https://pia.gov.ph/news/luzon/calabarzon/da-calabarzon-sustains-kadiwa-ng-pangulo-in-2026/,high,Temporary event dated 2026-01-30. Expired; hide by default.
KADIWA-RIZ-ANTIPOLO-SUMULONG-20260128,KADIWA - Sumulong Park,Antipolo City,Rizal,14.58719,121.17593,KADIWA Temporary,DA CALABARZON,,,,https://pia.gov.ph/news/luzon/calabarzon/da-calabarzon-sustains-kadiwa-ng-pangulo-in-2026/,high,Temporary event dated 2026-01-28. Expired; hide by default.
KADIWA-QUE-LUCENA-NAKAR-20260129,KADIWA Pop-Up - Quezon PPO,Lucena City,Quezon,13.954694,121.609306,KADIWA Temporary,DA CALABARZON,,,,https://pia.gov.ph/news/luzon/calabarzon/da-calabarzon-sustains-kadiwa-ng-pangulo-in-2026/,high,Venue: Camp BGen. Guillermo P. Nakar. Temporary event dated 2026-01-29. Expired; hide by default.
KADIWA-QUE-LUCENA-PEREZ-20260121,KADIWA - Perez Park,Lucena City,Quezon,13.92886,121.61283,KADIWA Temporary,DA CALABARZON,,,,https://pia.gov.ph/news/luzon/calabarzon/da-calabarzon-sustains-kadiwa-ng-pangulo-in-2026/,high,"Venue: Perez Park, Quezon Provincial Capitol. Temporary event dated 2026-01-21. Expired; hide by default."
KADIWA-BTG-LIPA-FERNANDO-20260116,KADIWA Pop-Up - Fernando Air Base,Lipa City,Batangas,13.95472,121.12472,KADIWA Temporary,DA CALABARZON,,,,https://pia.gov.ph/news/luzon/calabarzon/da-calabarzon-sustains-kadiwa-ng-pangulo-in-2026/,facility,"Coordinate represents Fernando Air Base, not the exact stall inside the facility. Temporary event dated 2026-01-16. Expired; hide by default."
KADIWA-BTG-STOTOMAS-MALVARPARK-20260116,KADIWA Pop-Up - Malvar's Park,City of Sto. Tomas,Batangas,14.11023,121.14248,KADIWA Temporary,DA CALABARZON,,,,https://pia.gov.ph/news/luzon/calabarzon/da-calabarzon-sustains-kadiwa-ng-pangulo-in-2026/,approximate,Mapped to the General Miguel Malvar park area. Temporary event dated 2026-01-16. Expired; hide by default.
KADIWA-BTG-CALACA-BATELEC1-20260127,KADIWA Pop-Up - BATELEC I,Calaca City,Batangas,13.93073,120.808605,KADIWA Temporary,DA CALABARZON,,,,https://pia.gov.ph/news/luzon/calabarzon/da-calabarzon-sustains-kadiwa-ng-pangulo-in-2026/,high,"Venue: BATELEC I, Km. 116 National Highway. Temporary event dated 2026-01-27. Expired; hide by default."
KADIWA-BTG-BATANGASCITY-PPO-20260128,KADIWA Pop-Up - Batangas PPO,Batangas City,Batangas,13.775833,121.064722,KADIWA Temporary,DA CALABARZON,,,,https://pia.gov.ph/news/luzon/calabarzon/da-calabarzon-sustains-kadiwa-ng-pangulo-in-2026/,high,Venue: Camp Gen. Miguel C. Malvar. Temporary event dated 2026-01-28. Expired; hide by default.
KADIWA-BTG-IBAAN-RECTOGYM-20260130,KADIWA - Recto Gym,Ibaan,Batangas,13.81883,121.13348,KADIWA Temporary,DA CALABARZON,,,,https://pia.gov.ph/news/luzon/calabarzon/da-calabarzon-sustains-kadiwa-ng-pangulo-in-2026/,high,Temporary event dated 2026-01-30. Expired; hide by default.
