psgc_code,municipality_name,province,latitude,longitude
0401001,Agoncillo,Batangas,13.967815,120.927374
0401002,Alitagtag,Batangas,13.866255,121.013821
0401003,Balayan,Batangas,13.966396,120.732014
0401004,Balete,Batangas,14.012308,121.112687
0401005,Batangas City (Capital),Batangas,13.720645,121.104358
0401006,Bauan,Batangas,13.801325,120.970167
0401007,City of Calaca,Batangas,13.977251,120.822845
0401008,Calatagan,Batangas,13.863531,120.658492
0401009,Cuenca,Batangas,13.905955,121.052961
0401010,Ibaan,Batangas,13.819081,121.140297
0401011,Laurel,Batangas,14.051107,120.906219
0401012,Lemery,Batangas,13.954733,120.884249
0401013,Lian,Batangas,13.993463,120.648932
0401014,Lipa City,Batangas,13.939667,121.170657
0401015,Lobo,Batangas,13.665526,121.262563
0401016,Mabini,Batangas,13.729873,120.913367
0401017,Malvar,Batangas,14.032949,121.148978
0401018,Mataasnakahoy,Batangas,13.975815,121.102562
0401019,Nasugbu,Batangas,14.118882,120.688055
0401020,Padre Garcia,Batangas,13.874238,121.239620
0401021,Rosario,Batangas,13.804542,121.270384
0401022,San Jose,Batangas,13.878275,121.089773
0401023,San Juan,Batangas,13.757534,121.390415
0401024,San Luis,Batangas,13.835380,120.944484
0401025,San Nicolas,Batangas,13.999899,120.986292
0401026,San Pascual,Batangas,13.817564,121.031445
0401027,Santa Teresita,Batangas,13.877692,120.971878
0401028,City of Sto. Tomas,Batangas,14.075684,121.183416
0401029,Taal,Batangas,13.886704,120.937530
0401030,Talisay,Batangas,14.110166,121.017136
0401031,City of Tanauan,Batangas,14.094401,121.098792
0401032,Taysan,Batangas,13.753203,121.222985
0401033,Tingloy,Batangas,13.647243,120.892741
0401034,Tuy,Batangas,14.028267,120.739275
0402101,Alfonso,Cavite,14.118467,120.840557
0402102,Amadeo,Cavite,14.178268,120.928962
0402103,Bacoor City,Cavite,14.415149,120.971881
0402104,Carmona,Cavite,14.302110,121.037538
0402105,Cavite City,Cavite,14.480529,120.897848
0402106,City of Dasmariñas,Cavite,14.313363,120.964628
0402107,General Emilio Aguinaldo,Cavite,14.179418,120.801384
0402108,City of General Trias,Cavite,14.322385,120.900793
0402109,Imus City,Cavite,14.396484,120.935137
0402110,Indang,Cavite,14.191370,120.870535
0402111,Kawit,Cavite,14.437111,120.904113
0402112,Magallanes,Cavite,14.162300,120.748734
0402113,Maragondon,Cavite,14.231004,120.727816
0402114,Mendez (Mendez-Nuñez),Cavite,14.130370,120.898433
0402115,Naic,Cavite,14.292931,120.794705
0402116,Noveleta,Cavite,14.435593,120.880642
0402117,Rosario,Cavite,14.413629,120.863447
0402118,Silang,Cavite,14.214593,120.987759
0402119,Tagaytay City,Cavite,14.116105,120.954964
0402120,Tanza,Cavite,14.348117,120.837040
0402121,Ternate,Cavite,14.263580,120.674206
0402122,Trece Martires City (Capital),Cavite,14.276313,120.869421
0402123,Gen. Mariano Alvarez,Cavite,14.310161,121.014482
0403401,Alaminos,Laguna,14.043158,121.247261
0403402,Bay,Laguna,14.144614,121.261164
0403403,City of Biñan,Laguna,14.307135,121.069235
0403404,Cabuyao City,Laguna,14.239044,121.111377
0403405,City of Calamba,Laguna,14.187195,121.120294
0403406,Calauan,Laguna,14.133076,121.296823
0403407,Cavinti,Laguna,14.246475,121.552830
0403408,Famy,Laguna,14.481296,121.474212
0403409,Kalayaan,Laguna,14.333058,121.531969
0403410,Liliw,Laguna,14.141663,121.436442
0403411,Los Baños,Laguna,14.153231,121.224414
0403412,Luisiana,Laguna,14.188166,121.527831
0403413,Lumban,Laguna,14.300288,121.471514
0403414,Mabitac,Laguna,14.429779,121.402151
0403415,Magdalena,Laguna,14.206717,121.435928
0403416,Majayjay,Laguna,14.139250,121.480354
0403417,Nagcarlan,Laguna,14.134167,121.404428
0403418,Paete,Laguna,14.374725,121.534926
0403419,Pagsanjan,Laguna,14.252061,121.448756
0403420,Pakil,Laguna,14.400420,121.511288
0403421,Pangil,Laguna,14.426328,121.498772
0403422,Pila,Laguna,14.231039,121.365262
0403423,Rizal,Laguna,14.095171,121.403352
0403424,San Pablo City,Laguna,14.050286,121.330231
0403425,City of San Pedro,Laguna,14.349176,121.040346
0403426,Santa Cruz (Capital),Laguna,14.260651,121.401630
0403427,Santa Maria,Laguna,14.510730,121.426047
0403428,City of Santa Rosa,Laguna,14.271954,121.091713
0403429,Siniloan,Laguna,14.476979,121.494769
0403430,Victoria,Laguna,14.205308,121.334235
0405601,Agdangan,Quezon,13.883824,121.923801
0405602,Alabat,Quezon,14.118331,122.028735
0405603,Atimonan,Quezon,13.984984,121.889138
0405605,Buenavista,Quezon,13.739639,122.432370
0405606,Burdeos,Quezon,14.905334,121.972752
0405607,Calauag,Quezon,14.054400,122.280073
0405608,Candelaria,Quezon,13.935420,121.427205
0405610,Catanauan,Quezon,13.643996,122.316309
0405615,Dolores,Quezon,14.013153,121.406263
0405616,General Luna,Quezon,13.697011,122.223967
0405617,General Nakar,Quezon,14.882158,121.461894
0405618,Guinayangan,Quezon,13.908174,122.425940
0405619,Gumaca,Quezon,13.876756,122.123711
0405620,Infanta,Quezon,14.675483,121.586269
0405621,Jomalig,Quezon,14.700496,122.376357
0405622,Lopez,Quezon,13.836646,122.297188
0405623,Lucban,Quezon,14.110816,121.569571
0405624,Lucena City (Capital),Quezon,13.936745,121.615465
0405625,Macalelon,Quezon,13.760240,122.185793
0405627,Mauban,Quezon,14.229618,121.699893
0405628,Mulanay,Quezon,13.525483,122.457542
0405629,Padre Burgos,Quezon,13.928899,121.852228
0405630,Pagbilao,Quezon,13.991733,121.723249
0405631,Panukulan,Quezon,14.979200,121.891491
0405632,Patnanungan,Quezon,14.794778,122.186297
0405633,Perez,Quezon,14.178154,121.958407
0405634,Pitogo,Quezon,13.809699,122.091392
0405635,Plaridel,Quezon,13.941302,122.012967
0405636,Polillo,Quezon,14.743822,121.951973
0405637,Quezon,Quezon,14.055337,122.123875
0405638,Real,Quezon,14.510002,121.581141
0405639,Sampaloc,Quezon,14.183935,121.633154
0405640,San Andres,Quezon,13.340275,122.642096
0405641,San Antonio,Quezon,13.900502,121.295116
0405642,San Francisco (Aurora),Quezon,13.294833,122.571775
0405644,San Narciso,Quezon,13.555552,122.533840
0405645,Sariaya,Quezon,13.928871,121.501417
0405646,Tagkawayan,Quezon,14.027007,122.538425
0405647,City of Tayabas,Quezon,14.037052,121.615364
0405648,Tiaong,Quezon,13.939234,121.334029
0405649,Unisan,Quezon,13.861302,121.999790
0405801,Angono,Rizal,14.539488,121.169086
0405802,City of Antipolo,Rizal,14.655866,121.236281
0405803,Baras,Rizal,14.575062,121.276982
0405804,Binangonan,Rizal,14.491982,121.194454
0405805,Cainta,Rizal,14.587346,121.116838
0405806,Cardona,Rizal,14.355194,121.237803
0405807,Jala-jala,Rizal,14.339128,121.336814
0405808,Rodriguez (Montalban),Rizal,14.772716,121.218484
0405809,Morong,Rizal,14.533803,121.238859
0405810,Pililla,Rizal,14.453861,121.343297
0405811,San Mateo,Rizal,14.682763,121.161003
0405812,Tanay,Rizal,14.603890,121.359284
0405813,Taytay,Rizal,14.554872,121.134359
0405814,Teresa,Rizal,14.561145,121.219454
