commodity,kind,model,MAE,MSE,RMSE,R2,MAPE,sMAPE,WAPE,MASE,Bias,N,ZeroRatePct,NonZeroN
rice,price,seasonal_naive,5.997796610169491,42.02948983050847,6.483015488991867,-1.0554520982812137,35.94116689295658,35.286311054570156,34.029560818932765,1.0,-1.110677966101695,59,0.0,59
rice,price,hist_gradient_boosting,1.8330688254967027,6.606344026339884,2.5702809236229185,0.6769167614056761,10.084787803233256,10.335732749629344,10.400240477772211,0.3056237056102678,-0.574450169758442,59,0.0,59
rice,price,random_forest,1.9178412235085742,6.955875892018321,2.63739945628612,0.6598229063619401,10.606171780182803,10.911987063383865,10.88121168460182,0.31975762903610333,-0.5517530383560041,59,0.0,59
tomato,price,seasonal_naive,27.68577777777778,2023.7998266666668,44.986662764275664,-2.7269454730197555,66.98254252219411,47.79087761904898,62.55290732995598,1.0,15.723999999999998,45,0.0,45
tomato,price,hist_gradient_boosting,15.399234877658149,422.4441695587408,20.553446658863344,0.22204441141112052,37.38278062420272,34.09324610855263,34.79284273630016,0.5562146384783335,-1.6494736748634742,45,0.0,45
tomato,price,random_forest,14.330403843014809,510.18449424386824,22.5872639831359,0.0604654837040679,38.35255134407047,29.455759754409627,32.37793898325876,0.517608858889174,2.3650370408516173,45,0.0,45
banana,price,seasonal_naive,5.569333333333334,52.33107333333333,7.234021933429102,-1.0268296507760803,21.424299656964948,20.874723561889873,21.72423432735878,1.0,0.1838333333333332,60,0.0,60
banana,price,hist_gradient_boosting,3.8164381513414516,26.88231830319027,5.1848161301236395,-0.041176424405587,15.024561192228864,14.740541563820598,14.886736299188469,0.685259423870263,-0.42246918847143183,60,0.0,60
banana,price,random_forest,3.8213764355505733,28.317303999175856,5.321400567442359,-0.09675471416351034,15.20444327300084,14.44791711826169,14.905999007472055,0.6861461160313455,0.04836855881867089,60,0.0,60
