commodity,kind,selected_model,MAE,MSE,RMSE,R2,MAPE,sMAPE,WAPE,MASE,Bias,N,ZeroRatePct,NonZeroN,baseline_sMAPE,improvement_vs_naive_pct,rolling_median_sMAPE,rolling_worst_sMAPE,verdict,reason,component,weighted_aggregate_error_pct,specificity
rice,supply,hist_gradient_boosting,739.0470692258001,3680102.903380382,1918.359430185173,0.9831017136691397,5.416627633158696,5.42624727122821,6.170531174247153,0.20844734366691847,-455.2116121610952,20.0,0.0,20.0,22.626605019237083,76.01828791100199,7.5257296558182585,58.35933393563941,CAUTION,rolling variability is elevated,supply,,
tomato,supply,random_forest,106.92304713043893,73523.87616714495,271.152864943642,0.9691831773021287,27.248316634217908,21.473553012331408,14.063159718644725,1.0457481955728016,86.18008161206419,20.0,0.0,20.0,28.999335292874207,25.951568215399938,26.481271505346236,91.42510740161616,CAUTION,rolling variability is elevated,supply,,
red_onion,supply,seasonal_naive,1.2610714285714284,8.569416428571431,2.9273565598627425,0.5154475116441242,1244.6343801250898,64.7457956170755,50.47747026532478,1.0,-0.19021428571428567,20.0,25.0,15.0,64.7457956170755,0.0,33.13987119468177,88.7148522221224,INSUFFICIENT_DATA,forecast errors remain too high,supply,,
banana,supply,seasonal_naive,572.2490000000001,1307149.7731300003,1143.3065088286694,0.934329787106293,14.704234270707733,18.96757358730657,12.8703203596454,1.0,-274.2780000000001,20.0,0.0,20.0,18.96757358730657,0.0,7.071016997340459,24.433027695349026,CAUTION,MASE=1.00 indicates no improvement over the seasonal-naive baseline,supply,,
rice,price,hist_gradient_boosting,1.8330688254967027,6.606344026339884,2.5702809236229185,0.6769167614056761,10.084787803233256,10.335732749629344,10.400240477772211,0.3056237056102678,-0.574450169758442,59.0,0.0,59.0,35.286311054570156,70.70894508171975,5.738460775791875,7.285104076328877,PASS,,price,,
tomato,price,random_forest,14.330403843014809,510.18449424386824,22.5872639831359,0.0604654837040679,38.35255134407047,29.455759754409627,32.37793898325876,0.517608858889174,2.3650370408516173,45.0,0.0,45.0,47.79087761904898,38.36530898384496,32.18405259209615,57.352352891002425,CAUTION,rolling variability is elevated,price,,
red_onion,price,,,,,,,,,,,,,,,,,,INSUFFICIENT_DATA,no candidate could be trained,price,,
banana,price,random_forest,3.8213764355505733,28.317303999175856,5.321400567442359,-0.09675471416351034,15.20444327300084,14.44791711826169,14.905999007472055,0.6861461160313455,0.04836855881867089,60.0,0.0,60.0,20.874723561889873,30.787504440831682,5.777772059664818,17.560057182464323,PASS,,price,,
rice,,GradientBoostingRegressor,6112.045869000907,,,0.5370387993697077,,,23.347783422956876,0.6510691493493189,,,,,,,,,USABLE_PROXY,weighted R2 and/or WAPE meet the usable-proxy bar,demand_proxy,1.3616968949404142,category_proxy
tomato,,XGBRegressor,3264.656311417646,,,0.2558270840202773,,,42.02064303739527,0.8419351651901895,,,,,,,,,INDICATIVE_PROXY,"weak explanatory power; use for relative/directional signal, not precise point forecasts",demand_proxy,1.0724093879120409,shared_broad_category
red_onion,,XGBRegressor,3264.656311417646,,,0.2558270840202773,,,42.02064303739527,0.8419351651901895,,,,,,,,,INDICATIVE_PROXY,"weak explanatory power; use for relative/directional signal, not precise point forecasts",demand_proxy,1.0724093879120409,shared_broad_category
banana,,GradientBoostingRegressor_regularized,2479.0301985659844,,,0.3192756463307639,,,48.677817362259525,0.7899311571790689,,,,,,,,,INDICATIVE_PROXY,"weak explanatory power; use for relative/directional signal, not precise point forecasts",demand_proxy,0.18996525486557886,category_proxy
