"Purpose","Type of Valuation","Year","Period","Value"
"..Food and non-alcoholic beverages","At Constant 2018 Prices","2000","Q1","423665"
"..Food and non-alcoholic beverages","At Constant 2018 Prices","2000","Q2","449587"
"..Food and non-alcoholic beverages","At Constant 2018 Prices","2000","Q3","450837"
"..Food and non-alcoholic beverages","At Constant 2018 Prices","2000","Q4","535605"
"..Food and non-alcoholic beverages","At Constant 2018 Prices","2001","Q1","437333"
"..Food and non-alcoholic beverages","At Constant 2018 Prices","2001","Q2","462179"
"..Food and non-alcoholic beverages","At Constant 2018 Prices","2001","Q3","469641"
"..Food and non-alcoholic beverages","At Constant 2018 Prices","2001","Q4","549649"
"..Food and non-alcoholic beverages","At Constant 2018 Prices","2002","Q1","448135"
"..Food and non-alcoholic beverages","At Constant 2018 Prices","2002","Q2","486702"
"..Food and non-alcoholic beverages","At Constant 2018 Prices","2002","Q3","489892"
"..Food and non-alcoholic beverages","At Constant 2018 Prices","2002","Q4","582316"
"..Food and non-alcoholic beverages","At Constant 2018 Prices","2003","Q1","477252"
"..Food and non-alcoholic beverages","At Constant 2018 Prices","2003","Q2","520162"
"..Food and non-alcoholic beverages","At Constant 2018 Prices","2003","Q3","524456"
"..Food and non-alcoholic beverages","At Constant 2018 Prices","2003","Q4","620646"
"..Food and non-alcoholic beverages","At Constant 2018 Prices","2004","Q1","511668"
"..Food and non-alcoholic beverages","At Constant 2018 Prices","2004","Q2","546098"
"..Food and non-alcoholic beverages","At Constant 2018 Prices","2004","Q3","557059"
"..Food and non-alcoholic beverages","At Constant 2018 Prices","2004","Q4","660502"
"..Food and non-alcoholic beverages","At Constant 2018 Prices","2005","Q1","548599"
"..Food and non-alcoholic beverages","At Constant 2018 Prices","2005","Q2","584155"
"..Food and non-alcoholic beverages","At Constant 2018 Prices","2005","Q3","588139"
"..Food and non-alcoholic beverages","At Constant 2018 Prices","2005","Q4","689083"
"..Food and non-alcoholic beverages","At Constant 2018 Prices","2006","Q1","568915"
"..Food and non-alcoholic beverages","At Constant 2018 Prices","2006","Q2","616342"
"..Food and non-alcoholic beverages","At Constant 2018 Prices","2006","Q3","609338"
"..Food and non-alcoholic beverages","At Constant 2018 Prices","2006","Q4","723959"
"..Food and non-alcoholic beverages","At Constant 2018 Prices","2007","Q1","583249"
"..Food and non-alcoholic beverages","At Constant 2018 Prices","2007","Q2","642173"
"..Food and non-alcoholic beverages","At Constant 2018 Prices","2007","Q3","624806"
"..Food and non-alcoholic beverages","At Constant 2018 Prices","2007","Q4","769100"
"..Food and non-alcoholic beverages","At Constant 2018 Prices","2008","Q1","612423"
"..Food and non-alcoholic beverages","At Constant 2018 Prices","2008","Q2","659462"
"..Food and non-alcoholic beverages","At Constant 2018 Prices","2008","Q3","653092"
"..Food and non-alcoholic beverages","At Constant 2018 Prices","2008","Q4","802253"
"..Food and non-alcoholic beverages","At Constant 2018 Prices","2009","Q1","615292"
"..Food and non-alcoholic beverages","At Constant 2018 Prices","2009","Q2","692122"
"..Food and non-alcoholic beverages","At Constant 2018 Prices","2009","Q3","668043"
"..Food and non-alcoholic beverages","At Constant 2018 Prices","2009","Q4","834585"
"..Food and non-alcoholic beverages","At Constant 2018 Prices","2010","Q1","639868"
"..Food and non-alcoholic beverages","At Constant 2018 Prices","2010","Q2","705532"
"..Food and non-alcoholic beverages","At Constant 2018 Prices","2010","Q3","675545"
"..Food and non-alcoholic beverages","At Constant 2018 Prices","2010","Q4","878615"
"..Food and non-alcoholic beverages","At Constant 2018 Prices","2011","Q1","677040"
"..Food and non-alcoholic beverages","At Constant 2018 Prices","2011","Q2","745151"
"..Food and non-alcoholic beverages","At Constant 2018 Prices","2011","Q3","738870"
"..Food and non-alcoholic beverages","At Constant 2018 Prices","2011","Q4","912114"
"..Food and non-alcoholic beverages","At Constant 2018 Prices","2012","Q1","731346"
"..Food and non-alcoholic beverages","At Constant 2018 Prices","2012","Q2","805192"
"..Food and non-alcoholic beverages","At Constant 2018 Prices","2012","Q3","773345"
"..Food and non-alcoholic beverages","At Constant 2018 Prices","2012","Q4","960484"
"..Food and non-alcoholic beverages","At Constant 2018 Prices","2013","Q1","776755"
"..Food and non-alcoholic beverages","At Constant 2018 Prices","2013","Q2","843898"
"..Food and non-alcoholic beverages","At Constant 2018 Prices","2013","Q3","825336"
"..Food and non-alcoholic beverages","At Constant 2018 Prices","2013","Q4","1014632"
"..Food and non-alcoholic beverages","At Constant 2018 Prices","2014","Q1","813527"
"..Food and non-alcoholic beverages","At Constant 2018 Prices","2014","Q2","876162"
"..Food and non-alcoholic beverages","At Constant 2018 Prices","2014","Q3","852033"
"..Food and non-alcoholic beverages","At Constant 2018 Prices","2014","Q4","1071835"
"..Food and non-alcoholic beverages","At Constant 2018 Prices","2015","Q1","851115"
"..Food and non-alcoholic beverages","At Constant 2018 Prices","2015","Q2","933286"
"..Food and non-alcoholic beverages","At Constant 2018 Prices","2015","Q3","896797"
"..Food and non-alcoholic beverages","At Constant 2018 Prices","2015","Q4","1142641"
"..Food and non-alcoholic beverages","At Constant 2018 Prices","2016","Q1","905304"
"..Food and non-alcoholic beverages","At Constant 2018 Prices","2016","Q2","1000300"
"..Food and non-alcoholic beverages","At Constant 2018 Prices","2016","Q3","970620"
"..Food and non-alcoholic beverages","At Constant 2018 Prices","2016","Q4","1210692"
"..Food and non-alcoholic beverages","At Constant 2018 Prices","2017","Q1","956717"
"..Food and non-alcoholic beverages","At Constant 2018 Prices","2017","Q2","1059166"
"..Food and non-alcoholic beverages","At Constant 2018 Prices","2017","Q3","1013129"
"..Food and non-alcoholic beverages","At Constant 2018 Prices","2017","Q4","1275330"
"..Food and non-alcoholic beverages","At Constant 2018 Prices","2018","Q1","1006691"
"..Food and non-alcoholic beverages","At Constant 2018 Prices","2018","Q2","1132968"
"..Food and non-alcoholic beverages","At Constant 2018 Prices","2018","Q3","1045323"
"..Food and non-alcoholic beverages","At Constant 2018 Prices","2018","Q4","1338921"
"..Food and non-alcoholic beverages","At Constant 2018 Prices","2019","Q1","1065738"
"..Food and non-alcoholic beverages","At Constant 2018 Prices","2019","Q2","1195240"
"..Food and non-alcoholic beverages","At Constant 2018 Prices","2019","Q3","1091080"
"..Food and non-alcoholic beverages","At Constant 2018 Prices","2019","Q4","1402836"
"..Food and non-alcoholic beverages","At Constant 2018 Prices","2020","Q1","1116360"
"..Food and non-alcoholic beverages","At Constant 2018 Prices","2020","Q2","1250583"
"..Food and non-alcoholic beverages","At Constant 2018 Prices","2020","Q3","1145023"
"..Food and non-alcoholic beverages","At Constant 2018 Prices","2020","Q4","1476522"
"..Food and non-alcoholic beverages","At Constant 2018 Prices","2021","Q1","1143280"
"..Food and non-alcoholic beverages","At Constant 2018 Prices","2021","Q2","1285705"
"..Food and non-alcoholic beverages","At Constant 2018 Prices","2021","Q3","1178278"
"..Food and non-alcoholic beverages","At Constant 2018 Prices","2021","Q4","1552718"
"..Food and non-alcoholic beverages","At Constant 2018 Prices","2022","Q1","1256130"
"..Food and non-alcoholic beverages","At Constant 2018 Prices","2022","Q2","1357980"
"..Food and non-alcoholic beverages","At Constant 2018 Prices","2022","Q3","1227510"
"..Food and non-alcoholic beverages","At Constant 2018 Prices","2022","Q4","1613838"
"..Food and non-alcoholic beverages","At Constant 2018 Prices","2023","Q1","1265574"
"..Food and non-alcoholic beverages","At Constant 2018 Prices","2023","Q2","1362290"
"..Food and non-alcoholic beverages","At Constant 2018 Prices","2023","Q3","1230791"
"..Food and non-alcoholic beverages","At Constant 2018 Prices","2023","Q4","1626806"
"..Food and non-alcoholic beverages","At Constant 2018 Prices","2024","Q1","1271498"
"..Food and non-alcoholic beverages","At Constant 2018 Prices","2024","Q2","1370270"
"..Food and non-alcoholic beverages","At Constant 2018 Prices","2024","Q3","1270563"
"..Food and non-alcoholic beverages","At Constant 2018 Prices","2024","Q4","1649454"
"..Food and non-alcoholic beverages","At Constant 2018 Prices","2025","Q1","1332321"
"..Food and non-alcoholic beverages","At Constant 2018 Prices","2025","Q2","1439414"
"..Food and non-alcoholic beverages","At Constant 2018 Prices","2025","Q3","1323907"
"..Food and non-alcoholic beverages","At Constant 2018 Prices","2025","Q4","1712013"
"..Food and non-alcoholic beverages","At Constant 2018 Prices","2026","Q1","1337829"
"..Food and non-alcoholic beverages","At Constant 2018 Prices","2026","Q2","1474396"
