year,geography,population
2020,BATANGAS,2912300.0
2020,CAVITE,4360500.0
2020,CITY OF LUCENA (Capital),278900.0
2020,LAGUNA,3388700.0
2020,QUEZON,1950200.0
2020,QUEZON_COMBINED,2229100.0
2020,REGION IV-A (CALABARZON),16230200.0
2020,RIZAL,3339600.0
2021,BATANGAS,2931800.0
2021,CAVITE,4450500.0
2021,CITY OF LUCENA (Capital),278600.0
2021,LAGUNA,3423300.0
2021,QUEZON,1945700.0
2021,QUEZON_COMBINED,2224300.0
2021,REGION IV-A (CALABARZON),16422500.0
2021,RIZAL,3392700.0
2022,BATANGAS,2949900.0
2022,CAVITE,4540000.0
2022,CITY OF LUCENA (Capital),278200.0
2022,LAGUNA,3456600.0
2022,QUEZON,1940300.0
2022,QUEZON_COMBINED,2218500.0
2022,REGION IV-A (CALABARZON),16610000.0
2022,RIZAL,3444900.0
2023,BATANGAS,2969900.0
2023,CAVITE,4634000.0
2023,CITY OF LUCENA (Capital),277900.0
2023,LAGUNA,3492300.0
2023,QUEZON,1936100.0
2023,QUEZON_COMBINED,2214000.0
2023,REGION IV-A (CALABARZON),16810200.0
2023,RIZAL,3500000.0
2024,BATANGAS,2989000.0
2024,CAVITE,4728200.0
2024,CITY OF LUCENA (Capital),277600.0
2024,LAGUNA,3527300.0
2024,QUEZON,1931200.0
2024,QUEZON_COMBINED,2208800.0
2024,REGION IV-A (CALABARZON),17008200.0
2024,RIZAL,3554900.0
2025,BATANGAS,3007500.0
2025,CAVITE,4823000.0
2025,CITY OF LUCENA (Capital),277100.0
2025,LAGUNA,3561700.0
2025,QUEZON,1925700.0
2025,QUEZON_COMBINED,2202800.0
2025,REGION IV-A (CALABARZON),17204700.0
2025,RIZAL,3609600.0
2026,BATANGAS,3025300.0
2026,CAVITE,4918300.0
2026,CITY OF LUCENA (Capital),276600.0
2026,LAGUNA,3595500.0
2026,QUEZON,1919700.0
2026,QUEZON_COMBINED,2196300.0
2026,REGION IV-A (CALABARZON),17399800.0
2026,RIZAL,3664300.0
2027,BATANGAS,3042500.0
2027,CAVITE,5014100.0
2027,CITY OF LUCENA (Capital),276100.0
2027,LAGUNA,3628800.0
2027,QUEZON,1913300.0
2027,QUEZON_COMBINED,2189400.0
2027,REGION IV-A (CALABARZON),17593600.0
2027,RIZAL,3718900.0
2028,BATANGAS,3059000.0
2028,CAVITE,5110300.0
2028,CITY OF LUCENA (Capital),275400.0
2028,LAGUNA,3661400.0
2028,QUEZON,1906300.0
2028,QUEZON_COMBINED,2181700.0
2028,REGION IV-A (CALABARZON),17785800.0
2028,RIZAL,3773300.0
2029,BATANGAS,3074800.0
2029,CAVITE,5206800.0
2029,CITY OF LUCENA (Capital),274700.0
2029,LAGUNA,3693400.0
2029,QUEZON,1898900.0
2029,QUEZON_COMBINED,2173600.0
2029,REGION IV-A (CALABARZON),17976000.0
2029,RIZAL,3827500.0
2030,BATANGAS,3089700.0
2030,CAVITE,5303600.0
2030,CITY OF LUCENA (Capital),273900.0
2030,LAGUNA,3724600.0
2030,QUEZON,1890900.0
2030,QUEZON_COMBINED,2164800.0
2030,REGION IV-A (CALABARZON),18164100.0
2030,RIZAL,3881300.0
