"Commodity","Year","SU Production","SU Imports","SU Gross Supply","UT Exports","UT Seeds","UT Feeds and Waste","UT Processing","UT Total Net Food Disposable","UT Per Capita kg/yr","UT Per Capita gm/day"
"Tomato","1990",183962.00,3.84,183965.84,72.00,78.14,12872.57,27584.08,143359.05,2.33,6.39
"Tomato","1991",177227.00,0.80,177227.80,0.00,75.96,12405.95,26584.17,138161.73,2.20,6.02
"Tomato","1992",165423.00,0.60,165423.60,67.57,71.14,11574.92,24803.40,128906.56,2.01,5.50
"Tomato","1993",138486.00,1.78,138487.78,0.00,60.94,9694.14,20773.17,107959.53,1.65,4.52
"Tomato","1994",150632.00,0.50,150632.50,21.42,68.22,10542.78,22591.66,117408.42,1.71,4.69
"Tomato","1995",155823.00,b/,155823.00,0.00,69.79,10907.61,23373.45,121472.15,1.78,4.87
"Tomato","1996",162644.00,0.64,162644.64,4.33,65.76,11384.82,24396.05,126793.68,1.81,4.97
"Tomato","1997",166353.00,43.06,166396.06,0.78,66.71,11647.67,24959.29,129721.61,1.81,4.97
"Tomato","1998",132984.00,b/,132984.00,0.00,58.15,9308.88,19947.60,103669.37,1.42,3.88
"Tomato","1999",145362.00,2.32,145364.32,0.00,65.55,10175.50,21804.65,113318.62,1.52,4.15
"Tomato","2000",148101.00,91.09,148192.09,0.00,65.10,10373.45,22228.81,115524.73,1.51,4.14
"Tomato","2001",146031.00,30.00,146061.00,0.00,64.33,10224.27,21909.15,113863.25,1.46,4.00
"Tomato","2002",149259.00,130.00,149389.00,0.00,65.12,10457.23,22408.35,116458.30,1.46,4.01
"Tomato","2003",150055.00,0.00,150055.00,0.00,65.44,10503.85,22508.25,116977.46,1.44,3.95
"Tomato","2004",172344.00,1.00,172345.00,0.00,68.98,12064.15,25851.75,134360.12,1.63,4.45
"Tomato","2005",173740.00,0.00,173740.00,0.00,69.15,12161.80,26061.00,135448.05,1.59,4.35
"Tomato","2006",175596.00,0.00,175596.00,0.00,66.80,12291.72,26339.40,136898.08,1.57,4.31
"Tomato","2007",188761.00,b/,188761.00,0.00,68.42,13213.27,28314.15,147165.16,1.66,4.55
"Tomato","2008",195810.00,b/,195810.00,0.00,68.82,13706.70,29371.50,152662.98,1.69,4.62
"Tomato","2009",198948.00,b/,198948.00,0.00,68.86,13926.36,29842.20,155110.58,1.70,4.67
"Tomato","2010",204272.00,0.00,204272.00,0.00,68.89,14299.04,30640.80,159263.27,1.71,4.68
"Tomato","2011",203582.00,950.00,204532.00,0.00,68.47,14317.24,30679.80,159466.49,1.68,4.61
"Tomato","2012",203593.00,12.00,203605.00,0.00,67.65,14252.35,30540.75,158744.25,1.64,4.51
"Tomato","2013",207668.00,b/,207668.00,0.00,67.20,14536.76,31150.20,161913.84,1.65,4.52
"Tomato","2014",214573.00,10.00,214583.00,0.00,65.29,15020.81,32187.45,167309.45,1.68,4.59
"Tomato","2015",214774.00,65.00,214839.00,0.00,63.04,15038.73,32225.85,167511.38,1.65,4.52
"Tomato","2016",210720.00,0.00,210720.00,b/,63.17,14750.37,31607.93,164298.05,1.59,4.36
"Tomato","2017",218793.14,b/,218793.14,0.00,64.31,15315.52,32818.97,170594.34,1.64,4.49
"Tomato","2018",220824.68,0.00,220824.68,0.00,64.33,15457.73,33123.70,172178.93,1.63,4.46
"Tomato","2019",223294.47,b/,223294.58,0.00,63.80,15630.62,33494.19,174105.96,1.62,4.45
"Tomato","2020",222002.24,0.00,222002.24,0.00,64.15,15540.16,33300.34,173097.60,1.59,4.36
"Tomato","2021",225450.60,0.00,225450.60,0.00,63.98,15781.54,33817.59,175787.49,1.60,4.37
"Tomato","2022",216608.97,0.00,216608.97,0.00,62.03,15162.63,32491.35,168892.97,1.51,4.15
