"Commodity","Year","SU Production","SU Imports","SU Gross Supply","UT Exports","UT Seeds","UT Feeds and Waste","UT Processing","UT Total Net Food Disposable","UT Per Capita (kg/yr)","UT Per Capita (gm/day)"
"Banana","1990",3539616.00,0.00,3539616.00,781828.00,0.00,165467.28,689447.00,1902873.72,30.95,84.80
"Banana","1991",3662305.00,0.00,3662305.00,955414.00,0.00,162413.46,676722.75,1867754.79,29.71,81.39
"Banana","1992",3723887.00,0.00,3723887.00,820770.00,0.00,174187.02,725779.25,2003150.73,31.17,85.41
"Banana","1993",3809372.00,0.00,3809372.00,1153471.00,0.00,159354.06,663975.25,1832571.69,28.01,76.73
"Banana","1994",3916386.00,0.00,3916386.00,1155182.00,0.00,165672.24,690301.00,1905230.76,27.76,76.06
"Banana","1995",4236253.00,..,4236253.00,1213411.00,0.00,181370.52,755710.50,2085760.98,30.52,83.61
"Banana","1996",4229142.00,6.00,4229148.00,1253169.00,0.00,178558.74,743994.75,2053425.51,29.35,80.42
"Banana","1997",4407665.00,0.00,4407665.00,1143336.00,0.00,195859.74,816082.25,2252387.01,31.48,86.25
"Banana","1998",4106698.00,37.00,4106735.00,1149552.00,0.00,177430.98,739295.75,2040456.27,27.89,76.42
"Banana","1999",4570640.00,0.00,4570640.00,1319632.00,0.00,195060.48,812752.00,2243195.52,30.01,82.22
"Banana","2000",4929570.00,0.00,4929570.00,1599352.00,0.00,199813.08,832554.50,2297850.42,30.04,82.29
"Banana","2001",5059360.00,0.00,5059360.00,1600707.00,0.00,207519.18,864663.25,2386470.57,30.62,83.90
"Banana","2002",5274826.00,0.00,5274826.00,1684986.00,0.00,215390.40,897460.00,2476989.60,31.16,85.36
"Banana","2003",5368977.00,0.00,5368977.00,1829384.00,0.00,212375.58,884898.25,2442319.17,30.12,82.53
"Banana","2004",5631250.00,0.00,5631250.00,1785458.00,0.00,230747.52,961448.00,2653596.48,32.10,87.95
"Banana","2005",6298225.00,0.00,6298225.00,2024321.00,0.00,256434.24,1068476.00,2948993.76,34.60,94.79
"Banana","2006",6794564.00,0.00,6794564.00,2311540.00,0.00,268981.44,1120756.00,3093286.56,35.57,97.44
"Banana","2007",7484073.00,0.00,7484073.00,2217741.00,0.00,315979.92,1316583.00,3633769.08,41.02,112.40
"Banana","2008",8687624.00,0.00,8687624.00,2192553.00,0.00,389704.26,1623767.75,4481598.99,49.54,135.74
"Banana","2009",9013186.00,0.00,9013186.00,1664055.00,0.00,440947.86,1837282.75,5070900.39,55.71,152.64
"Banana","2010",9101341.00,0.00,9101341.00,1590066.00,0.00,450676.50,1877818.75,5182779.75,55.65,152.46
"Banana","2011",9165046.00,0.00,9165046.00,2055510.00,0.00,426572.16,1777384.00,4905579.84,51.73,141.74
"Banana","2012",9226768.00,0.00,9226768.00,2646118.00,0.00,394839.00,1645162.50,4540648.50,47.05,128.90
"Banana","2013",8646417.00,0.00,8646417.00,3266548.00,0.00,322792.14,1344967.25,3712109.61,37.80,103.57
"Banana","2014",8884857.00,1.00,8884858.00,3630976.00,0.00,315232.92,1313470.50,3625178.58,36.30,99.44
"Banana","2015",9083929.00,0.00,9083929.00,1795219.00,0.00,437322.60,1822177.50,5029209.90,49.52,135.67
"Banana","2016",8903684.14,14.00,8903698.14,1733836.00,0.00,430191.73,1792465.54,4947204.88,47.92,131.28
"Banana","2017",9166334.31,1.91,9166336.22,2855635.08,0.00,378642.07,1577675.29,4354383.79,41.80,114.52
"Banana","2018",9358784.56,2.26,9358786.82,3126203.28,0.00,373955.01,1558145.89,4300482.64,40.66,111.41
"Banana","2019",9157676.11,0.64,9157676.75,4403496.30,0.00,285250.83,1188545.11,3280384.51,30.58,83.77
"Banana","2020",9056149.45,22.09,9056171.54,3808470.54,0.00,314862.06,1311925.25,3620913.69,33.29,91.20
"Banana","2021",9091308.03,..,9091308.19,2475983.62,0.00,396919.47,1653831.14,4564573.95,41.42,113.48
"Banana","2022",9013288.54,0.00,9013288.54,2275726.56,0.00,404253.72,1684390.50,4648917.77,41.67,114.16
