commodity,province,date,estimated_demand_pressure_index,supply_season_index_context,confidence,observed_demand
rice,Batangas,2026-01-01,92.00346727701849,110.39986619356534,moderate_proxy,False
rice,Cavite,2026-01-01,98.02289682866873,110.39986619356534,moderate_proxy,False
rice,Laguna,2026-01-01,102.30384028975735,110.39986619356534,moderate_proxy,False
rice,Quezon,2026-01-01,99.81690555284882,110.39986619356534,moderate_proxy,False
rice,Rizal,2026-01-01,106.38854696492157,110.39986619356534,moderate_proxy,False
rice,Batangas,2026-04-01,92.1722295110687,89.60013380643467,moderate_proxy,False
rice,Cavite,2026-04-01,98.20270052027386,89.60013380643467,moderate_proxy,False
rice,Laguna,2026-04-01,102.49149652870354,89.60013380643467,moderate_proxy,False
rice,Quezon,2026-04-01,100.0,89.60013380643467,moderate_proxy,False
rice,Rizal,2026-04-01,106.58369579348796,89.60013380643467,moderate_proxy,False
rice,Batangas,2026-07-01,92.97225146506851,66.21659916609919,moderate_proxy,False
rice,Cavite,2026-07-01,99.05506480369237,66.21659916609919,moderate_proxy,False
rice,Laguna,2026-07-01,103.38108602606306,66.21659916609919,moderate_proxy,False
rice,Quezon,2026-07-01,100.8679641994596,66.21659916609919,moderate_proxy,False
rice,Rizal,2026-07-01,107.50880411543638,66.21659916609919,moderate_proxy,False
tomato,Batangas,2026-01-01,103.46491750353361,161.44355743220956,low_to_moderate_shared_veg_proxy,False
tomato,Cavite,2026-01-01,115.25293454968994,161.44355743220956,low_to_moderate_shared_veg_proxy,False
tomato,Laguna,2026-01-01,113.4463250073538,161.44355743220956,low_to_moderate_shared_veg_proxy,False
tomato,Quezon,2026-01-01,86.46534045687389,161.44355743220956,low_to_moderate_shared_veg_proxy,False
tomato,Rizal,2026-01-01,130.37118649075498,161.44355743220956,low_to_moderate_shared_veg_proxy,False
tomato,Batangas,2026-04-01,100.0,213.52510391238374,low_to_moderate_shared_veg_proxy,False
tomato,Cavite,2026-04-01,111.39325032154375,213.52510391238374,low_to_moderate_shared_veg_proxy,False
tomato,Laguna,2026-04-01,109.64714199233696,213.52510391238374,low_to_moderate_shared_veg_proxy,False
tomato,Quezon,2026-04-01,83.56971864779271,213.52510391238374,low_to_moderate_shared_veg_proxy,False
tomato,Rizal,2026-04-01,126.00520991697736,213.52510391238374,low_to_moderate_shared_veg_proxy,False
tomato,Batangas,2026-07-01,78.87484850744356,38.55644256779046,low_to_moderate_shared_veg_proxy,False
tomato,Cavite,2026-07-01,87.86125743863502,38.55644256779046,low_to_moderate_shared_veg_proxy,False
tomato,Laguna,2026-07-01,86.48401713919732,38.55644256779046,low_to_moderate_shared_veg_proxy,False
tomato,Quezon,2026-07-01,65.91548898154332,38.55644256779046,low_to_moderate_shared_veg_proxy,False
tomato,Rizal,2026-07-01,99.38641843350214,38.55644256779046,low_to_moderate_shared_veg_proxy,False
red_onion,Batangas,2026-01-01,92.53866650558726,350.6666666666667,low_to_moderate_shared_veg_proxy,False
red_onion,Cavite,2026-01-01,103.08182842478737,350.6666666666667,low_to_moderate_shared_veg_proxy,False
red_onion,Laguna,2026-01-01,101.46600306119642,350.6666666666667,low_to_moderate_shared_veg_proxy,False
red_onion,Quezon,2026-01-01,77.33430323913846,350.6666666666667,low_to_moderate_shared_veg_proxy,False
red_onion,Rizal,2026-01-01,116.60354098473684,350.6666666666667,low_to_moderate_shared_veg_proxy,False
red_onion,Batangas,2026-04-01,89.77204607222036,200.0,low_to_moderate_shared_veg_proxy,False
red_onion,Cavite,2026-04-01,100.0,200.0,low_to_moderate_shared_veg_proxy,False
red_onion,Laguna,2026-04-01,98.43248282623361,200.0,low_to_moderate_shared_veg_proxy,False
red_onion,Quezon,2026-04-01,75.0222463269214,200.0,low_to_moderate_shared_veg_proxy,False
red_onion,Rizal,2026-04-01,113.11745510006688,200.0,low_to_moderate_shared_veg_proxy,False
red_onion,Batangas,2026-07-01,92.53866650558726,0.0,low_to_moderate_shared_veg_proxy,False
red_onion,Cavite,2026-07-01,103.08182842478737,0.0,low_to_moderate_shared_veg_proxy,False
red_onion,Laguna,2026-07-01,101.46600306119642,0.0,low_to_moderate_shared_veg_proxy,False
red_onion,Quezon,2026-07-01,77.33430323913846,0.0,low_to_moderate_shared_veg_proxy,False
red_onion,Rizal,2026-07-01,116.60354098473684,0.0,low_to_moderate_shared_veg_proxy,False
banana,Batangas,2026-01-01,92.88812365795562,44.22291986710014,moderate_proxy,False
banana,Cavite,2026-01-01,101.51903906346608,44.22291986710014,moderate_proxy,False
banana,Laguna,2026-01-01,100.0,44.22291986710014,moderate_proxy,False
banana,Quezon,2026-01-01,69.11251533247994,44.22291986710014,moderate_proxy,False
banana,Rizal,2026-01-01,109.35264670631346,44.22291986710014,moderate_proxy,False
banana,Batangas,2026-04-01,92.52898568486525,155.77708013289987,moderate_proxy,False
banana,Cavite,2026-04-01,101.12653095281038,155.77708013289987,moderate_proxy,False
banana,Laguna,2026-04-01,99.6133650256379,155.77708013289987,moderate_proxy,False
banana,Quezon,2026-04-01,68.84530217654321,155.77708013289987,moderate_proxy,False
banana,Rizal,2026-04-01,108.92985112875624,155.77708013289987,moderate_proxy,False
banana,Batangas,2026-07-01,93.21234148021921,157.35504269229398,moderate_proxy,False
banana,Cavite,2026-07-01,101.87338233650549,157.35504269229398,moderate_proxy,False
banana,Laguna,2026-07-01,100.3490412008509,157.35504269229398,moderate_proxy,False
banana,Quezon,2026-07-01,69.35374648593469,157.35504269229398,moderate_proxy,False
banana,Rizal,2026-07-01,109.73433249753941,157.35504269229398,moderate_proxy,False
