commodity,province,date,fies_base_index,economic_activity_index,supply_season_index,supply_season_role,affordability_season_index,demand_pressure_index
rice,Batangas,2021-01-01,92.1722295110687,93.26010081878205,110.39986619356534,context_only_not_in_demand_formula,98.78048780487805,88.03562627369918
rice,Batangas,2021-04-01,92.1722295110687,98.4806297708286,89.60013380643467,context_only_not_in_demand_formula,99.14320685434517,90.63205436711479
rice,Batangas,2021-07-01,92.1722295110687,93.34967060059937,66.21659916609919,context_only_not_in_demand_formula,100.87173100871732,89.00534055582908
rice,Batangas,2021-10-01,92.1722295110687,98.38632417908919,264.8411645938616,context_only_not_in_demand_formula,107.60544669545,94.37553562437527
rice,Batangas,2022-01-01,92.1722295110687,99.0754779023718,110.39986619356534,context_only_not_in_demand_formula,98.78048780487805,90.73891997112705
rice,Batangas,2022-04-01,92.1722295110687,99.11084597003934,89.60013380643467,context_only_not_in_demand_formula,99.14320685434517,90.92158694016601
rice,Batangas,2022-07-01,92.1722295110687,102.20990943697052,66.21659916609919,context_only_not_in_demand_formula,100.87173100871732,93.13355336129602
rice,Batangas,2022-10-01,92.1722295110687,104.06457626678076,264.8411645938616,context_only_not_in_demand_formula,107.60544669545,97.0607229900923
rice,Batangas,2023-01-01,92.1722295110687,99.76307143751363,110.39986619356534,context_only_not_in_demand_formula,98.78048780487805,91.05324405674926
rice,Batangas,2023-04-01,92.1722295110687,100.67792321256593,89.60013380643467,context_only_not_in_demand_formula,99.14320685434517,91.63756485449255
rice,Batangas,2023-07-01,92.1722295110687,99.00800273592017,66.21659916609919,context_only_not_in_demand_formula,100.87173100871732,91.66315918251331
rice,Batangas,2023-10-01,92.1722295110687,102.11094737918023,264.8411645938616,context_only_not_in_demand_formula,107.60544669545,96.14533448670888
rice,Batangas,2024-01-01,92.1722295110687,97.32030929619998,110.39986619356534,context_only_not_in_demand_formula,98.78048780487805,89.93158713928541
rice,Batangas,2024-04-01,92.1722295110687,102.9407449672953,89.60013380643467,context_only_not_in_demand_formula,99.14320685434517,92.66165850087542
rice,Batangas,2024-07-01,92.1722295110687,99.74120657028533,66.21659916609919,context_only_not_in_demand_formula,100.87173100871732,92.00193892613862
rice,Batangas,2024-10-01,92.1722295110687,98.04394195829643,264.8411645938616,context_only_not_in_demand_formula,107.60544669545,94.21118012849573
rice,Batangas,2025-01-01,92.1722295110687,97.90609660413705,110.39986619356534,context_only_not_in_demand_formula,98.78048780487805,90.20183775179407
rice,Batangas,2025-04-01,92.1722295110687,100.87178645956214,89.60013380643467,context_only_not_in_demand_formula,99.14320685434517,91.72575008654829
rice,Batangas,2025-10-01,92.1722295110687,99.45831241925413,264.8411645938616,context_only_not_in_demand_formula,107.60544669545,94.88828665062428
rice,Cavite,2021-01-01,98.20270052027386,93.26010081878205,110.39986619356534,context_only_not_in_demand_formula,98.78048780487805,93.79545539833816
rice,Cavite,2021-04-01,98.20270052027386,98.4806297708286,89.60013380643467,context_only_not_in_demand_formula,99.14320685434517,96.56175769820278
rice,Cavite,2021-07-01,98.20270052027386,93.34967060059937,66.21659916609919,context_only_not_in_demand_formula,100.87173100871732,94.82861431988513
rice,Cavite,2021-10-01,98.20270052027386,98.38632417908919,264.8411645938616,context_only_not_in_demand_formula,107.60544669545,100.55016039563198
rice,Cavite,2022-01-01,98.20270052027386,99.0754779023718,110.39986619356534,context_only_not_in_demand_formula,98.78048780487805,96.67561510365346
rice,Cavite,2022-04-01,98.20270052027386,99.11084597003934,89.60013380643467,context_only_not_in_demand_formula,99.14320685434517,96.87023326305606
rice,Cavite,2022-07-01,98.20270052027386,102.20990943697052,66.21659916609919,context_only_not_in_demand_formula,100.87173100871732,99.22692005654464
rice,Cavite,2022-10-01,98.20270052027386,104.06457626678076,264.8411645938616,context_only_not_in_demand_formula,107.60544669545,103.41102914227184
rice,Cavite,2023-01-01,98.20270052027386,99.76307143751363,110.39986619356534,context_only_not_in_demand_formula,98.78048780487805,97.01050419346288
rice,Cavite,2023-04-01,98.20270052027386,100.67792321256593,89.60013380643467,context_only_not_in_demand_formula,99.14320685434517,97.63305483168587
rice,Cavite,2023-07-01,98.20270052027386,99.00800273592017,66.21659916609919,context_only_not_in_demand_formula,100.87173100871732,97.66032369718877
rice,Cavite,2023-10-01,98.20270052027386,102.11094737918023,264.8411645938616,context_only_not_in_demand_formula,107.60544669545,102.43575032419065
rice,Cavite,2024-01-01,98.20270052027386,97.32030929619998,110.39986619356534,context_only_not_in_demand_formula,98.78048780487805,95.81546162004908
rice,Cavite,2024-04-01,98.20270052027386,102.9407449672953,89.60013380643467,context_only_not_in_demand_formula,99.14320685434517,98.72415094809666
rice,Cavite,2024-07-01,98.20270052027386,99.74120657028533,66.21659916609919,context_only_not_in_demand_formula,100.87173100871732,98.0212684837264
rice,Cavite,2024-10-01,98.20270052027386,98.04394195829643,264.8411645938616,context_only_not_in_demand_formula,107.60544669545,100.37505175796164
rice,Cavite,2025-01-01,98.20270052027386,97.90609660413705,110.39986619356534,context_only_not_in_demand_formula,98.78048780487805,96.10339368056651
rice,Cavite,2025-04-01,98.20270052027386,100.87178645956214,89.60013380643467,context_only_not_in_demand_formula,99.14320685434517,97.72700968099154
rice,Cavite,2025-10-01,98.20270052027386,99.45831241925413,264.8411645938616,context_only_not_in_demand_formula,107.60544669545,101.09645873016613
rice,Laguna,2021-01-01,102.49149652870354,93.26010081878205,110.39986619356534,context_only_not_in_demand_formula,98.78048780487805,97.89177426319654
rice,Laguna,2021-04-01,102.49149652870354,98.4806297708286,89.60013380643467,context_only_not_in_demand_formula,99.14320685434517,100.7788889867411
rice,Laguna,2021-07-01,102.49149652870354,93.34967060059937,66.21659916609919,context_only_not_in_demand_formula,100.87173100871732,98.97005422352686
rice,Laguna,2021-10-01,102.49149652870354,98.38632417908919,264.8411645938616,context_only_not_in_demand_formula,107.60544669545,104.94147676745335
rice,Laguna,2022-01-01,102.49149652870354,99.0754779023718,110.39986619356534,context_only_not_in_demand_formula,98.78048780487805,100.89771887444981
rice,Laguna,2022-04-01,102.49149652870354,99.11084597003934,89.60013380643467,context_only_not_in_demand_formula,99.14320685434517,101.10083657185689
rice,Laguna,2022-07-01,102.49149652870354,102.20990943697052,66.21659916609919,context_only_not_in_demand_formula,100.87173100871732,103.56044669494315
rice,Laguna,2022-10-01,102.49149652870354,104.06457626678076,264.8411645938616,context_only_not_in_demand_formula,107.60544669545,107.92728792806174
rice,Laguna,2023-01-01,102.49149652870354,99.76307143751363,110.39986619356534,context_only_not_in_demand_formula,98.78048780487805,101.2472335395645
rice,Laguna,2023-04-01,102.49149652870354,100.67792321256593,89.60013380643467,context_only_not_in_demand_formula,99.14320685434517,101.89697276504744
rice,Laguna,2023-07-01,102.49149652870354,99.00800273592017,66.21659916609919,context_only_not_in_demand_formula,100.87173100871732,101.9254325407891
rice,Laguna,2023-10-01,102.49149652870354,102.11094737918023,264.8411645938616,context_only_not_in_demand_formula,107.60544669545,106.90941586274872
rice,Laguna,2024-01-01,102.49149652870354,97.32030929619998,110.39986619356534,context_only_not_in_demand_formula,98.78048780487805,100.0
rice,Laguna,2024-04-01,102.49149652870354,102.9407449672953,89.60013380643467,context_only_not_in_demand_formula,99.14320685434517,103.03572020513958
rice,Laguna,2024-07-01,102.49149652870354,99.74120657028533,66.21659916609919,context_only_not_in_demand_formula,100.87173100871732,102.30214083028095
rice,Laguna,2024-10-01,102.49149652870354,98.04394195829643,264.8411645938616,context_only_not_in_demand_formula,107.60544669545,104.75872062902893
rice,Laguna,2025-01-01,102.49149652870354,97.90609660413705,110.39986619356534,context_only_not_in_demand_formula,98.78048780487805,100.30050688651816
rice,Laguna,2025-04-01,102.49149652870354,100.87178645956214,89.60013380643467,context_only_not_in_demand_formula,99.14320685434517,101.99503089441097
rice,Laguna,2025-10-01,102.49149652870354,99.45831241925413,264.8411645938616,context_only_not_in_demand_formula,107.60544669545,105.51163353056583
rice,Quezon,2021-01-01,100.0,93.26010081878205,110.39986619356534,context_only_not_in_demand_formula,98.78048780487805,95.51209376260907
rice,Quezon,2021-04-01,100.0,98.4806297708286,89.60013380643467,context_only_not_in_demand_formula,99.14320685434517,98.32902474842604
rice,Quezon,2021-07-01,100.0,93.34967060059937,66.21659916609919,context_only_not_in_demand_formula,100.87173100871732,96.56416149198243
rice,Quezon,2021-10-01,100.0,98.38632417908919,264.8411645938616,context_only_not_in_demand_formula,107.60544669545,102.3904229343199
rice,Quezon,2022-01-01,100.0,99.0754779023718,110.39986619356534,context_only_not_in_demand_formula,98.78048780487805,98.44496596475454
rice,Quezon,2022-04-01,100.0,99.11084597003934,89.60013380643467,context_only_not_in_demand_formula,99.14320685434517,98.64314601313563
rice,Quezon,2022-07-01,100.0,102.20990943697052,66.21659916609919,context_only_not_in_demand_formula,100.87173100871732,101.04296473604546
rice,Quezon,2022-10-01,100.0,104.06457626678076,264.8411645938616,context_only_not_in_demand_formula,107.60544669545,105.30365111591075
rice,Quezon,2023-01-01,100.0,99.76307143751363,110.39986619356534,context_only_not_in_demand_formula,98.78048780487805,98.78598417304741
rice,Quezon,2023-04-01,100.0,100.67792321256593,89.60013380643467,context_only_not_in_demand_formula,99.14320685434517,99.41992869282613
rice,Quezon,2023-07-01,100.0,99.00800273592017,66.21659916609919,context_only_not_in_demand_formula,100.87173100871732,99.44769663134355
rice,Quezon,2023-10-01,100.0,102.11094737918023,264.8411645938616,context_only_not_in_demand_formula,107.60544669545,104.31052280791695
rice,Quezon,2024-01-01,100.0,97.32030929619998,110.39986619356534,context_only_not_in_demand_formula,98.78048780487805,97.56907000767056
rice,Quezon,2024-04-01,100.0,102.9407449672953,89.60013380643467,context_only_not_in_demand_formula,99.14320685434517,100.53099397986023
rice,Quezon,2024-07-01,100.0,99.74120657028533,66.21659916609919,context_only_not_in_demand_formula,100.87173100871732,99.81524740604257
rice,Quezon,2024-10-01,100.0,98.04394195829643,264.8411645938616,context_only_not_in_demand_formula,107.60544669545,102.21210946967727
rice,Quezon,2025-01-01,100.0,97.90609660413705,110.39986619356534,context_only_not_in_demand_formula,98.78048780487805,97.86227178215536
rice,Quezon,2025-04-01,100.0,100.87178645956214,89.60013380643467,context_only_not_in_demand_formula,99.14320685434517,99.51560309771308
rice,Quezon,2025-10-01,100.0,99.45831241925413,264.8411645938616,context_only_not_in_demand_formula,107.60544669545,102.94671958567459
rice,Rizal,2021-01-01,106.58369579348796,93.26010081878205,110.39986619356534,context_only_not_in_demand_formula,98.78048780487805,101.80031946193024
rice,Rizal,2021-04-01,106.58369579348796,98.4806297708286,89.60013380643467,context_only_not_in_demand_formula,99.14320685434517,104.80270861456589
rice,Rizal,2021-07-01,106.58369579348796,93.34967060059937,66.21659916609919,context_only_not_in_demand_formula,100.87173100871732,102.921652130147
rice,Rizal,2021-10-01,106.58369579348796,98.38632417908919,264.8411645938616,context_only_not_in_demand_formula,107.60544669545,109.13149690198125
rice,Rizal,2022-01-01,106.58369579348796,99.0754779023718,110.39986619356534,context_only_not_in_demand_formula,98.78048780487805,104.92628304787675
rice,Rizal,2022-04-01,106.58369579348796,99.11084597003934,89.60013380643467,context_only_not_in_demand_formula,99.14320685434517,105.13751066776665
rice,Rizal,2022-07-01,106.58369579348796,102.20990943697052,66.21659916609919,context_only_not_in_demand_formula,100.87173100871732,107.69532615498801
rice,Rizal,2022-10-01,106.58369579348796,104.06457626678076,264.8411645938616,context_only_not_in_demand_formula,107.60544669545,112.23652316481821
rice,Rizal,2023-01-01,106.58369579348796,99.76307143751363,110.39986619356534,context_only_not_in_demand_formula,98.78048780487805,105.289752857604
rice,Rizal,2023-04-01,106.58369579348796,100.67792321256593,89.60013380643467,context_only_not_in_demand_formula,99.14320685434517,105.96543435606445
rice,Rizal,2023-07-01,106.58369579348796,99.00800273592017,66.21659916609919,context_only_not_in_demand_formula,100.87173100871732,105.99503045118198
rice,Rizal,2023-10-01,106.58369579348796,102.11094737918023,264.8411645938616,context_only_not_in_demand_formula,107.60544669545,111.17801031018708
rice,Rizal,2024-01-01,106.58369579348796,97.32030929619998,110.39986619356534,context_only_not_in_demand_formula,98.78048780487805,103.9927207655109
rice,Rizal,2024-04-01,106.58369579348796,102.9407449672953,89.60013380643467,context_only_not_in_demand_formula,99.14320685434517,107.14964880166391
rice,Rizal,2024-07-01,106.58369579348796,99.74120657028533,66.21659916609919,context_only_not_in_demand_formula,100.87173100871732,106.38677965077379
rice,Rizal,2024-10-01,106.58369579348796,98.04394195829643,264.8411645938616,context_only_not_in_demand_formula,107.60544669545,108.94144382126771
rice,Rizal,2025-01-01,106.58369579348796,97.90609660413705,110.39986619356534,context_only_not_in_demand_formula,98.78048780487805,104.30522605288888
rice,Rizal,2025-04-01,106.58369579348796,100.87178645956214,89.60013380643467,context_only_not_in_demand_formula,99.14320685434517,106.06740767272139
rice,Rizal,2025-10-01,106.58369579348796,99.45831241925413,264.8411645938616,context_only_not_in_demand_formula,107.60544669545,109.72441843257047
tomato,Batangas,2021-01-01,91.20164756048892,93.26010081878205,161.44355743220956,context_only_not_in_demand_formula,132.40238611713667,101.03663319579242
tomato,Batangas,2021-04-01,91.20164756048892,98.4806297708286,213.52510391238374,context_only_not_in_demand_formula,123.68287740628165,100.3490391509426
tomato,Batangas,2021-07-01,91.20164756048892,93.34967060059937,38.55644256779046,context_only_not_in_demand_formula,76.94610778443113,77.06066329744301
tomato,Batangas,2021-10-01,91.20164756048892,98.38632417908919,35.297222405489215,context_only_not_in_demand_formula,83.92918528704021,82.62412836472137
tomato,Batangas,2022-01-01,91.20164756048892,99.0754779023718,161.44355743220956,context_only_not_in_demand_formula,132.40238611713667,104.13914640877692
tomato,Batangas,2022-04-01,91.20164756048892,99.11084597003934,213.52510391238374,context_only_not_in_demand_formula,123.68287740628165,100.6696135405609
tomato,Batangas,2022-07-01,91.20164756048892,102.20990943697052,38.55644256779046,context_only_not_in_demand_formula,76.94610778443113,80.6348624975768
tomato,Batangas,2022-10-01,91.20164756048892,104.06457626678076,35.297222405489215,context_only_not_in_demand_formula,83.92918528704021,84.97496286987707
tomato,Batangas,2023-01-01,91.20164756048892,99.76307143751363,161.44355743220956,context_only_not_in_demand_formula,132.40238611713667,104.49988953843766
tomato,Batangas,2023-04-01,91.20164756048892,100.67792321256593,213.52510391238374,context_only_not_in_demand_formula,123.68287740628165,101.46235399268546
tomato,Batangas,2023-07-01,91.20164756048892,99.00800273592017,38.55644256779046,context_only_not_in_demand_formula,76.94610778443113,79.36179787001527
tomato,Batangas,2023-10-01,91.20164756048892,102.11094737918023,35.297222405489215,context_only_not_in_demand_formula,83.92918528704021,84.17355626903752
tomato,Batangas,2024-01-01,91.20164756048892,97.32030929619998,161.44355743220956,context_only_not_in_demand_formula,132.40238611713667,103.21258752971467
tomato,Batangas,2024-04-01,91.20164756048892,102.9407449672953,213.52510391238374,context_only_not_in_demand_formula,123.68287740628165,102.59624435998134
tomato,Batangas,2024-07-01,91.20164756048892,99.74120657028533,38.55644256779046,context_only_not_in_demand_formula,76.94610778443113,79.65511276092485
tomato,Batangas,2024-10-01,91.20164756048892,98.04394195829643,35.297222405489215,context_only_not_in_demand_formula,83.92918528704021,82.48023800691668
tomato,Batangas,2025-01-01,91.20164756048892,97.90609660413705,161.44355743220956,context_only_not_in_demand_formula,132.40238611713667,103.52274846299507
tomato,Batangas,2025-04-01,91.20164756048892,100.87178645956214,213.52510391238374,context_only_not_in_demand_formula,123.68287740628165,101.55999387700554
tomato,Batangas,2025-10-01,91.20164756048892,99.45831241925413,35.297222405489215,context_only_not_in_demand_formula,83.92918528704021,83.07303290689596
tomato,Cavite,2021-01-01,101.59247956442752,93.26010081878205,161.44355743220956,context_only_not_in_demand_formula,132.40238611713667,112.54798973224902
tomato,Cavite,2021-04-01,101.59247956442752,98.4806297708286,213.52510391238374,context_only_not_in_demand_formula,123.68287740628165,111.78205637667342
tomato,Cavite,2021-07-01,101.59247956442752,93.34967060059937,38.55644256779046,context_only_not_in_demand_formula,76.94610778443113,85.84037756636268
tomato,Cavite,2021-10-01,101.59247956442752,98.38632417908919,35.297222405489215,context_only_not_in_demand_formula,83.92918528704021,92.03770213530771
tomato,Cavite,2022-01-01,101.59247956442752,99.0754779023718,161.44355743220956,context_only_not_in_demand_formula,132.40238611713667,116.00398004184783
tomato,Cavite,2022-04-01,101.59247956442752,99.11084597003934,213.52510391238374,context_only_not_in_demand_formula,123.68287740628165,112.1391546089677
tomato,Cavite,2022-07-01,101.59247956442752,102.20990943697052,38.55644256779046,context_only_not_in_demand_formula,76.94610778443113,89.82179422835834
tomato,Cavite,2022-10-01,101.59247956442752,104.06457626678076,35.297222405489215,context_only_not_in_demand_formula,83.92918528704021,94.65637310028103
tomato,Cavite,2023-01-01,101.59247956442752,99.76307143751363,161.44355743220956,context_only_not_in_demand_formula,132.40238611713667,116.40582353928855
tomato,Cavite,2023-04-01,101.59247956442752,100.67792321256593,213.52510391238374,context_only_not_in_demand_formula,123.68287740628165,113.02221396520295
tomato,Cavite,2023-07-01,101.59247956442752,99.00800273592017,38.55644256779046,context_only_not_in_demand_formula,76.94610778443113,88.40368616102367
tomato,Cavite,2023-10-01,101.59247956442752,102.11094737918023,35.297222405489215,context_only_not_in_demand_formula,83.92918528704021,93.76366023931443
tomato,Cavite,2024-01-01,101.59247956442752,97.32030929619998,161.44355743220956,context_only_not_in_demand_formula,132.40238611713667,114.9718559903175
tomato,Cavite,2024-04-01,101.59247956442752,102.9407449672953,213.52510391238374,context_only_not_in_demand_formula,123.68287740628165,114.28529130041673
tomato,Cavite,2024-07-01,101.59247956442752,99.74120657028533,38.55644256779046,context_only_not_in_demand_formula,76.94610778443113,88.73041915168496
tomato,Cavite,2024-10-01,101.59247956442752,98.04394195829643,35.297222405489215,context_only_not_in_demand_formula,83.92918528704021,91.87741798884976
tomato,Cavite,2025-01-01,101.59247956442752,97.90609660413705,161.44355743220956,context_only_not_in_demand_formula,132.40238611713667,115.31735433512618
tomato,Cavite,2025-04-01,101.59247956442752,100.87178645956214,213.52510391238374,context_only_not_in_demand_formula,123.68287740628165,113.13097820595728
tomato,Cavite,2025-10-01,101.59247956442752,99.45831241925413,35.297222405489215,context_only_not_in_demand_formula,83.92918528704021,92.53775149567703
tomato,Laguna,2021-01-01,100.0,93.26010081878205,161.44355743220956,context_only_not_in_demand_formula,132.40238611713667,110.78378066446717
tomato,Laguna,2021-04-01,100.0,98.4806297708286,213.52510391238374,context_only_not_in_demand_formula,123.68287740628165,110.02985344577985
tomato,Laguna,2021-07-01,100.0,93.34967060059937,38.55644256779046,context_only_not_in_demand_formula,76.94610778443113,84.49481490598403
tomato,Laguna,2021-10-01,100.0,98.38632417908919,35.297222405489215,context_only_not_in_demand_formula,83.92918528704021,90.5949953479968
tomato,Laguna,2022-01-01,100.0,99.0754779023718,161.44355743220956,context_only_not_in_demand_formula,132.40238611713667,114.1855977324393
tomato,Laguna,2022-04-01,100.0,99.11084597003934,213.52510391238374,context_only_not_in_demand_formula,123.68287740628165,110.38135410195568
tomato,Laguna,2022-07-01,100.0,102.20990943697052,38.55644256779046,context_only_not_in_demand_formula,76.94610778443113,88.41382217804372
tomato,Laguna,2022-10-01,100.0,104.06457626678076,35.297222405489215,context_only_not_in_demand_formula,83.92918528704021,93.17261819586972
tomato,Laguna,2023-01-01,100.0,99.76307143751363,161.44355743220956,context_only_not_in_demand_formula,132.40238611713667,114.581142264046
tomato,Laguna,2023-04-01,100.0,100.67792321256593,213.52510391238374,context_only_not_in_demand_formula,123.68287740628165,111.25057135112739
tomato,Laguna,2023-07-01,100.0,99.00800273592017,38.55644256779046,context_only_not_in_demand_formula,76.94610778443113,87.01794319820708
tomato,Laguna,2023-10-01,100.0,102.11094737918023,35.297222405489215,context_only_not_in_demand_formula,83.92918528704021,92.29389876231122
tomato,Laguna,2024-01-01,100.0,97.32030929619998,161.44355743220956,context_only_not_in_demand_formula,132.40238611713667,113.16965240267132
tomato,Laguna,2024-04-01,100.0,102.9407449672953,213.52510391238374,context_only_not_in_demand_formula,123.68287740628165,112.49384973219372
tomato,Laguna,2024-07-01,100.0,99.74120657028533,38.55644256779046,context_only_not_in_demand_formula,76.94610778443113,87.33955459312739
tomato,Laguna,2024-10-01,100.0,98.04394195829643,35.297222405489215,context_only_not_in_demand_formula,83.92918528704021,90.4372236830614
tomato,Laguna,2025-01-01,100.0,97.90609660413705,161.44355743220956,context_only_not_in_demand_formula,132.40238611713667,113.50973500159003
tomato,Laguna,2025-04-01,100.0,100.87178645956214,213.52510391238374,context_only_not_in_demand_formula,123.68287740628165,111.35763069372896
tomato,Laguna,2025-10-01,100.0,99.45831241925413,35.297222405489215,context_only_not_in_demand_formula,83.92918528704021,91.08720634876502
tomato,Quezon,2021-01-01,76.2169602684521,93.26010081878205,161.44355743220956,context_only_not_in_demand_formula,132.40238611713667,84.43603009292606
tomato,Quezon,2021-04-01,76.2169602684521,98.4806297708286,213.52510391238374,context_only_not_in_demand_formula,123.68287740628165,83.8614096842061
tomato,Quezon,2021-07-01,76.2169602684521,93.34967060059937,38.55644256779046,context_only_not_in_demand_formula,76.94610778443113,64.39937950579598
tomato,Quezon,2021-10-01,76.2169602684521,98.38632417908919,35.297222405489215,context_only_not_in_demand_formula,83.92918528704021,69.04875160958873
tomato,Quezon,2022-01-01,76.2169602684521,99.0754779023718,161.44355743220956,context_only_not_in_demand_formula,132.40238611713667,87.0287916560278
tomato,Quezon,2022-04-01,76.2169602684521,99.11084597003934,213.52510391238374,context_only_not_in_demand_formula,123.68287740628165,84.12931279966698
tomato,Quezon,2022-07-01,76.2169602684521,102.20990943697052,38.55644256779046,context_only_not_in_demand_formula,76.94610778443113,67.38632772125945
tomato,Quezon,2022-10-01,76.2169602684521,104.06457626678076,35.297222405489215,context_only_not_in_demand_formula,83.92918528704021,71.0133373914226
tomato,Quezon,2023-01-01,76.2169602684521,99.76307143751363,161.44355743220956,context_only_not_in_demand_formula,132.40238611713667,87.3302636745265
tomato,Quezon,2023-04-01,76.2169602684521,100.67792321256593,213.52510391238374,context_only_not_in_demand_formula,123.68287740628165,84.79180376511472
tomato,Quezon,2023-07-01,76.2169602684521,99.00800273592017,38.55644256779046,context_only_not_in_demand_formula,76.94610778443113,66.3224311938017
tomato,Quezon,2023-10-01,76.2169602684521,102.11094737918023,35.297222405489215,context_only_not_in_demand_formula,83.92918528704021,70.34360414987614
tomato,Quezon,2024-01-01,76.2169602684521,97.32030929619998,161.44355743220956,context_only_not_in_demand_formula,132.40238611713667,86.25446900768934
tomato,Quezon,2024-04-01,76.2169602684521,102.9407449672953,213.52510391238374,context_only_not_in_demand_formula,123.68287740628165,85.7393927548383
tomato,Quezon,2024-07-01,76.2169602684521,99.74120657028533,38.55644256779046,context_only_not_in_demand_formula,76.94610778443113,66.56755362288692
tomato,Quezon,2024-10-01,76.2169602684521,98.04394195829643,35.297222405489215,context_only_not_in_demand_formula,83.92918528704021,68.92850284241007
tomato,Quezon,2025-01-01,76.2169602684521,97.90609660413705,161.44355743220956,context_only_not_in_demand_formula,132.40238611713667,86.51366962698714
tomato,Quezon,2025-04-01,76.2169602684521,100.87178645956214,213.52510391238374,context_only_not_in_demand_formula,123.68287740628165,84.87340114172905
tomato,Quezon,2025-10-01,76.2169602684521,99.45831241925413,35.297222405489215,context_only_not_in_demand_formula,83.92918528704021,69.42389987248121
tomato,Rizal,2021-01-01,114.91882745633592,93.26010081878205,161.44355743220956,context_only_not_in_demand_formula,132.40238611713667,127.31142175140467
tomato,Rizal,2021-04-01,114.91882745633592,98.4806297708286,213.52510391238374,context_only_not_in_demand_formula,123.68287740628165,126.445017431815
tomato,Rizal,2021-07-01,114.91882745633592,93.34967060059937,38.55644256779046,context_only_not_in_demand_formula,76.94610778443113,97.1004505513582
tomato,Rizal,2021-10-01,114.91882745633592,98.38632417908919,35.297222405489215,context_only_not_in_demand_formula,83.92918528704021,104.11070638803999
tomato,Rizal,2022-01-01,114.91882745633592,99.0754779023718,161.44355743220956,context_only_not_in_demand_formula,132.40238611713667,131.22075003812773
tomato,Rizal,2022-04-01,114.91882745633592,99.11084597003934,213.52510391238374,context_only_not_in_demand_formula,123.68287740628165,126.84895786439361
tomato,Rizal,2022-07-01,114.91882745633592,102.20990943697052,38.55644256779046,context_only_not_in_demand_formula,76.94610778443113,101.60412775633772
tomato,Rizal,2022-10-01,114.91882745633592,104.06457626678076,35.297222405489215,context_only_not_in_demand_formula,83.92918528704021,107.07288034106217
tomato,Rizal,2023-01-01,114.91882745633592,99.76307143751363,161.44355743220956,context_only_not_in_demand_formula,132.40238611713667,131.6753051759178
tomato,Rizal,2023-04-01,114.91882745633592,100.67792321256593,213.52510391238374,context_only_not_in_demand_formula,123.68287740628165,127.84785213518997
tomato,Rizal,2023-07-01,114.91882745633592,99.00800273592017,38.55644256779046,context_only_not_in_demand_formula,76.94610778443113,100.0
tomato,Rizal,2023-10-01,114.91882745633592,102.11094737918023,35.297222405489215,context_only_not_in_demand_formula,83.92918528704021,106.06306627138578
tomato,Rizal,2024-01-01,114.91882745633592,97.32030929619998,161.44355743220956,context_only_not_in_demand_formula,132.40238611713667,130.05323757756096
tomato,Rizal,2024-04-01,114.91882745633592,102.9407449672953,213.52510391238374,context_only_not_in_demand_formula,123.68287740628165,129.27661307272953
tomato,Rizal,2024-07-01,114.91882745633592,99.74120657028533,38.55644256779046,context_only_not_in_demand_formula,76.94610778443113,100.36959204400837
tomato,Rizal,2024-10-01,114.91882745633592,98.04394195829643,35.297222405489215,context_only_not_in_demand_formula,83.92918528704021,103.92939704063791
tomato,Rizal,2025-01-01,114.91882745633592,97.90609660413705,161.44355743220956,context_only_not_in_demand_formula,132.40238611713667,130.4440565126214
tomato,Rizal,2025-04-01,114.91882745633592,100.87178645956214,213.52510391238374,context_only_not_in_demand_formula,123.68287740628165,127.97088347639016
tomato,Rizal,2025-10-01,114.91882745633592,99.45831241925413,35.297222405489215,context_only_not_in_demand_formula,83.92918528704021,104.67634949873393
red_onion,Batangas,2021-01-01,91.20164756048892,93.26010081878205,350.6666666666667,context_only_not_in_demand_formula,100.0,88.48456828377105
red_onion,Batangas,2021-04-01,91.20164756048892,98.4806297708286,200.0,context_only_not_in_demand_formula,94.11,88.20899851112836
red_onion,Batangas,2021-07-01,91.20164756048892,93.34967060059937,0.0,context_only_not_in_demand_formula,100.0,88.52704969509824
red_onion,Batangas,2021-10-01,91.20164756048892,98.38632417908919,0.0,context_only_not_in_demand_formula,169.56756756756758,118.34730120797916
red_onion,Batangas,2022-01-01,91.20164756048892,99.0754779023718,350.6666666666667,context_only_not_in_demand_formula,100.0,91.20164756048892
red_onion,Batangas,2022-04-01,91.20164756048892,99.11084597003934,200.0,context_only_not_in_demand_formula,94.11,88.49079040565772
red_onion,Batangas,2022-07-01,91.20164756048892,102.20990943697052,0.0,context_only_not_in_demand_formula,100.0,92.63307859065961
red_onion,Batangas,2022-10-01,91.20164756048892,104.06457626678076,0.0,context_only_not_in_demand_formula,169.56756756756758,121.71453696317731
red_onion,Batangas,2023-01-01,91.20164756048892,99.76307143751363,350.6666666666667,context_only_not_in_demand_formula,100.0,91.51757455725956
red_onion,Batangas,2023-04-01,91.20164756048892,100.67792321256593,200.0,context_only_not_in_demand_formula,94.11,89.18762658817447
red_onion,Batangas,2023-07-01,91.20164756048892,99.00800273592017,0.0,context_only_not_in_demand_formula,100.0,91.17058591635957
red_onion,Batangas,2023-10-01,91.20164756048892,102.11094737918023,0.0,context_only_not_in_demand_formula,169.56756756756758,120.56663609866283
red_onion,Batangas,2024-01-01,91.20164756048892,97.32030929619998,350.6666666666667,context_only_not_in_demand_formula,100.0,90.39019769512727
red_onion,Batangas,2024-04-01,91.20164756048892,102.9407449672953,200.0,context_only_not_in_demand_formula,94.11,90.18434100185347
red_onion,Batangas,2024-07-01,91.20164756048892,99.74120657028533,0.0,context_only_not_in_demand_formula,100.0,91.50754514838225
red_onion,Batangas,2024-10-01,91.20164756048892,98.04394195829643,0.0,context_only_not_in_demand_formula,169.56756756756758,118.14119875518394
red_onion,Batangas,2025-01-01,91.20164756048892,97.90609660413705,350.6666666666667,context_only_not_in_demand_formula,100.0,90.66182646393852
red_onion,Batangas,2025-04-01,91.20164756048892,100.87178645956214,200.0,context_only_not_in_demand_formula,94.11,89.27345418038153
red_onion,Batangas,2025-10-01,91.20164756048892,99.45831241925413,0.0,context_only_not_in_demand_formula,169.56756756756758,118.99029305694432
red_onion,Cavite,2021-01-01,101.59247956442752,93.26010081878205,350.6666666666667,context_only_not_in_demand_formula,100.0,98.5658366442784
red_onion,Cavite,2021-04-01,101.59247956442752,98.4806297708286,200.0,context_only_not_in_demand_formula,94.11,98.25887051762801
red_onion,Cavite,2021-07-01,101.59247956442752,93.34967060059937,0.0,context_only_not_in_demand_formula,100.0,98.61315806913824
red_onion,Cavite,2021-10-01,101.59247956442752,98.38632417908919,0.0,context_only_not_in_demand_formula,169.56756756756758,131.83090548339558
red_onion,Cavite,2022-01-01,101.59247956442752,99.0754779023718,350.6666666666667,context_only_not_in_demand_formula,100.0,101.59247956442752
red_onion,Cavite,2022-04-01,101.59247956442752,99.11084597003934,200.0,context_only_not_in_demand_formula,94.11,98.57276766808693
red_onion,Cavite,2022-07-01,101.59247956442752,102.20990943697052,0.0,context_only_not_in_demand_formula,100.0,103.1869971150458
red_onion,Cavite,2022-10-01,101.59247956442752,104.06457626678076,0.0,context_only_not_in_demand_formula,169.56756756756758,135.58177883710002
red_onion,Cavite,2023-01-01,101.59247956442752,99.76307143751363,350.6666666666667,context_only_not_in_demand_formula,100.0,101.94440091477357
red_onion,Cavite,2023-04-01,101.59247956442752,100.67792321256593,200.0,context_only_not_in_demand_formula,94.11,99.3489961412089
red_onion,Cavite,2023-07-01,101.59247956442752,99.00800273592017,0.0,context_only_not_in_demand_formula,100.0,101.55787898942852
red_onion,Cavite,2023-10-01,101.59247956442752,102.11094737918023,0.0,context_only_not_in_demand_formula,169.56756756756758,134.3030947536482
red_onion,Cavite,2024-01-01,101.59247956442752,97.32030929619998,350.6666666666667,context_only_not_in_demand_formula,100.0,100.6885791846714
red_onion,Cavite,2024-04-01,101.59247956442752,102.9407449672953,200.0,context_only_not_in_demand_formula,94.11,100.45926872302925
red_onion,Cavite,2024-07-01,101.59247956442752,99.74120657028533,0.0,context_only_not_in_demand_formula,100.0,101.9332288302371
red_onion,Cavite,2024-10-01,101.59247956442752,98.04394195829643,0.0,context_only_not_in_demand_formula,169.56756756756758,131.6013212622346
red_onion,Cavite,2025-01-01,101.59247956442752,97.90609660413705,350.6666666666667,context_only_not_in_demand_formula,100.0,100.99115529905865
red_onion,Cavite,2025-04-01,101.59247956442752,100.87178645956214,200.0,context_only_not_in_demand_formula,94.11,99.44460228584106
red_onion,Cavite,2025-10-01,101.59247956442752,99.45831241925413,0.0,context_only_not_in_demand_formula,169.56756756756758,132.54715500326046
red_onion,Laguna,2021-01-01,100.0,93.26010081878205,350.6666666666667,context_only_not_in_demand_formula,100.0,97.02080022741279
red_onion,Laguna,2021-04-01,100.0,98.4806297708286,200.0,context_only_not_in_demand_formula,94.11,96.7186458475153
red_onion,Laguna,2021-07-01,100.0,93.34967060059937,0.0,context_only_not_in_demand_formula,100.0,97.06737988081109
red_onion,Laguna,2021-10-01,100.0,98.38632417908919,0.0,context_only_not_in_demand_formula,169.56756756756758,129.76443339961162
red_onion,Laguna,2022-01-01,100.0,99.0754779023718,350.6666666666667,context_only_not_in_demand_formula,100.0,100.0
red_onion,Laguna,2022-04-01,100.0,99.11084597003934,200.0,context_only_not_in_demand_formula,94.11,97.0276226062328
red_onion,Laguna,2022-07-01,100.0,102.20990943697052,0.0,context_only_not_in_demand_formula,100.0,101.56952321417363
red_onion,Laguna,2022-10-01,100.0,104.06457626678076,0.0,context_only_not_in_demand_formula,169.56756756756758,133.4565111693305
red_onion,Laguna,2023-01-01,100.0,99.76307143751363,350.6666666666667,context_only_not_in_demand_formula,100.0,100.34640492274123
red_onion,Laguna,2023-04-01,100.0,100.67792321256593,200.0,context_only_not_in_demand_formula,94.11,97.79168356473093
red_onion,Laguna,2023-07-01,100.0,99.00800273592017,0.0,context_only_not_in_demand_formula,100.0,99.96594179495634
red_onion,Laguna,2023-10-01,100.0,102.11094737918023,0.0,context_only_not_in_demand_formula,169.56756756756758,132.197870678485
red_onion,Laguna,2024-01-01,100.0,97.32030929619998,350.6666666666667,context_only_not_in_demand_formula,100.0,99.11026841393029
red_onion,Laguna,2024-04-01,100.0,102.9407449672953,200.0,context_only_not_in_demand_formula,94.11,98.88455243315563
red_onion,Laguna,2024-07-01,100.0,99.74120657028533,0.0,context_only_not_in_demand_formula,100.0,100.33540796254854
red_onion,Laguna,2024-10-01,100.0,98.04394195829643,0.0,context_only_not_in_demand_formula,169.56756756756758,129.53844795054556
red_onion,Laguna,2025-01-01,100.0,97.90609660413705,350.6666666666667,context_only_not_in_demand_formula,100.0,99.4081015957608
red_onion,Laguna,2025-04-01,100.0,100.87178645956214,200.0,context_only_not_in_demand_formula,94.11,97.88579106662681
red_onion,Laguna,2025-10-01,100.0,99.45831241925413,0.0,context_only_not_in_demand_formula,169.56756756756758,130.4694555852456
red_onion,Quezon,2021-01-01,76.2169602684521,93.26010081878205,350.6666666666667,context_only_not_in_demand_formula,100.0,73.9463047614615
red_onion,Quezon,2021-04-01,76.2169602684521,98.4806297708286,200.0,context_only_not_in_demand_formula,94.11,73.71601187778563
red_onion,Quezon,2021-07-01,76.2169602684521,93.34967060059937,0.0,context_only_not_in_demand_formula,100.0,73.98180635738525
red_onion,Quezon,2021-10-01,76.2169602684521,98.38632417908919,0.0,context_only_not_in_demand_formula,169.56756756756758,98.90250664676395
red_onion,Quezon,2022-01-01,76.2169602684521,99.0754779023718,350.6666666666667,context_only_not_in_demand_formula,100.0,76.2169602684521
red_onion,Quezon,2022-04-01,76.2169602684521,99.11084597003934,200.0,context_only_not_in_demand_formula,94.11,73.95150457121609
red_onion,Quezon,2022-07-01,76.2169602684521,102.20990943697052,0.0,context_only_not_in_demand_formula,100.0,77.41320315300295
red_onion,Quezon,2022-10-01,76.2169602684521,104.06457626678076,0.0,context_only_not_in_demand_formula,169.56756756756758,101.71649609359095
red_onion,Quezon,2023-01-01,76.2169602684521,99.76307143751363,350.6666666666667,context_only_not_in_demand_formula,100.0,76.48097957078575
red_onion,Quezon,2023-04-01,76.2169602684521,100.67792321256593,200.0,context_only_not_in_demand_formula,94.11,74.53384860838138
red_onion,Quezon,2023-07-01,76.2169602684521,99.00800273592017,0.0,context_only_not_in_demand_formula,100.0,76.19100213984582
red_onion,Quezon,2023-10-01,76.2169602684521,102.11094737918023,0.0,context_only_not_in_demand_formula,169.56756756756758,100.7571985707606
red_onion,Quezon,2024-01-01,76.2169602684521,97.32030929619998,350.6666666666667,context_only_not_in_demand_formula,100.0,75.53883389900147
red_onion,Quezon,2024-04-01,76.2169602684521,102.9407449672953,200.0,context_only_not_in_demand_formula,94.11,75.36680003961492
red_onion,Quezon,2024-07-01,76.2169602684521,99.74120657028533,0.0,context_only_not_in_demand_formula,100.0,76.47259802200495
red_onion,Quezon,2024-10-01,76.2169602684521,98.04394195829643,0.0,context_only_not_in_demand_formula,169.56756756756758,98.73026740683682
red_onion,Quezon,2025-01-01,76.2169602684521,97.90609660413705,350.6666666666667,context_only_not_in_demand_formula,100.0,75.7658332968635
red_onion,Quezon,2025-04-01,76.2169602684521,100.87178645956214,200.0,context_only_not_in_demand_formula,94.11,74.60557448571099
red_onion,Quezon,2025-10-01,76.2169602684521,99.45831241925413,0.0,context_only_not_in_demand_formula,169.56756756756758,99.43985312587239
red_onion,Rizal,2021-01-01,114.91882745633592,93.26010081878205,350.6666666666667,context_only_not_in_demand_formula,100.0,111.49516601009688
red_onion,Rizal,2021-04-01,114.91882745633592,98.4806297708286,200.0,context_only_not_in_demand_formula,94.11,111.14793373961072
red_onion,Rizal,2021-07-01,114.91882745633592,93.34967060059937,0.0,context_only_not_in_demand_formula,100.0,111.54869480161543
red_onion,Rizal,2021-10-01,114.91882745633592,98.38632417908919,0.0,context_only_not_in_demand_formula,169.56756756756758,149.12376531819157
red_onion,Rizal,2022-01-01,114.91882745633592,99.0754779023718,350.6666666666667,context_only_not_in_demand_formula,100.0,114.9188274563359
red_onion,Rizal,2022-04-01,114.91882745633592,99.11084597003934,200.0,context_only_not_in_demand_formula,94.11,111.50300620784147
red_onion,Rizal,2022-07-01,114.91882745633592,102.20990943697052,0.0,context_only_not_in_demand_formula,100.0,116.72250513071924
red_onion,Rizal,2022-10-01,114.91882745633592,104.06457626678076,0.0,context_only_not_in_demand_formula,169.56756756756758,153.36665779992856
red_onion,Rizal,2023-01-01,114.91882745633592,99.76307143751363,350.6666666666667,context_only_not_in_demand_formula,100.0,115.31691193180116
red_onion,Rizal,2023-04-01,114.91882745633592,100.67792321256593,200.0,context_only_not_in_demand_formula,94.11,112.38105610239914
red_onion,Rizal,2023-07-01,114.91882745633592,99.00800273592017,0.0,context_only_not_in_demand_formula,100.0,114.87968816644707
red_onion,Rizal,2023-10-01,114.91882745633592,102.11094737918023,0.0,context_only_not_in_demand_formula,169.56756756756758,151.92024290595828
red_onion,Rizal,2024-01-01,114.91882745633592,97.32030929619998,350.6666666666667,context_only_not_in_demand_formula,100.0,113.89635835011596
red_onion,Rizal,2024-04-01,114.91882745633592,102.9407449672953,200.0,context_only_not_in_demand_formula,94.11,113.63696819162814
red_onion,Rizal,2024-07-01,114.91882745633592,99.74120657028533,0.0,context_only_not_in_demand_formula,100.0,115.30427435409187
red_onion,Rizal,2024-10-01,114.91882745633592,98.04394195829643,0.0,context_only_not_in_demand_formula,169.56756756756758,148.864065489903
red_onion,Rizal,2025-01-01,114.91882745633592,97.90609660413705,350.6666666666667,context_only_not_in_demand_formula,100.0,114.23862475045145
red_onion,Rizal,2025-04-01,114.91882745633592,100.87178645956214,200.0,context_only_not_in_demand_formula,94.11,112.48920334012634
red_onion,Rizal,2025-10-01,114.91882745633592,99.45831241925413,0.0,context_only_not_in_demand_formula,169.56756756756758,149.93396854722923
banana,Batangas,2021-01-01,92.88812365795562,93.26010081878205,44.22291986710014,context_only_not_in_demand_formula,99.65277777777779,89.83793347174766
banana,Batangas,2021-04-01,92.88812365795562,98.4806297708286,155.77708013289987,context_only_not_in_demand_formula,98.88368246968027,91.96124300647125
banana,Batangas,2021-07-01,92.88812365795562,93.34967060059937,157.35504269229398,context_only_not_in_demand_formula,100.34965034965036,90.19478658057764
banana,Batangas,2021-10-01,92.88812365795562,98.38632417908919,30.09058715301347,context_only_not_in_demand_formula,102.73482245131729,93.6900160820295
banana,Batangas,2022-01-01,92.88812365795562,99.0754779023718,44.22291986710014,context_only_not_in_demand_formula,99.65277777777779,92.59657028304363
banana,Batangas,2022-04-01,92.88812365795562,99.11084597003934,155.77708013289987,context_only_not_in_demand_formula,98.88368246968027,92.25502179692879
banana,Batangas,2022-07-01,92.88812365795562,102.20990943697052,157.35504269229398,context_only_not_in_demand_formula,100.34965034965036,94.37816783189416
banana,Batangas,2022-10-01,92.88812365795562,104.06457626678076,30.09058715301347,context_only_not_in_demand_formula,102.73482245131729,96.35569893948728
banana,Batangas,2023-01-01,92.88812365795562,99.76307143751363,44.22291986710014,context_only_not_in_demand_formula,99.65277777777779,92.91732936079364
banana,Batangas,2023-04-01,92.88812365795562,100.67792321256593,155.77708013289987,context_only_not_in_demand_formula,98.88368246968027,92.98150007689746
banana,Batangas,2023-07-01,92.88812365795562,99.00800273592017,157.35504269229398,context_only_not_in_demand_formula,100.34965034965036,92.88812365795562
banana,Batangas,2023-10-01,92.88812365795562,102.11094737918023,30.09058715301347,context_only_not_in_demand_formula,102.73482245131729,95.44695958202664
banana,Batangas,2024-01-01,92.88812365795562,97.32030929619998,44.22291986710014,context_only_not_in_demand_formula,99.65277777777779,91.77270934961814
banana,Batangas,2024-04-01,92.88812365795562,102.9407449672953,155.77708013289987,context_only_not_in_demand_formula,98.88368246968027,94.02061284261858
banana,Batangas,2024-07-01,92.88812365795562,99.74120657028533,157.35504269229398,context_only_not_in_demand_formula,100.34965034965036,93.23143077282407
banana,Batangas,2024-10-01,92.88812365795562,98.04394195829643,30.09058715301347,context_only_not_in_demand_formula,102.73482245131729,93.5268544220691
banana,Batangas,2025-01-01,92.88812365795562,97.90609660413705,44.22291986710014,context_only_not_in_demand_formula,99.65277777777779,92.04849266115806
banana,Batangas,2025-04-01,92.88812365795562,100.87178645956214,155.77708013289987,context_only_not_in_demand_formula,98.88368246968027,93.07097861306538
banana,Batangas,2025-10-01,92.88812365795562,99.45831241925413,30.09058715301347,context_only_not_in_demand_formula,102.73482245131729,94.19904261711113
banana,Cavite,2021-01-01,101.51903906346608,93.26010081878205,44.22291986710014,context_only_not_in_demand_formula,99.65277777777779,98.18543338310066
banana,Cavite,2021-04-01,101.51903906346608,98.4806297708286,155.77708013289987,context_only_not_in_demand_formula,98.88368246968027,100.50603514692983
banana,Cavite,2021-07-01,101.51903906346608,93.34967060059937,157.35504269229398,context_only_not_in_demand_formula,100.34965034965036,98.57544432603488
banana,Cavite,2021-10-01,101.51903906346608,98.38632417908919,30.09058715301347,context_only_not_in_demand_formula,102.73482245131729,102.39544118161008
banana,Cavite,2022-01-01,101.51903906346608,99.0754779023718,44.22291986710014,context_only_not_in_demand_formula,99.65277777777779,101.20039533064866
banana,Cavite,2022-04-01,101.51903906346608,99.11084597003934,155.77708013289987,context_only_not_in_demand_formula,98.88368246968027,100.82711107493864
banana,Cavite,2022-07-01,101.51903906346608,102.20990943697052,157.35504269229398,context_only_not_in_demand_formula,100.34965034965036,103.14753414705046
banana,Cavite,2022-10-01,101.51903906346608,104.06457626678076,30.09058715301347,context_only_not_in_demand_formula,102.73482245131729,105.30881214315056
banana,Cavite,2023-01-01,101.51903906346608,99.76307143751363,44.22291986710014,context_only_not_in_demand_formula,99.65277777777779,101.55095848190766
banana,Cavite,2023-04-01,101.51903906346608,100.67792321256593,155.77708013289987,context_only_not_in_demand_formula,98.88368246968027,101.62109176890203
banana,Cavite,2023-07-01,101.51903906346608,99.00800273592017,157.35504269229398,context_only_not_in_demand_formula,100.34965034965036,101.51903906346608
banana,Cavite,2023-10-01,101.51903906346608,102.11094737918023,30.09058715301347,context_only_not_in_demand_formula,102.73482245131729,104.31563516103961
banana,Cavite,2024-01-01,101.51903906346608,97.32030929619998,44.22291986710014,context_only_not_in_demand_formula,99.65277777777779,100.29998344816448
banana,Cavite,2024-04-01,101.51903906346608,102.9407449672953,155.77708013289987,context_only_not_in_demand_formula,98.88368246968027,102.75675610682144
banana,Cavite,2024-07-01,101.51903906346608,99.74120657028533,157.35504269229398,context_only_not_in_demand_formula,100.34965034965036,101.8942453549984
banana,Cavite,2024-10-01,101.51903906346608,98.04394195829643,30.09058715301347,context_only_not_in_demand_formula,102.73482245131729,102.21711897766316
banana,Cavite,2025-01-01,101.51903906346608,97.90609660413705,44.22291986710014,context_only_not_in_demand_formula,99.65277777777779,100.60139180560282
banana,Cavite,2025-04-01,101.51903906346608,100.87178645956214,155.77708013289987,context_only_not_in_demand_formula,98.88368246968027,101.7188844107474
banana,Cavite,2025-10-01,101.51903906346608,99.45831241925413,30.09058715301347,context_only_not_in_demand_formula,102.73482245131729,102.95176509756709
banana,Laguna,2021-01-01,100.0,93.26010081878205,44.22291986710014,context_only_not_in_demand_formula,99.65277777777779,96.71627537935876
banana,Laguna,2021-04-01,100.0,98.4806297708286,155.77708013289987,context_only_not_in_demand_formula,98.88368246968027,99.00215375767795
banana,Laguna,2021-07-01,100.0,93.34967060059937,157.35504269229398,context_only_not_in_demand_formula,100.34965034965036,97.1004505513582
banana,Laguna,2021-10-01,100.0,98.38632417908919,30.09058715301347,context_only_not_in_demand_formula,102.73482245131729,100.86328842966698
banana,Laguna,2022-01-01,100.0,99.0754779023718,44.22291986710014,context_only_not_in_demand_formula,99.65277777777779,99.68612416374606
banana,Laguna,2022-04-01,100.0,99.11084597003934,155.77708013289987,context_only_not_in_demand_formula,98.88368246968027,99.31842539595468
banana,Laguna,2022-07-01,100.0,102.20990943697052,157.35504269229398,context_only_not_in_demand_formula,100.34965034965036,101.60412775633769
banana,Laguna,2022-10-01,100.0,104.06457626678076,30.09058715301347,context_only_not_in_demand_formula,102.73482245131729,103.7330663436592
banana,Laguna,2023-01-01,100.0,99.76307143751363,44.22291986710014,context_only_not_in_demand_formula,99.65277777777779,100.03144180513924
banana,Laguna,2023-04-01,100.0,100.67792321256593,155.77708013289987,context_only_not_in_demand_formula,98.88368246968027,100.10052568107166
banana,Laguna,2023-07-01,100.0,99.00800273592017,157.35504269229398,context_only_not_in_demand_formula,100.34965034965036,100.0
banana,Laguna,2023-10-01,100.0,102.11094737918023,30.09058715301347,context_only_not_in_demand_formula,102.73482245131729,102.75475036345172
banana,Laguna,2024-01-01,100.0,97.32030929619998,44.22291986710014,context_only_not_in_demand_formula,99.65277777777779,98.79918523013255
banana,Laguna,2024-04-01,100.0,102.9407449672953,155.77708013289987,context_only_not_in_demand_formula,98.88368246968027,101.21919696519348
banana,Laguna,2024-07-01,100.0,99.74120657028533,157.35504269229398,context_only_not_in_demand_formula,100.34965034965036,100.36959204400834
banana,Laguna,2024-10-01,100.0,98.04394195829643,30.09058715301347,context_only_not_in_demand_formula,102.73482245131729,100.68763447786446
banana,Laguna,2025-01-01,100.0,97.90609660413705,44.22291986710014,context_only_not_in_demand_formula,99.65277777777779,99.09608358557296
banana,Laguna,2025-04-01,100.0,100.87178645956214,155.77708013289987,context_only_not_in_demand_formula,98.88368246968027,100.19685504229052
banana,Laguna,2025-10-01,100.0,99.45831241925413,30.09058715301347,context_only_not_in_demand_formula,102.73482245131729,101.41128801781241
banana,Quezon,2021-01-01,69.11251533247994,93.26010081878205,44.22291986710014,context_only_not_in_demand_formula,99.65277777777779,66.84305065056286
banana,Quezon,2021-04-01,69.11251533247994,98.4806297708286,155.77708013289987,context_only_not_in_demand_formula,98.88368246968027,68.42287869526055
banana,Quezon,2021-07-01,69.11251533247994,93.34967060059937,157.35504269229398,context_only_not_in_demand_formula,100.34965034965036,67.10856377521453
banana,Quezon,2021-10-01,69.11251533247994,98.38632417908919,30.09058715301347,context_only_not_in_demand_formula,102.73482245131729,69.70915568079705
banana,Quezon,2022-01-01,69.11251533247994,99.0754779023718,44.22291986710014,context_only_not_in_demand_formula,99.65277777777779,68.89558784702399
banana,Quezon,2022-04-01,69.11251533247994,99.11084597003934,155.77708013289987,context_only_not_in_demand_formula,98.88368246968027,68.64146197975684
banana,Quezon,2022-07-01,69.11251533247994,102.20990943697052,157.35504269229398,context_only_not_in_demand_formula,100.34965034965036,70.2211683740314
banana,Quezon,2022-10-01,69.11251533247994,104.06457626678076,30.09058715301347,context_only_not_in_demand_formula,102.73482245131729,71.69253138161305
banana,Quezon,2023-01-01,69.11251533247994,99.76307143751363,44.22291986710014,context_only_not_in_demand_formula,99.65277777777779,69.13424555487762
banana,Quezon,2023-04-01,69.11251533247994,100.67792321256593,155.77708013289987,context_only_not_in_demand_formula,98.88368246968027,69.18199115922367
banana,Quezon,2023-07-01,69.11251533247994,99.00800273592017,157.35504269229398,context_only_not_in_demand_formula,100.34965034965036,69.11251533247994
banana,Quezon,2023-10-01,69.11251533247994,102.11094737918023,30.09058715301347,context_only_not_in_demand_formula,102.73482245131729,71.01639259979206
banana,Quezon,2024-01-01,69.11251533247994,97.32030929619998,44.22291986710014,context_only_not_in_demand_formula,99.65277777777779,68.28260204054062
banana,Quezon,2024-04-01,69.11251533247994,102.9407449672953,155.77708013289987,context_only_not_in_demand_formula,98.88368246968027,69.9551330219824
banana,Quezon,2024-07-01,69.11251533247994,99.74120657028533,157.35504269229398,context_only_not_in_demand_formula,100.34965034965036,69.36794969056285
banana,Quezon,2024-10-01,69.11251533247994,98.04394195829643,30.09058715301347,context_only_not_in_demand_formula,102.73482245131729,69.58775681642545
banana,Quezon,2025-01-01,69.11251533247994,97.90609660413705,44.22291986710014,context_only_not_in_demand_formula,99.65277777777779,68.48779596196624
banana,Quezon,2025-04-01,69.11251533247994,100.87178645956214,155.77708013289987,context_only_not_in_demand_formula,98.88368246968027,69.24856680376575
banana,Quezon,2025-10-01,69.11251533247994,99.45831241925413,30.09058715301347,context_only_not_in_demand_formula,102.73482245131729,70.087891980176
banana,Rizal,2021-01-01,109.35264670631346,93.26010081878205,44.22291986710014,context_only_not_in_demand_formula,99.65277777777779,105.76180692309542
banana,Rizal,2021-04-01,109.35264670631346,98.4806297708286,155.77708013289987,context_only_not_in_demand_formula,98.88368246968027,108.2614754302748
banana,Rizal,2021-07-01,109.35264670631346,93.34967060059937,157.35504269229398,context_only_not_in_demand_formula,100.34965034965036,106.18191264166532
banana,Rizal,2021-10-01,109.35264670631346,98.38632417908919,30.09058715301347,context_only_not_in_demand_formula,102.73482245131729,110.29667545286368
banana,Rizal,2022-01-01,109.35264670631346,99.0754779023718,44.22291986710014,context_only_not_in_demand_formula,99.65277777777779,109.0094151719982
banana,Rizal,2022-04-01,109.35264670631346,99.11084597003934,155.77708013289987,context_only_not_in_demand_formula,98.88368246968027,108.60732683751182
banana,Rizal,2022-07-01,109.35264670631346,102.20990943697052,157.35504269229398,context_only_not_in_demand_formula,100.34965034965036,111.10680286441934
banana,Rizal,2022-10-01,109.35264670631346,104.06457626678076,30.09058715301347,context_only_not_in_demand_formula,102.73482245131729,113.43485355640736
banana,Rizal,2023-01-01,109.35264670631346,99.76307143751363,44.22291986710014,context_only_not_in_demand_formula,99.65277777777779,109.38702915240546
banana,Rizal,2023-04-01,109.35264670631346,100.67792321256593,155.77708013289987,context_only_not_in_demand_formula,98.88368246968027,109.46257419918489
banana,Rizal,2023-07-01,109.35264670631346,99.00800273592017,157.35504269229398,context_only_not_in_demand_formula,100.34965034965036,109.35264670631346
banana,Rizal,2023-10-01,109.35264670631346,102.11094737918023,30.09058715301347,context_only_not_in_demand_formula,102.73482245131729,112.36503913889973
banana,Rizal,2024-01-01,109.35264670631346,97.32030929619998,44.22291986710014,context_only_not_in_demand_formula,99.65277777777779,108.03952397342307
banana,Rizal,2024-04-01,109.35264670631346,102.9407449672953,155.77708013289987,context_only_not_in_demand_formula,98.88368246968027,110.68587085631559
banana,Rizal,2024-07-01,109.35264670631346,99.74120657028533,157.35504269229398,context_only_not_in_demand_formula,100.34965034965036,109.75680538845258
banana,Rizal,2024-10-01,109.35264670631346,98.04394195829643,30.09058715301347,context_only_not_in_demand_formula,102.73482245131729,110.1045932075234
banana,Rizal,2025-01-01,109.35264670631346,97.90609660413705,44.22291986710014,context_only_not_in_demand_formula,99.65277777777779,108.36419018312469
banana,Rizal,2025-04-01,109.35264670631346,100.87178645956214,155.77708013289987,context_only_not_in_demand_formula,98.88368246968027,109.567912905233
banana,Rizal,2025-10-01,109.35264670631346,99.45831241925413,30.09058715301347,context_only_not_in_demand_formula,102.73482245131729,110.89592750644042
