geolocation,date,target,year,season
Batangas,2010-01-01,10.969999999999999,2010,1
Batangas,2010-02-01,10.36,2010,2
Batangas,2010-03-01,11.0,2010,3
Batangas,2010-04-01,11.434999999999999,2010,4
Batangas,2010-05-01,11.715,2010,5
Batangas,2010-06-01,11.74,2010,6
Batangas,2010-07-01,11.195,2010,7
Batangas,2010-08-01,10.9,2010,8
Batangas,2010-09-01,11.265,2010,9
Batangas,2010-10-01,12.095,2010,10
Batangas,2010-11-01,11.945,2010,11
Batangas,2010-12-01,11.745,2010,12
Batangas,2011-01-01,12.805,2011,1
Batangas,2011-02-01,12.91,2011,2
Batangas,2011-03-01,13.85,2011,3
Batangas,2011-04-01,14.745000000000001,2011,4
Batangas,2011-05-01,13.79,2011,5
Batangas,2011-06-01,14.5,2011,6
Batangas,2011-07-01,10.175,2011,7
Batangas,2011-08-01,10.535,2011,8
Batangas,2011-09-01,11.065000000000001,2011,9
Batangas,2011-10-01,10.875,2011,10
Batangas,2011-11-01,11.709999999999999,2011,11
Batangas,2011-12-01,12.075000000000001,2011,12
Batangas,2012-01-01,12.59,2012,1
Batangas,2012-02-01,11.954999999999998,2012,2
Batangas,2012-03-01,12.23,2012,3
Batangas,2012-04-01,12.465,2012,4
Batangas,2012-05-01,12.755,2012,5
Batangas,2012-06-01,12.245,2012,6
Batangas,2012-07-01,11.365,2012,7
Batangas,2012-08-01,12.235,2012,8
Batangas,2012-09-01,11.32,2012,9
Batangas,2012-10-01,12.815000000000001,2012,10
Batangas,2012-11-01,12.93,2012,11
Batangas,2012-12-01,13.82,2012,12
Batangas,2013-01-01,13.995000000000001,2013,1
Batangas,2013-02-01,14.15,2013,2
Batangas,2013-03-01,13.969999999999999,2013,3
Batangas,2013-04-01,13.620000000000001,2013,4
Batangas,2013-05-01,13.71,2013,5
Batangas,2013-06-01,13.61,2013,6
Batangas,2013-07-01,14.030000000000001,2013,7
Batangas,2013-08-01,14.01,2013,8
Batangas,2013-09-01,14.07,2013,9
Batangas,2013-10-01,14.32,2013,10
Batangas,2013-11-01,14.934999999999999,2013,11
Batangas,2013-12-01,13.385,2013,12
Batangas,2014-01-01,14.145,2014,1
Batangas,2014-02-01,14.575000000000001,2014,2
Batangas,2014-03-01,14.9,2014,3
Batangas,2014-04-01,14.870000000000001,2014,4
Batangas,2014-05-01,15.015,2014,5
Batangas,2014-06-01,14.07,2014,6
Batangas,2014-07-01,19.065,2014,7
Batangas,2014-08-01,19.165,2014,8
Batangas,2014-09-01,20.68,2014,9
Batangas,2014-10-01,19.295,2014,10
Batangas,2014-11-01,18.725,2014,11
Batangas,2014-12-01,17.54,2014,12
Batangas,2015-01-01,18.995,2015,1
Batangas,2015-02-01,19.46,2015,2
Batangas,2015-03-01,20.935000000000002,2015,3
Batangas,2015-04-01,18.93,2015,4
Batangas,2015-05-01,18.32,2015,5
Batangas,2015-06-01,17.18,2015,6
Batangas,2015-07-01,16.07,2015,7
Batangas,2015-08-01,18.740000000000002,2015,8
Batangas,2015-09-01,16.135,2015,9
Batangas,2015-10-01,16.045,2015,10
Batangas,2015-11-01,15.69,2015,11
Batangas,2015-12-01,18.96,2015,12
Batangas,2016-01-01,16.55,2016,1
Batangas,2016-02-01,17.695,2016,2
Batangas,2016-03-01,16.04,2016,3
Batangas,2016-04-01,15.905,2016,4
Batangas,2016-05-01,14.77,2016,5
Batangas,2016-06-01,14.295000000000002,2016,6
Batangas,2016-07-01,17.195,2016,7
Batangas,2016-08-01,16.855,2016,8
Batangas,2016-09-01,18.395,2016,9
Batangas,2016-10-01,17.89,2016,10
Batangas,2016-11-01,17.525,2016,11
Batangas,2016-12-01,17.675,2016,12
Batangas,2017-01-01,19.634999999999998,2017,1
Batangas,2017-02-01,18.195,2017,2
Batangas,2017-03-01,18.39,2017,3
Batangas,2017-04-01,17.315,2017,4
Batangas,2017-05-01,19.025,2017,5
Batangas,2017-06-01,19.475,2017,6
Batangas,2017-07-01,18.965,2017,7
Batangas,2017-08-01,18.825,2017,8
Batangas,2017-09-01,18.975,2017,9
Batangas,2017-10-01,19.35,2017,10
Batangas,2017-11-01,18.45,2017,11
Batangas,2017-12-01,18.03,2017,12
Batangas,2018-01-01,17.7,2018,1
Batangas,2018-02-01,17.55,2018,2
Batangas,2018-03-01,17.6,2018,3
Batangas,2018-04-01,15.61,2018,4
Batangas,2018-05-01,16.785,2018,5
Batangas,2018-06-01,18.439999999999998,2018,6
Batangas,2018-07-01,16.94,2018,7
Batangas,2018-08-01,17.6,2018,8
Batangas,2018-09-01,17.005000000000003,2018,9
Batangas,2018-10-01,15.945,2018,10
Batangas,2018-11-01,18.48,2018,11
Batangas,2018-12-01,16.905,2018,12
Batangas,2019-01-01,17.195,2019,1
Batangas,2019-02-01,18.295,2019,2
Batangas,2019-03-01,16.810000000000002,2019,3
Batangas,2019-04-01,17.22,2019,4
Batangas,2019-05-01,18.35,2019,5
Batangas,2019-06-01,19.52,2019,6
Batangas,2019-07-01,20.86,2019,7
Batangas,2019-08-01,17.759999999999998,2019,8
Batangas,2019-09-01,18.535,2019,9
Batangas,2019-10-01,19.86,2019,10
Batangas,2019-11-01,22.68,2019,11
Batangas,2019-12-01,20.595,2019,12
Batangas,2020-01-01,18.875,2020,1
Batangas,2020-02-01,21.25,2020,2
Batangas,2020-03-01,26.06,2020,3
Batangas,2020-04-01,26.89,2020,4
Batangas,2020-05-01,23.055,2020,5
Batangas,2020-06-01,27.79,2020,6
Batangas,2020-07-01,18.495,2020,7
Batangas,2020-08-01,22.105,2020,8
Batangas,2020-09-01,24.270000000000003,2020,9
Batangas,2020-10-01,19.985,2020,10
Batangas,2020-11-01,21.26,2020,11
Batangas,2020-12-01,23.005000000000003,2020,12
Batangas,2021-01-01,23.96,2021,1
Batangas,2021-02-01,28.0,2021,2
Batangas,2021-03-01,23.8,2021,3
Batangas,2021-04-01,26.099999999999998,2021,4
Batangas,2021-05-01,25.61,2021,5
Batangas,2021-06-01,23.665,2021,6
Batangas,2021-07-01,25.425,2021,7
Batangas,2021-08-01,24.52,2021,8
Batangas,2021-09-01,26.869999999999997,2021,9
Batangas,2021-10-01,24.59,2021,10
Batangas,2021-11-01,26.009999999999998,2021,11
Batangas,2021-12-01,24.945,2021,12
Batangas,2022-01-01,25.875,2022,1
Batangas,2022-02-01,26.43,2022,2
Batangas,2022-03-01,26.740000000000002,2022,3
Batangas,2022-04-01,23.655,2022,4
Batangas,2022-05-01,24.045,2022,5
Batangas,2022-06-01,27.735,2022,6
Batangas,2022-07-01,25.770000000000003,2022,7
Batangas,2022-08-01,26.955,2022,8
Batangas,2022-09-01,22.439999999999998,2022,9
Batangas,2022-10-01,22.82,2022,10
Batangas,2022-11-01,21.705,2022,11
Batangas,2022-12-01,21.025,2022,12
Batangas,2023-01-01,22.405,2023,1
Batangas,2023-02-01,24.775,2023,2
Batangas,2023-03-01,23.945,2023,3
Batangas,2023-04-01,23.84,2023,4
Batangas,2023-05-01,22.689999999999998,2023,5
Batangas,2023-06-01,24.235,2023,6
Batangas,2023-07-01,22.064999999999998,2023,7
Batangas,2023-08-01,23.18,2023,8
Batangas,2023-09-01,26.985,2023,9
Batangas,2023-10-01,22.075,2023,10
Batangas,2023-11-01,24.03,2023,11
Batangas,2023-12-01,25.095,2023,12
Batangas,2024-01-01,31.82,2024,1
Batangas,2024-02-01,28.529999999999998,2024,2
Batangas,2024-03-01,28.51,2024,3
Batangas,2024-04-01,18.0,2024,4
Batangas,2024-05-01,15.0,2024,5
Batangas,2024-06-01,15.0,2024,6
Batangas,2024-07-01,19.065,2024,7
Batangas,2024-08-01,21.84,2024,8
Batangas,2024-09-01,25.43,2024,9
Batangas,2024-10-01,25.805,2024,10
Batangas,2024-11-01,25.0,2024,11
Batangas,2024-12-01,30.21,2024,12
Batangas,2025-01-01,29.835,2025,1
Batangas,2025-02-01,23.564999999999998,2025,2
Batangas,2025-03-01,35.129999999999995,2025,3
Batangas,2025-04-01,36.5,2025,4
Batangas,2025-05-01,39.205,2025,5
Batangas,2025-06-01,38.67,2025,6
Batangas,2025-07-01,22.424999999999997,2025,7
Batangas,2025-08-01,28.0,2025,8
Batangas,2025-09-01,23.02,2025,9
Batangas,2025-10-01,37.17,2025,10
Batangas,2025-11-01,20.5,2025,11
Batangas,2025-12-01,20.0,2025,12
Batangas,2026-01-01,22.25,2026,1
Batangas,2026-02-01,27.95,2026,2
Batangas,2026-03-01,23.0,2026,3
Batangas,2026-04-01,25.439999999999998,2026,4
Batangas,2026-05-01,31.37,2026,5
Batangas,2026-06-01,25.605,2026,6
Batangas,2026-07-01,,2026,7
Batangas,2026-08-01,,2026,8
Batangas,2026-09-01,,2026,9
Batangas,2026-10-01,,2026,10
Batangas,2026-11-01,,2026,11
Batangas,2026-12-01,,2026,12
Cavite,2010-01-01,14.01,2010,1
Cavite,2010-02-01,14.03,2010,2
Cavite,2010-03-01,14.52,2010,3
Cavite,2010-04-01,14.7,2010,4
Cavite,2010-05-01,14.16,2010,5
Cavite,2010-06-01,14.46,2010,6
Cavite,2010-07-01,16.39,2010,7
Cavite,2010-08-01,14.32,2010,8
Cavite,2010-09-01,14.61,2010,9
Cavite,2010-10-01,14.22,2010,10
Cavite,2010-11-01,13.9,2010,11
Cavite,2010-12-01,16.48,2010,12
Cavite,2011-01-01,12.41,2011,1
Cavite,2011-02-01,12.38,2011,2
Cavite,2011-03-01,12.44,2011,3
Cavite,2011-04-01,12.49,2011,4
Cavite,2011-05-01,12.58,2011,5
Cavite,2011-06-01,18.92,2011,6
Cavite,2011-07-01,13.94,2011,7
Cavite,2011-08-01,15.22,2011,8
Cavite,2011-09-01,19.0,2011,9
Cavite,2011-10-01,9.35,2011,10
Cavite,2011-11-01,10.36,2011,11
Cavite,2011-12-01,10.98,2011,12
Cavite,2012-01-01,8.75,2012,1
Cavite,2012-02-01,9.06,2012,2
Cavite,2012-03-01,8.9,2012,3
Cavite,2012-04-01,10.0,2012,4
Cavite,2012-05-01,9.85,2012,5
Cavite,2012-06-01,10.25,2012,6
Cavite,2012-07-01,10.37,2012,7
Cavite,2012-08-01,9.04,2012,8
Cavite,2012-09-01,13.6,2012,9
Cavite,2012-10-01,10.32,2012,10
Cavite,2012-11-01,7.67,2012,11
Cavite,2012-12-01,10.6,2012,12
Cavite,2013-01-01,8.81,2013,1
Cavite,2013-02-01,8.65,2013,2
Cavite,2013-03-01,9.76,2013,3
Cavite,2013-04-01,10.28,2013,4
Cavite,2013-05-01,10.35,2013,5
Cavite,2013-06-01,7.69,2013,6
Cavite,2013-07-01,9.15,2013,7
Cavite,2013-08-01,14.18,2013,8
Cavite,2013-09-01,15.33,2013,9
Cavite,2013-10-01,21.09,2013,10
Cavite,2013-11-01,21.2,2013,11
Cavite,2013-12-01,22.27,2013,12
Cavite,2014-01-01,18.53,2014,1
Cavite,2014-02-01,23.33,2014,2
Cavite,2014-03-01,23.62,2014,3
Cavite,2014-04-01,14.29,2014,4
Cavite,2014-05-01,21.78,2014,5
Cavite,2014-06-01,22.76,2014,6
Cavite,2014-07-01,27.48,2014,7
Cavite,2014-08-01,30.0,2014,8
Cavite,2014-09-01,26.67,2014,9
Cavite,2014-10-01,30.0,2014,10
Cavite,2014-11-01,20.0,2014,11
Cavite,2014-12-01,30.0,2014,12
Cavite,2015-01-01,25.88,2015,1
Cavite,2015-02-01,21.935000000000002,2015,2
Cavite,2015-03-01,30.0,2015,3
Cavite,2015-04-01,25.07,2015,4
Cavite,2015-05-01,27.81,2015,5
Cavite,2015-06-01,25.45,2015,6
Cavite,2015-07-01,25.0,2015,7
Cavite,2015-08-01,22.9,2015,8
Cavite,2015-09-01,30.0,2015,9
Cavite,2015-10-01,11.71,2015,10
Cavite,2015-11-01,23.37,2015,11
Cavite,2015-12-01,30.82,2015,12
Cavite,2016-01-01,30.82,2016,1
Cavite,2016-02-01,30.7,2016,2
Cavite,2016-03-01,28.94,2016,3
Cavite,2016-04-01,28.94,2016,4
Cavite,2016-05-01,24.63,2016,5
Cavite,2016-06-01,22.65,2016,6
Cavite,2016-07-01,29.22,2016,7
Cavite,2016-08-01,22.87,2016,8
Cavite,2016-09-01,19.67,2016,9
Cavite,2016-10-01,27.74,2016,10
Cavite,2016-11-01,18.105,2016,11
Cavite,2016-12-01,18.655,2016,12
Cavite,2017-01-01,23.56,2017,1
Cavite,2017-02-01,22.21,2017,2
Cavite,2017-03-01,24.3,2017,3
Cavite,2017-04-01,21.17,2017,4
Cavite,2017-05-01,23.78,2017,5
Cavite,2017-06-01,23.52,2017,6
Cavite,2017-07-01,21.28,2017,7
Cavite,2017-08-01,22.07,2017,8
Cavite,2017-09-01,23.22,2017,9
Cavite,2017-10-01,21.66,2017,10
Cavite,2017-11-01,22.41,2017,11
Cavite,2017-12-01,22.86,2017,12
Cavite,2018-01-01,22.32,2018,1
Cavite,2018-02-01,24.74,2018,2
Cavite,2018-03-01,23.93,2018,3
Cavite,2018-04-01,22.24,2018,4
Cavite,2018-05-01,23.47,2018,5
Cavite,2018-06-01,23.96,2018,6
Cavite,2018-07-01,22.91,2018,7
Cavite,2018-08-01,24.16,2018,8
Cavite,2018-09-01,23.44,2018,9
Cavite,2018-10-01,23.37,2018,10
Cavite,2018-11-01,21.91,2018,11
Cavite,2018-12-01,23.68,2018,12
Cavite,2019-01-01,22.35,2019,1
Cavite,2019-02-01,21.91,2019,2
Cavite,2019-03-01,24.35,2019,3
Cavite,2019-04-01,27.32,2019,4
Cavite,2019-05-01,25.43,2019,5
Cavite,2019-06-01,24.05,2019,6
Cavite,2019-07-01,24.33,2019,7
Cavite,2019-08-01,27.48,2019,8
Cavite,2019-09-01,24.12,2019,9
Cavite,2019-10-01,22.74,2019,10
Cavite,2019-11-01,25.62,2019,11
Cavite,2019-12-01,24.92,2019,12
Cavite,2020-01-01,23.2,2020,1
Cavite,2020-02-01,25.46,2020,2
Cavite,2020-03-01,26.43,2020,3
Cavite,2020-04-01,29.0,2020,4
Cavite,2020-05-01,36.96,2020,5
Cavite,2020-06-01,28.08,2020,6
Cavite,2020-07-01,29.54,2020,7
Cavite,2020-08-01,26.2,2020,8
Cavite,2020-09-01,29.61,2020,9
Cavite,2020-10-01,28.49,2020,10
Cavite,2020-11-01,32.91,2020,11
Cavite,2020-12-01,29.43,2020,12
Cavite,2021-01-01,28.81,2021,1
Cavite,2021-02-01,34.3,2021,2
Cavite,2021-03-01,32.33,2021,3
Cavite,2021-04-01,32.07,2021,4
Cavite,2021-05-01,31.51,2021,5
Cavite,2021-06-01,29.49,2021,6
Cavite,2021-07-01,29.96,2021,7
Cavite,2021-08-01,30.57,2021,8
Cavite,2021-09-01,28.47,2021,9
Cavite,2021-10-01,27.86,2021,10
Cavite,2021-11-01,26.15,2021,11
Cavite,2021-12-01,24.07,2021,12
Cavite,2022-01-01,30.41,2022,1
Cavite,2022-02-01,25.32,2022,2
Cavite,2022-03-01,28.84,2022,3
Cavite,2022-04-01,27.96,2022,4
Cavite,2022-05-01,27.25,2022,5
Cavite,2022-06-01,30.4,2022,6
Cavite,2022-07-01,27.61,2022,7
Cavite,2022-08-01,27.13,2022,8
Cavite,2022-09-01,27.47,2022,9
Cavite,2022-10-01,21.73,2022,10
Cavite,2022-11-01,25.1,2022,11
Cavite,2022-12-01,26.36,2022,12
Cavite,2023-01-01,30.58,2023,1
Cavite,2023-02-01,25.04,2023,2
Cavite,2023-03-01,25.72,2023,3
Cavite,2023-04-01,26.8,2023,4
Cavite,2023-05-01,27.9,2023,5
Cavite,2023-06-01,31.14,2023,6
Cavite,2023-07-01,37.56,2023,7
Cavite,2023-08-01,31.21,2023,8
Cavite,2023-09-01,30.18,2023,9
Cavite,2023-10-01,22.6,2023,10
Cavite,2023-11-01,29.46,2023,11
Cavite,2023-12-01,25.62,2023,12
Cavite,2024-01-01,26.314999999999998,2024,1
Cavite,2024-02-01,25.265,2024,2
Cavite,2024-03-01,24.369999999999997,2024,3
Cavite,2024-04-01,31.79,2024,4
Cavite,2024-05-01,41.84,2024,5
Cavite,2024-06-01,29.16,2024,6
Cavite,2024-07-01,30.03,2024,7
Cavite,2024-08-01,30.775,2024,8
Cavite,2024-09-01,32.37,2024,9
Cavite,2024-10-01,24.975,2024,10
Cavite,2024-11-01,29.415,2024,11
Cavite,2024-12-01,29.195,2024,12
Cavite,2025-01-01,25.924999999999997,2025,1
Cavite,2025-02-01,42.965,2025,2
Cavite,2025-03-01,25.97,2025,3
Cavite,2025-04-01,23.165,2025,4
Cavite,2025-05-01,24.055,2025,5
Cavite,2025-06-01,22.14,2025,6
Cavite,2025-07-01,25.175,2025,7
Cavite,2025-08-01,34.56,2025,8
Cavite,2025-09-01,32.97,2025,9
Cavite,2025-10-01,36.195,2025,10
Cavite,2025-11-01,31.41,2025,11
Cavite,2025-12-01,38.615,2025,12
Cavite,2026-01-01,25.33,2026,1
Cavite,2026-02-01,25.4,2026,2
Cavite,2026-03-01,25.725,2026,3
Cavite,2026-04-01,25.89,2026,4
Cavite,2026-05-01,27.085,2026,5
Cavite,2026-06-01,26.155,2026,6
Cavite,2026-07-01,,2026,7
Cavite,2026-08-01,,2026,8
Cavite,2026-09-01,,2026,9
Cavite,2026-10-01,,2026,10
Cavite,2026-11-01,,2026,11
Cavite,2026-12-01,,2026,12
Laguna,2010-01-01,13.98,2010,1
Laguna,2010-02-01,13.32,2010,2
Laguna,2010-03-01,13.88,2010,3
Laguna,2010-04-01,12.29,2010,4
Laguna,2010-05-01,12.35,2010,5
Laguna,2010-06-01,12.79,2010,6
Laguna,2010-07-01,12.73,2010,7
Laguna,2010-08-01,14.08,2010,8
Laguna,2010-09-01,14.14,2010,9
Laguna,2010-10-01,12.91,2010,10
Laguna,2010-11-01,13.02,2010,11
Laguna,2010-12-01,12.89,2010,12
Laguna,2011-01-01,14.17,2011,1
Laguna,2011-02-01,13.01,2011,2
Laguna,2011-03-01,13.5,2011,3
Laguna,2011-04-01,13.88,2011,4
Laguna,2011-05-01,13.9,2011,5
Laguna,2011-06-01,14.42,2011,6
Laguna,2011-07-01,14.47,2011,7
Laguna,2011-08-01,14.6,2011,8
Laguna,2011-09-01,14.61,2011,9
Laguna,2011-10-01,13.64,2011,10
Laguna,2011-11-01,13.02,2011,11
Laguna,2011-12-01,12.56,2011,12
Laguna,2012-01-01,13.43,2012,1
Laguna,2012-02-01,13.73,2012,2
Laguna,2012-03-01,13.1,2012,3
Laguna,2012-04-01,13.06,2012,4
Laguna,2012-05-01,13.41,2012,5
Laguna,2012-06-01,11.59,2012,6
Laguna,2012-07-01,12.19,2012,7
Laguna,2012-08-01,12.94,2012,8
Laguna,2012-09-01,13.52,2012,9
Laguna,2012-10-01,12.46,2012,10
Laguna,2012-11-01,13.78,2012,11
Laguna,2012-12-01,14.44,2012,12
Laguna,2013-01-01,13.03,2013,1
Laguna,2013-02-01,12.95,2013,2
Laguna,2013-03-01,12.7,2013,3
Laguna,2013-04-01,12.95,2013,4
Laguna,2013-05-01,14.51,2013,5
Laguna,2013-06-01,12.46,2013,6
Laguna,2013-07-01,12.99,2013,7
Laguna,2013-08-01,12.55,2013,8
Laguna,2013-09-01,13.41,2013,9
Laguna,2013-10-01,13.78,2013,10
Laguna,2013-11-01,13.27,2013,11
Laguna,2013-12-01,13.43,2013,12
Laguna,2014-01-01,13.99,2014,1
Laguna,2014-02-01,13.87,2014,2
Laguna,2014-03-01,13.88,2014,3
Laguna,2014-04-01,13.64,2014,4
Laguna,2014-05-01,14.32,2014,5
Laguna,2014-06-01,14.28,2014,6
Laguna,2014-07-01,13.98,2014,7
Laguna,2014-08-01,15.96,2014,8
Laguna,2014-09-01,16.61,2014,9
Laguna,2014-10-01,16.58,2014,10
Laguna,2014-11-01,17.4,2014,11
Laguna,2014-12-01,17.11,2014,12
Laguna,2015-01-01,18.6,2015,1
Laguna,2015-02-01,16.7,2015,2
Laguna,2015-03-01,15.98,2015,3
Laguna,2015-04-01,18.4,2015,4
Laguna,2015-05-01,17.33,2015,5
Laguna,2015-06-01,16.85,2015,6
Laguna,2015-07-01,15.6,2015,7
Laguna,2015-08-01,15.89,2015,8
Laguna,2015-09-01,14.88,2015,9
Laguna,2015-10-01,15.27,2015,10
Laguna,2015-11-01,14.23,2015,11
Laguna,2015-12-01,14.51,2015,12
Laguna,2016-01-01,14.5,2016,1
Laguna,2016-02-01,15.3,2016,2
Laguna,2016-03-01,13.65,2016,3
Laguna,2016-04-01,15.17,2016,4
Laguna,2016-05-01,15.96,2016,5
Laguna,2016-06-01,18.07,2016,6
Laguna,2016-07-01,16.21,2016,7
Laguna,2016-08-01,15.5,2016,8
Laguna,2016-09-01,16.3,2016,9
Laguna,2016-10-01,14.83,2016,10
Laguna,2016-11-01,15.71,2016,11
Laguna,2016-12-01,15.94,2016,12
Laguna,2017-01-01,17.44,2017,1
Laguna,2017-02-01,18.11,2017,2
Laguna,2017-03-01,16.73,2017,3
Laguna,2017-04-01,17.73,2017,4
Laguna,2017-05-01,18.8,2017,5
Laguna,2017-06-01,20.8,2017,6
Laguna,2017-07-01,19.31,2017,7
Laguna,2017-08-01,16.64,2017,8
Laguna,2017-09-01,16.76,2017,9
Laguna,2017-10-01,17.04,2017,10
Laguna,2017-11-01,16.25,2017,11
Laguna,2017-12-01,18.33,2017,12
Laguna,2018-01-01,15.61,2018,1
Laguna,2018-02-01,17.95,2018,2
Laguna,2018-03-01,17.34,2018,3
Laguna,2018-04-01,17.7,2018,4
Laguna,2018-05-01,16.36,2018,5
Laguna,2018-06-01,18.14,2018,6
Laguna,2018-07-01,19.07,2018,7
Laguna,2018-08-01,18.96,2018,8
Laguna,2018-09-01,20.69,2018,9
Laguna,2018-10-01,18.81,2018,10
Laguna,2018-11-01,18.79,2018,11
Laguna,2018-12-01,20.12,2018,12
Laguna,2019-01-01,20.97,2019,1
Laguna,2019-02-01,20.8,2019,2
Laguna,2019-03-01,17.71,2019,3
Laguna,2019-04-01,20.66,2019,4
Laguna,2019-05-01,19.47,2019,5
Laguna,2019-06-01,19.48,2019,6
Laguna,2019-07-01,21.42,2019,7
Laguna,2019-08-01,19.38,2019,8
Laguna,2019-09-01,20.26,2019,9
Laguna,2019-10-01,21.31,2019,10
Laguna,2019-11-01,21.75,2019,11
Laguna,2019-12-01,19.28,2019,12
Laguna,2020-01-01,27.34,2020,1
Laguna,2020-02-01,20.52,2020,2
Laguna,2020-03-01,14.09,2020,3
Laguna,2020-04-01,23.72,2020,4
Laguna,2020-05-01,25.63,2020,5
Laguna,2020-06-01,26.34,2020,6
Laguna,2020-07-01,23.64,2020,7
Laguna,2020-08-01,29.71,2020,8
Laguna,2020-09-01,30.25,2020,9
Laguna,2020-10-01,27.85,2020,10
Laguna,2020-11-01,25.82,2020,11
Laguna,2020-12-01,27.61,2020,12
Laguna,2021-01-01,28.81,2021,1
Laguna,2021-02-01,28.87,2021,2
Laguna,2021-03-01,26.77,2021,3
Laguna,2021-04-01,31.71,2021,4
Laguna,2021-05-01,31.56,2021,5
Laguna,2021-06-01,32.88,2021,6
Laguna,2021-07-01,29.24,2021,7
Laguna,2021-08-01,29.39,2021,8
Laguna,2021-09-01,28.46,2021,9
Laguna,2021-10-01,28.13,2021,10
Laguna,2021-11-01,26.5,2021,11
Laguna,2021-12-01,27.43,2021,12
Laguna,2022-01-01,25.26,2022,1
Laguna,2022-02-01,24.75,2022,2
Laguna,2022-03-01,24.32,2022,3
Laguna,2022-04-01,24.98,2022,4
Laguna,2022-05-01,27.9,2022,5
Laguna,2022-06-01,24.15,2022,6
Laguna,2022-07-01,22.29,2022,7
Laguna,2022-08-01,23.31,2022,8
Laguna,2022-09-01,23.58,2022,9
Laguna,2022-10-01,24.84,2022,10
Laguna,2022-11-01,26.11,2022,11
Laguna,2022-12-01,28.13,2022,12
Laguna,2023-01-01,29.24,2023,1
Laguna,2023-02-01,27.3,2023,2
Laguna,2023-03-01,28.95,2023,3
Laguna,2023-04-01,27.56,2023,4
Laguna,2023-05-01,26.35,2023,5
Laguna,2023-06-01,28.74,2023,6
Laguna,2023-07-01,28.63,2023,7
Laguna,2023-08-01,25.71,2023,8
Laguna,2023-09-01,26.64,2023,9
Laguna,2023-10-01,27.47,2023,10
Laguna,2023-11-01,25.34,2023,11
Laguna,2023-12-01,25.32,2023,12
Laguna,2024-01-01,25.55,2024,1
Laguna,2024-02-01,23.65,2024,2
Laguna,2024-03-01,27.91,2024,3
Laguna,2024-04-01,35.53,2024,4
Laguna,2024-05-01,31.835,2024,5
Laguna,2024-06-01,31.29,2024,6
Laguna,2024-07-01,38.36,2024,7
Laguna,2024-08-01,29.58,2024,8
Laguna,2024-09-01,24.244999999999997,2024,9
Laguna,2024-10-01,26.28,2024,10
Laguna,2024-11-01,22.9,2024,11
Laguna,2024-12-01,28.740000000000002,2024,12
Laguna,2025-01-01,35.09,2025,1
Laguna,2025-02-01,32.8,2025,2
Laguna,2025-03-01,27.77,2025,3
Laguna,2025-04-01,20.0,2025,4
Laguna,2025-05-01,20.0,2025,5
Laguna,2025-06-01,25.795,2025,6
Laguna,2025-07-01,26.46,2025,7
Laguna,2025-08-01,28.455,2025,8
Laguna,2025-09-01,22.84,2025,9
Laguna,2025-10-01,27.1,2025,10
Laguna,2025-11-01,22.729999999999997,2025,11
Laguna,2025-12-01,22.85,2025,12
Laguna,2026-01-01,25.14,2026,1
Laguna,2026-02-01,20.73,2026,2
Laguna,2026-03-01,24.924999999999997,2026,3
Laguna,2026-04-01,33.925,2026,4
Laguna,2026-05-01,34.74,2026,5
Laguna,2026-06-01,28.155,2026,6
Laguna,2026-07-01,,2026,7
Laguna,2026-08-01,,2026,8
Laguna,2026-09-01,,2026,9
Laguna,2026-10-01,,2026,10
Laguna,2026-11-01,,2026,11
Laguna,2026-12-01,,2026,12
Quezon,2010-01-01,7.6049999999999995,2010,1
Quezon,2010-02-01,8.135,2010,2
Quezon,2010-03-01,7.6,2010,3
Quezon,2010-04-01,7.744999999999999,2010,4
Quezon,2010-05-01,7.72,2010,5
Quezon,2010-06-01,7.3,2010,6
Quezon,2010-07-01,9.265,2010,7
Quezon,2010-08-01,9.47,2010,8
Quezon,2010-09-01,8.975,2010,9
Quezon,2010-10-01,9.105,2010,10
Quezon,2010-11-01,9.364999999999998,2010,11
Quezon,2010-12-01,9.025,2010,12
Quezon,2011-01-01,9.399999999999999,2011,1
Quezon,2011-02-01,9.55,2011,2
Quezon,2011-03-01,9.295,2011,3
Quezon,2011-04-01,9.725,2011,4
Quezon,2011-05-01,9.765,2011,5
Quezon,2011-06-01,9.125,2011,6
Quezon,2011-07-01,8.105,2011,7
Quezon,2011-08-01,8.254999999999999,2011,8
Quezon,2011-09-01,8.59,2011,9
Quezon,2011-10-01,9.004999999999999,2011,10
Quezon,2011-11-01,8.98,2011,11
Quezon,2011-12-01,8.845,2011,12
Quezon,2012-01-01,8.565,2012,1
Quezon,2012-02-01,9.235,2012,2
Quezon,2012-03-01,9.100000000000001,2012,3
Quezon,2012-04-01,8.815,2012,4
Quezon,2012-05-01,10.465,2012,5
Quezon,2012-06-01,10.440000000000001,2012,6
Quezon,2012-07-01,11.094999999999999,2012,7
Quezon,2012-08-01,11.0,2012,8
Quezon,2012-09-01,9.92,2012,9
Quezon,2012-10-01,10.129999999999999,2012,10
Quezon,2012-11-01,9.625,2012,11
Quezon,2012-12-01,9.745000000000001,2012,12
Quezon,2013-01-01,10.405000000000001,2013,1
Quezon,2013-02-01,9.585,2013,2
Quezon,2013-03-01,10.11,2013,3
Quezon,2013-04-01,9.71,2013,4
Quezon,2013-05-01,10.035,2013,5
Quezon,2013-06-01,10.11,2013,6
Quezon,2013-07-01,9.99,2013,7
Quezon,2013-08-01,10.775,2013,8
Quezon,2013-09-01,10.3,2013,9
Quezon,2013-10-01,9.555,2013,10
Quezon,2013-11-01,11.37,2013,11
Quezon,2013-12-01,10.58,2013,12
Quezon,2014-01-01,11.075,2014,1
Quezon,2014-02-01,12.195,2014,2
Quezon,2014-03-01,11.14,2014,3
Quezon,2014-04-01,13.625,2014,4
Quezon,2014-05-01,13.754999999999999,2014,5
Quezon,2014-06-01,13.76,2014,6
Quezon,2014-07-01,13.5,2014,7
Quezon,2014-08-01,20.525,2014,8
Quezon,2014-09-01,20.66,2014,9
Quezon,2014-10-01,16.845,2014,10
Quezon,2014-11-01,13.715,2014,11
Quezon,2014-12-01,14.205,2014,12
Quezon,2015-01-01,16.939999999999998,2015,1
Quezon,2015-02-01,18.189999999999998,2015,2
Quezon,2015-03-01,20.835,2015,3
Quezon,2015-04-01,17.695,2015,4
Quezon,2015-05-01,14.435,2015,5
Quezon,2015-06-01,14.975,2015,6
Quezon,2015-07-01,13.4,2015,7
Quezon,2015-08-01,16.41,2015,8
Quezon,2015-09-01,14.64,2015,9
Quezon,2015-10-01,14.504999999999999,2015,10
Quezon,2015-11-01,12.5,2015,11
Quezon,2015-12-01,14.415,2015,12
Quezon,2016-01-01,14.625,2016,1
Quezon,2016-02-01,14.095,2016,2
Quezon,2016-03-01,15.29,2016,3
Quezon,2016-04-01,14.399999999999999,2016,4
Quezon,2016-05-01,18.37,2016,5
Quezon,2016-06-01,17.04,2016,6
Quezon,2016-07-01,15.265,2016,7
Quezon,2016-08-01,16.169999999999998,2016,8
Quezon,2016-09-01,16.175,2016,9
Quezon,2016-10-01,15.535,2016,10
Quezon,2016-11-01,16.575,2016,11
Quezon,2016-12-01,16.19,2016,12
Quezon,2017-01-01,15.88,2017,1
Quezon,2017-02-01,16.62,2017,2
Quezon,2017-03-01,17.775,2017,3
Quezon,2017-04-01,16.815,2017,4
Quezon,2017-05-01,17.189999999999998,2017,5
Quezon,2017-06-01,17.53,2017,6
Quezon,2017-07-01,17.21,2017,7
Quezon,2017-08-01,13.75,2017,8
Quezon,2017-09-01,17.6,2017,9
Quezon,2017-10-01,17.335,2017,10
Quezon,2017-11-01,16.865000000000002,2017,11
Quezon,2017-12-01,17.15,2017,12
Quezon,2018-01-01,15.795000000000002,2018,1
Quezon,2018-02-01,16.04,2018,2
Quezon,2018-03-01,16.07,2018,3
Quezon,2018-04-01,15.364999999999998,2018,4
Quezon,2018-05-01,15.309999999999999,2018,5
Quezon,2018-06-01,15.185,2018,6
Quezon,2018-07-01,13.259999999999998,2018,7
Quezon,2018-08-01,13.22,2018,8
Quezon,2018-09-01,14.329999999999998,2018,9
Quezon,2018-10-01,14.885000000000002,2018,10
Quezon,2018-11-01,13.675,2018,11
Quezon,2018-12-01,13.805,2018,12
Quezon,2019-01-01,15.385,2019,1
Quezon,2019-02-01,14.975,2019,2
Quezon,2019-03-01,15.419999999999998,2019,3
Quezon,2019-04-01,16.25,2019,4
Quezon,2019-05-01,15.575000000000001,2019,5
Quezon,2019-06-01,16.535,2019,6
Quezon,2019-07-01,16.29,2019,7
Quezon,2019-08-01,14.350000000000001,2019,8
Quezon,2019-09-01,13.899999999999999,2019,9
Quezon,2019-10-01,16.455,2019,10
Quezon,2019-11-01,16.73,2019,11
Quezon,2019-12-01,16.33,2019,12
Quezon,2020-01-01,17.76,2020,1
Quezon,2020-02-01,20.11,2020,2
Quezon,2020-03-01,22.5,2020,3
Quezon,2020-04-01,21.0,2020,4
Quezon,2020-05-01,27.644999999999996,2020,5
Quezon,2020-06-01,27.35,2020,6
Quezon,2020-07-01,23.475,2020,7
Quezon,2020-08-01,24.68,2020,8
Quezon,2020-09-01,25.465,2020,9
Quezon,2020-10-01,22.365000000000002,2020,10
Quezon,2020-11-01,22.42,2020,11
Quezon,2020-12-01,22.155,2020,12
Quezon,2021-01-01,24.78,2021,1
Quezon,2021-02-01,21.97,2021,2
Quezon,2021-03-01,24.115000000000002,2021,3
Quezon,2021-04-01,25.14,2021,4
Quezon,2021-05-01,19.015,2021,5
Quezon,2021-06-01,20.155,2021,6
Quezon,2021-07-01,17.54,2021,7
Quezon,2021-08-01,17.990000000000002,2021,8
Quezon,2021-09-01,18.84,2021,9
Quezon,2021-10-01,16.71,2021,10
Quezon,2021-11-01,16.29,2021,11
Quezon,2021-12-01,17.23,2021,12
Quezon,2022-01-01,16.265,2022,1
Quezon,2022-02-01,16.384999999999998,2022,2
Quezon,2022-03-01,15.295000000000002,2022,3
Quezon,2022-04-01,12.7,2022,4
Quezon,2022-05-01,10.915,2022,5
Quezon,2022-06-01,10.254999999999999,2022,6
Quezon,2022-07-01,9.645,2022,7
Quezon,2022-08-01,9.625,2022,8
Quezon,2022-09-01,11.765,2022,9
Quezon,2022-10-01,10.545,2022,10
Quezon,2022-11-01,11.23,2022,11
Quezon,2022-12-01,12.29,2022,12
Quezon,2023-01-01,12.555,2023,1
Quezon,2023-02-01,14.625,2023,2
Quezon,2023-03-01,14.9,2023,3
Quezon,2023-04-01,15.41,2023,4
Quezon,2023-05-01,15.015,2023,5
Quezon,2023-06-01,14.005,2023,6
Quezon,2023-07-01,12.045,2023,7
Quezon,2023-08-01,14.489999999999998,2023,8
Quezon,2023-09-01,13.33,2023,9
Quezon,2023-10-01,12.370000000000001,2023,10
Quezon,2023-11-01,12.41,2023,11
Quezon,2023-12-01,12.565000000000001,2023,12
Quezon,2024-01-01,19.09,2024,1
Quezon,2024-02-01,16.53,2024,2
Quezon,2024-03-01,12.0,2024,3
Quezon,2024-04-01,31.79,2024,4
Quezon,2024-05-01,45.92,2024,5
Quezon,2024-06-01,29.16,2024,6
Quezon,2024-07-01,16.59,2024,7
Quezon,2024-08-01,22.2,2024,8
Quezon,2024-09-01,18.05,2024,9
Quezon,2024-10-01,24.24,2024,10
Quezon,2024-11-01,16.41,2024,11
Quezon,2024-12-01,24.335,2024,12
Quezon,2025-01-01,18.315,2025,1
Quezon,2025-02-01,25.685000000000002,2025,2
Quezon,2025-03-01,21.715,2025,3
Quezon,2025-04-01,26.32,2025,4
Quezon,2025-05-01,18.79,2025,5
Quezon,2025-06-01,23.814999999999998,2025,6
Quezon,2025-07-01,25.76,2025,7
Quezon,2025-08-01,25.68,2025,8
Quezon,2025-09-01,20.97,2025,9
Quezon,2025-10-01,36.5,2025,10
Quezon,2025-11-01,33.63,2025,11
Quezon,2025-12-01,15.76,2025,12
Quezon,2026-01-01,20.09,2026,1
Quezon,2026-02-01,20.56,2026,2
Quezon,2026-03-01,20.44,2026,3
Quezon,2026-04-01,22.975,2026,4
Quezon,2026-05-01,19.975,2026,5
Quezon,2026-06-01,28.799999999999997,2026,6
Quezon,2026-07-01,,2026,7
Quezon,2026-08-01,,2026,8
Quezon,2026-09-01,,2026,9
Quezon,2026-10-01,,2026,10
Quezon,2026-11-01,,2026,11
Quezon,2026-12-01,,2026,12
Rizal,2010-01-01,12.504999999999999,2010,1
Rizal,2010-02-01,11.605,2010,2
Rizal,2010-03-01,11.325,2010,3
Rizal,2010-04-01,11.325,2010,4
Rizal,2010-05-01,11.07,2010,5
Rizal,2010-06-01,11.08,2010,6
Rizal,2010-07-01,11.935,2010,7
Rizal,2010-08-01,11.6,2010,8
Rizal,2010-09-01,12.415,2010,9
Rizal,2010-10-01,12.719999999999999,2010,10
Rizal,2010-11-01,13.059999999999999,2010,11
Rizal,2010-12-01,13.21,2010,12
Rizal,2011-01-01,12.594999999999999,2011,1
Rizal,2011-02-01,12.620000000000001,2011,2
Rizal,2011-03-01,12.594999999999999,2011,3
Rizal,2011-04-01,12.34,2011,4
Rizal,2011-05-01,12.49,2011,5
Rizal,2011-06-01,12.84,2011,6
Rizal,2011-07-01,11.535,2011,7
Rizal,2011-08-01,11.195,2011,8
Rizal,2011-09-01,10.82,2011,9
Rizal,2011-10-01,10.035,2011,10
Rizal,2011-11-01,10.045,2011,11
Rizal,2011-12-01,10.07,2011,12
Rizal,2012-01-01,9.865,2012,1
Rizal,2012-02-01,9.85,2012,2
Rizal,2012-03-01,9.615,2012,3
Rizal,2012-04-01,9.6,2012,4
Rizal,2012-05-01,9.440000000000001,2012,5
Rizal,2012-06-01,10.05,2012,6
Rizal,2012-07-01,10.05,2012,7
Rizal,2012-08-01,11.205,2012,8
Rizal,2012-09-01,11.455,2012,9
Rizal,2012-10-01,11.024999999999999,2012,10
Rizal,2012-11-01,10.59,2012,11
Rizal,2012-12-01,10.45,2012,12
Rizal,2013-01-01,10.635,2013,1
Rizal,2013-02-01,9.65,2013,2
Rizal,2013-03-01,9.780000000000001,2013,3
Rizal,2013-04-01,10.045,2013,4
Rizal,2013-05-01,9.715,2013,5
Rizal,2013-06-01,10.11,2013,6
Rizal,2013-07-01,10.129999999999999,2013,7
Rizal,2013-08-01,10.65,2013,8
Rizal,2013-09-01,10.780000000000001,2013,9
Rizal,2013-10-01,10.765,2013,10
Rizal,2013-11-01,10.505,2013,11
Rizal,2013-12-01,10.545,2013,12
Rizal,2014-01-01,10.625,2014,1
Rizal,2014-02-01,11.075,2014,2
Rizal,2014-03-01,11.49,2014,3
Rizal,2014-04-01,13.12,2014,4
Rizal,2014-05-01,13.940000000000001,2014,5
Rizal,2014-06-01,14.11,2014,6
Rizal,2014-07-01,15.035,2014,7
Rizal,2014-08-01,15.834999999999999,2014,8
Rizal,2014-09-01,15.585,2014,9
Rizal,2014-10-01,16.72,2014,10
Rizal,2014-11-01,17.415,2014,11
Rizal,2014-12-01,17.42,2014,12
Rizal,2015-01-01,18.0,2015,1
Rizal,2015-02-01,16.67,2015,2
Rizal,2015-03-01,14.695,2015,3
Rizal,2015-04-01,14.82,2015,4
Rizal,2015-05-01,15.575,2015,5
Rizal,2015-06-01,16.545,2015,6
Rizal,2015-07-01,14.059999999999999,2015,7
Rizal,2015-08-01,12.58,2015,8
Rizal,2015-09-01,13.21,2015,9
Rizal,2015-10-01,14.955,2015,10
Rizal,2015-11-01,15.88,2015,11
Rizal,2015-12-01,15.88,2015,12
Rizal,2016-01-01,10.635,2016,1
Rizal,2016-02-01,19.27,2016,2
Rizal,2016-03-01,12.31,2016,3
Rizal,2016-04-01,16.175,2016,4
Rizal,2016-05-01,18.8,2016,5
Rizal,2016-06-01,15.16,2016,6
Rizal,2016-07-01,13.835,2016,7
Rizal,2016-08-01,15.594999999999999,2016,8
Rizal,2016-09-01,15.825000000000001,2016,9
Rizal,2016-10-01,16.87,2016,10
Rizal,2016-11-01,15.204999999999998,2016,11
Rizal,2016-12-01,15.275,2016,12
Rizal,2017-01-01,16.544999999999998,2017,1
Rizal,2017-02-01,19.740000000000002,2017,2
Rizal,2017-03-01,19.244999999999997,2017,3
Rizal,2017-04-01,17.835,2017,4
Rizal,2017-05-01,16.439999999999998,2017,5
Rizal,2017-06-01,17.064999999999998,2017,6
Rizal,2017-07-01,16.4,2017,7
Rizal,2017-08-01,13.705,2017,8
Rizal,2017-09-01,15.895,2017,9
Rizal,2017-10-01,14.845,2017,10
Rizal,2017-11-01,14.915,2017,11
Rizal,2017-12-01,15.115,2017,12
Rizal,2018-01-01,18.39,2018,1
Rizal,2018-02-01,16.865000000000002,2018,2
Rizal,2018-03-01,16.75,2018,3
Rizal,2018-04-01,17.03,2018,4
Rizal,2018-05-01,15.875,2018,5
Rizal,2018-06-01,16.835,2018,6
Rizal,2018-07-01,15.864999999999998,2018,7
Rizal,2018-08-01,15.085,2018,8
Rizal,2018-09-01,15.455000000000002,2018,9
Rizal,2018-10-01,14.56,2018,10
Rizal,2018-11-01,14.39,2018,11
Rizal,2018-12-01,14.08,2018,12
Rizal,2019-01-01,17.05,2019,1
Rizal,2019-02-01,15.864999999999998,2019,2
Rizal,2019-03-01,15.670000000000002,2019,3
Rizal,2019-04-01,17.095,2019,4
Rizal,2019-05-01,13.585,2019,5
Rizal,2019-06-01,15.96,2019,6
Rizal,2019-07-01,16.22,2019,7
Rizal,2019-08-01,15.54,2019,8
Rizal,2019-09-01,15.69,2019,9
Rizal,2019-10-01,14.830000000000002,2019,10
Rizal,2019-11-01,16.705000000000002,2019,11
Rizal,2019-12-01,13.475000000000001,2019,12
Rizal,2020-01-01,15.93,2020,1
Rizal,2020-02-01,15.615,2020,2
Rizal,2020-03-01,15.925,2020,3
Rizal,2020-04-01,16.61,2020,4
Rizal,2020-05-01,20.325000000000003,2020,5
Rizal,2020-06-01,21.525,2020,6
Rizal,2020-07-01,21.045,2020,7
Rizal,2020-08-01,21.405,2020,8
Rizal,2020-09-01,20.299999999999997,2020,9
Rizal,2020-10-01,21.895,2020,10
Rizal,2020-11-01,19.884999999999998,2020,11
Rizal,2020-12-01,22.96,2020,12
Rizal,2021-01-01,21.75,2021,1
Rizal,2021-02-01,23.53,2021,2
Rizal,2021-03-01,21.775,2021,3
Rizal,2021-04-01,21.27,2021,4
Rizal,2021-05-01,23.035,2021,5
Rizal,2021-06-01,22.905,2021,6
Rizal,2021-07-01,21.135,2021,7
Rizal,2021-08-01,21.375,2021,8
Rizal,2021-09-01,21.505000000000003,2021,9
Rizal,2021-10-01,22.085,2021,10
Rizal,2021-11-01,22.759999999999998,2021,11
Rizal,2021-12-01,21.92,2021,12
Rizal,2022-01-01,19.775,2022,1
Rizal,2022-02-01,22.064999999999998,2022,2
Rizal,2022-03-01,19.299999999999997,2022,3
Rizal,2022-04-01,20.54,2022,4
Rizal,2022-05-01,22.705,2022,5
Rizal,2022-06-01,22.189999999999998,2022,6
Rizal,2022-07-01,19.285,2022,7
Rizal,2022-08-01,19.965,2022,8
Rizal,2022-09-01,20.83,2022,9
Rizal,2022-10-01,18.935,2022,10
Rizal,2022-11-01,20.705,2022,11
Rizal,2022-12-01,19.8,2022,12
Rizal,2023-01-01,19.645,2023,1
Rizal,2023-02-01,19.595,2023,2
Rizal,2023-03-01,21.785,2023,3
Rizal,2023-04-01,19.11,2023,4
Rizal,2023-05-01,20.855,2023,5
Rizal,2023-06-01,20.495,2023,6
Rizal,2023-07-01,20.08,2023,7
Rizal,2023-08-01,20.925,2023,8
Rizal,2023-09-01,19.25,2023,9
Rizal,2023-10-01,19.015,2023,10
Rizal,2023-11-01,18.805,2023,11
Rizal,2023-12-01,19.44,2023,12
Rizal,2024-01-01,22.02,2024,1
Rizal,2024-02-01,18.44,2024,2
Rizal,2024-03-01,21.68,2024,3
Rizal,2024-04-01,28.0,2024,4
Rizal,2024-05-01,28.0,2024,5
Rizal,2024-06-01,25.0,2024,6
Rizal,2024-07-01,22.5,2024,7
Rizal,2024-08-01,25.0,2024,8
Rizal,2024-09-01,27.384999999999998,2024,9
Rizal,2024-10-01,28.33,2024,10
Rizal,2024-11-01,17.895,2024,11
Rizal,2024-12-01,17.5,2024,12
Rizal,2025-01-01,23.88,2025,1
Rizal,2025-02-01,24.54,2025,2
Rizal,2025-03-01,24.07,2025,3
Rizal,2025-04-01,21.215,2025,4
Rizal,2025-05-01,21.745,2025,5
Rizal,2025-06-01,15.9,2025,6
Rizal,2025-07-01,20.49,2025,7
Rizal,2025-08-01,23.83,2025,8
Rizal,2025-09-01,24.34,2025,9
Rizal,2025-10-01,22.75,2025,10
Rizal,2025-11-01,22.86,2025,11
Rizal,2025-12-01,21.06,2025,12
Rizal,2026-01-01,25.0,2026,1
Rizal,2026-02-01,25.46,2026,2
Rizal,2026-03-01,21.97,2026,3
Rizal,2026-04-01,20.0,2026,4
Rizal,2026-05-01,20.0,2026,5
Rizal,2026-06-01,20.0,2026,6
Rizal,2026-07-01,,2026,7
Rizal,2026-08-01,,2026,8
Rizal,2026-09-01,,2026,9
Rizal,2026-10-01,,2026,10
Rizal,2026-11-01,,2026,11
Rizal,2026-12-01,,2026,12
