date,economic_activity_index
2021-01-01,93.26010081878205
2021-04-01,98.4806297708286
2021-07-01,93.34967060059937
2021-10-01,98.38632417908919
2022-01-01,99.0754779023718
2022-04-01,99.11084597003934
2022-07-01,102.20990943697052
2022-10-01,104.06457626678076
2023-01-01,99.76307143751363
2023-04-01,100.67792321256593
2023-07-01,99.00800273592017
2023-10-01,102.11094737918023
2024-01-01,97.32030929619998
2024-04-01,102.9407449672953
2024-07-01,99.74120657028533
2024-10-01,98.04394195829643
2025-01-01,97.90609660413705
2025-04-01,100.87178645956214
2025-10-01,99.45831241925413
