commodity,kind,selected_model,MAE,MSE,RMSE,R2,MAPE,sMAPE,WAPE,MASE,Bias,N,ZeroRatePct,NonZeroN,baseline_sMAPE,improvement_vs_naive_pct,rolling_median_sMAPE,rolling_p90_sMAPE,rolling_worst_sMAPE,rolling_median_WAPE,rolling_median_MASE,rolling_folds,selection_basis,verdict,reason,component,weighted_aggregate_error_pct,specificity
rice,supply,gradient_boosting_huber,2657.071047132466,25383737.463751696,5038.22761134823,0.8834430245372067,45.436607814644724,33.84439923138593,22.18470299286323,0.7494237170702048,-69.21159986441245,20.0,0.0,20.0,22.626605019237083,-49.5778938228316,24.05892426169404,51.087092685153834,52.12609748476659,23.899322380996097,1.0299331504478402,12.0,recent rolling-origin validation; final holdout reserved,CAUTION,moderate forecast error and/or rolling variability,supply,,
tomato,supply,seasonal_naive,102.24550000000004,74449.394405,272.85416325392583,0.9687952552701783,23.86858590961374,28.999335292874207,13.447940697561252,1.0,79.19649999999997,20.0,0.0,20.0,28.999335292874207,0.0,21.597906919755367,51.55638633599122,82.56269305375366,12.06241438968874,1.0,12.0,recent rolling-origin validation; final holdout reserved,CAUTION,seasonal-naive baseline is the most robust candidate but error remains moderate,supply,,
red_onion,supply,seasonal_naive,1.2610714285714284,8.569416428571431,2.9273565598627425,0.5154475116441242,1244.6343801250898,64.7457956170755,50.47747026532478,1.0,-0.19021428571428567,20.0,25.0,15.0,64.7457956170755,0.0,82.06929862545016,192.2047201945333,200.0,49.375720322704574,1.0,12.0,recent rolling-origin validation; final holdout reserved,INSUFFICIENT_DATA,forecast errors remain too high,supply,,
banana,supply,random_forest,571.611678388118,1264654.639733856,1124.5686460745098,0.9364647103679089,15.77964416366789,20.025856983258134,12.855986506170689,0.9988862861938035,-325.7573664626383,20.0,0.0,20.0,18.96757358730657,-5.579434771033571,10.85402446378885,18.70895829474207,21.89487304563155,10.072645038008119,0.8787325714408686,12.0,recent rolling-origin validation; final holdout reserved,PASS,,supply,,
rice,price,random_forest,1.990228723322516,7.362219586172834,2.713341037572099,0.6399506689842938,10.922602960265056,11.14630800016586,11.29191497908706,0.3318266444627362,-0.4552550485798389,59.0,0.0,59.0,35.286311054570156,68.41180710863163,7.132803588392009,12.06545540114222,18.525785589035863,7.266525952016033,0.29436778731702024,24.0,recent rolling-origin validation; final holdout reserved,PASS,,price,,
tomato,price,hist_gradient_boosting,17.611457714670873,521.6539049124526,22.83974397650842,0.03934389469796029,45.73186321149379,37.479223483934035,39.79111192807059,0.6361193048658671,2.4356399588763558,45.0,0.0,45.0,47.79087761904898,21.576615975356805,42.7404363678397,79.3974755856212,114.14473981192508,39.93196918021279,0.7420804816052546,24.0,recent rolling-origin validation; final holdout reserved,CAUTION,moderate forecast error and/or rolling variability,price,,
red_onion,price,,,,,,,,,,,,,,,,,,,,,,,INSUFFICIENT_DATA,no candidate could be rolling-validated,price,,
banana,price,random_forest,3.8273886402906045,28.01419097279058,5.292843373158758,-0.08501487337138935,15.275523094422894,14.533539882610254,14.929450745189882,0.6872256356758327,0.0533487048416041,60.0,0.0,60.0,20.874723561889873,30.37733007806847,15.315602557723473,22.577077988602536,38.3867925985432,14.286784003698175,0.6866722036291861,24.0,recent rolling-origin validation; final holdout reserved,CAUTION,absolute/percentage error is acceptable but negative holdout R2 indicates weak generalization,price,,
rice,,XGBRegressor_regularized,6168.236276133242,,,0.5370455841764072,,,23.236209856820857,0.65389284548599,,,,,,,,,,,,,,USABLE_PROXY,weighted R2 and/or WAPE meet the usable-proxy bar,demand_proxy,-0.12161341281933749,category_proxy
tomato,,GradientBoostingRegressor,3426.177015461537,,,0.1958173323720449,,,43.47883932334442,0.8628203475836609,,,,,,,,,,,,,,INDICATIVE_PROXY,"weak explanatory power; use for relative/directional signal, not precise point forecasts",demand_proxy,-1.4728753639662147,shared_broad_category
red_onion,,GradientBoostingRegressor,3426.177015461537,,,0.1958173323720449,,,43.47883932334442,0.8628203475836609,,,,,,,,,,,,,,INDICATIVE_PROXY,"weak explanatory power; use for relative/directional signal, not precise point forecasts",demand_proxy,-1.4728753639662147,shared_broad_category
banana,,GradientBoostingRegressor_huber,2405.104593759928,,,0.27776769021068437,,,47.59157236379695,0.778538364519316,,,,,,,,,,,,,,INDICATIVE_PROXY,"weak explanatory power; use for relative/directional signal, not precise point forecasts",demand_proxy,-5.470055418815111,category_proxy
