YEAR,QUARTER,MONTH,REGION,UNEMPLOYMENT_RATE,LFPR,AVG_TOTAL_HOURS_WORKED
2021,1,1,4,13.1855,61.5468,42.1896
2021,2,4,4,13.4122,64.8174,37.9487
2021,3,7,4,8.0984,60.6662,44.6017
2021,4,10,4,10.273,63.6182,42.0999
2022,2,4,4,6.7681,64.8633,42.2156
2022,3,7,4,6.319,64.9907,42.9944
2022,4,10,4,5.7159,64.4785,43.6126
2023,1,1,4,5.9342,63.9192,42.9993
2023,2,4,4,5.5058,64.302,36.9531
2023,3,7,4,5.9357,60.9217,45.2224
2023,4,10,4,5.2751,62.1604,44.2953
2024,1,1,4,5.8851,61.5413,45.4241
2024,2,4,4,5.3035,64.7926,43.5147
2024,3,7,4,5.4504,62.9743,43.713
2024,4,10,4,5.7011,62.0395,43.5499
2025,1,1,4,6.1225,62.3667,43.053
2025,2,4,4,5.275,63.39,42.4589
2025,4,10,4,6.3746,62.6168,44.7083
