level,province,city_municipality,organization,office_or_unit,contact_person,position,phone,email,address,services_notes,contact_scope,source_url,source_freshness,verification_note
Regional,CALABARZON,Region IV-A,Department of Agriculture Regional Field Office IV-A (DA CALABARZON),Office of the Regional Executive Director,Engr. Redelliza A. Gruezo,OIC-Regional Executive Director,(02) 8273-24-74; local 4480,ored@calabarzon.da.gov.ph,"LARES Compound, Brgy. Maraouy, Lipa City, Batangas 4217","Regional DA coordination and referral for agriculture programs, services, and provincial/local agriculture concerns.",Shared official office contact,https://calabarzon.da.gov.ph/contact-us/ | https://calabarzon.da.gov.ph/da-rfo4a-key-officials/,Active official pages; checked 2026-09-10,Current public DA RFO IV-A contact.
Regional/Provincial coordination,Cavite,Province-wide,Department of Agriculture Regional Field Office IV-A (DA CALABARZON),Agricultural Program Coordinating Officer (APCO) - Cavite,Lorena M. Jimeno,OIC-APCO Cavite,(02) 8273-24-74,ored@calabarzon.da.gov.ph,"DA CALABARZON, LARES Compound, Brgy. Maraouy, Lipa City, Batangas 4217",Provincial DA coordination. Call the regional trunk line and ask to be connected/referred to APCO Cavite.,Shared DA regional contact; no direct APCO number published on current officials page,https://calabarzon.da.gov.ph/da-rfo4a-key-officials/ | https://calabarzon.da.gov.ph/contact-us/,Active official pages; checked 2026-09-10,APCO identity current; contact method is the DA regional office trunk line.
Regional/Provincial coordination,Laguna,Province-wide,Department of Agriculture Regional Field Office IV-A (DA CALABARZON),Agricultural Program Coordinating Officer (APCO) - Laguna,Jhoanna O. Santiago,APCO Laguna,(02) 8273-24-74,ored@calabarzon.da.gov.ph,"DA CALABARZON, LARES Compound, Brgy. Maraouy, Lipa City, Batangas 4217",Provincial DA coordination. Call the regional trunk line and ask to be connected/referred to APCO Laguna.,Shared DA regional contact; no direct APCO number published on current officials page,https://calabarzon.da.gov.ph/da-rfo4a-key-officials/ | https://calabarzon.da.gov.ph/contact-us/,Active official pages; checked 2026-09-10,APCO identity current; contact method is the DA regional office trunk line.
Regional/Provincial coordination,Batangas,Province-wide,Department of Agriculture Regional Field Office IV-A (DA CALABARZON),Agricultural Program Coordinating Officer (APCO) - Batangas,Michael K. Lalap,APCO Batangas,(02) 8273-24-74,ored@calabarzon.da.gov.ph,"DA CALABARZON, LARES Compound, Brgy. Maraouy, Lipa City, Batangas 4217",Provincial DA coordination. Call the regional trunk line and ask to be connected/referred to APCO Batangas.,Shared DA regional contact; no direct APCO number published on current officials page,https://calabarzon.da.gov.ph/da-rfo4a-key-officials/ | https://calabarzon.da.gov.ph/contact-us/,Active official pages; checked 2026-09-10,APCO identity current; contact method is the DA regional office trunk line.
Regional/Provincial coordination,Rizal,Province-wide,Department of Agriculture Regional Field Office IV-A (DA CALABARZON),Agricultural Program Coordinating Officer (APCO) - Rizal,Mary Ann A. Gajardo,APCO Rizal,(02) 8273-24-74,ored@calabarzon.da.gov.ph,"DA CALABARZON, LARES Compound, Brgy. Maraouy, Lipa City, Batangas 4217",Provincial DA coordination. Call the regional trunk line and ask to be connected/referred to APCO Rizal.,Shared DA regional contact; no direct APCO number published on current officials page,https://calabarzon.da.gov.ph/da-rfo4a-key-officials/ | https://calabarzon.da.gov.ph/contact-us/,Active official pages; checked 2026-09-10,APCO identity current; contact method is the DA regional office trunk line.
Regional/Provincial coordination,Quezon,Province-wide,Department of Agriculture Regional Field Office IV-A (DA CALABARZON),Agricultural Program Coordinating Officer (APCO) - Quezon,Jan Oliver M. Sarmiento,OIC-APCO Quezon,(02) 8273-24-74,ored@calabarzon.da.gov.ph,"DA CALABARZON, LARES Compound, Brgy. Maraouy, Lipa City, Batangas 4217",Provincial DA coordination. Call the regional trunk line and ask to be connected/referred to APCO Quezon.,Shared DA regional contact; no direct APCO number published on current officials page,https://calabarzon.da.gov.ph/da-rfo4a-key-officials/ | https://calabarzon.da.gov.ph/contact-us/,Active official pages; checked 2026-09-10,APCO identity current; contact method is the DA regional office trunk line.
Regional,CALABARZON,Trece Martires City,DA - Agricultural Training Institute Regional Training Center CALABARZON (ATI IV-A),ATI CALABARZON,Dr. Rolando V. Maningas,Center Director,(046) 419-0210,rtc_calabarzon@ati.da.gov.ph,"8575 Camerino Street, Brgy. Lapidario, Trece Martires City, Cavite","Agricultural and fisheries extension information, training, e-learning, farmer/AEW capacity building, extension referrals.",Shared official training center contact,https://ati2.da.gov.ph/ati-4a/content/,Active official page with 2026 updates; checked 2026-09-10,Current public ATI CALABARZON contact.
Provincial,Cavite,Province-wide,Provincial Government of Cavite,Office of the Provincial Agriculturist,Engr. Anna Pamela Nova-Cruz,Provincial Agriculturist,(046) 419-2503,,"Provincial Government of Cavite / OPA, Trece Martires City, Cavite",Provincial agriculture assistance and coordination; farmer/fisherfolk programs and referrals to local agriculture offices.,Direct official office phone,https://cavite.gov.ph/directory/,Active official directory; checked 2026-09-10,Current head and office phone publicly listed. Email is omitted because the current crawler masks the address.
Provincial,Laguna,Province-wide,Provincial Government of Laguna,Office of the Provincial Agriculturist,,Provincial agriculture office,(049) 810-4037,,"Brgy. Calios, Santa Cruz, Laguna",Provincial agriculture office contact historically published by DA for Laguna agriculture inquiries.,Official office contact from older DA FOI response,https://www.foi.gov.ph/requests/corn-production-in-laguna/,Official DA FOI source dated 2021; checked 2026-09-10,OLDER OFFICIAL CONTACT — verify by phone before relying on it for production use. Current Laguna local-office entries below are fresher.
Provincial,Batangas,Province-wide,Provincial Government of Batangas,Office of the Provincial Agriculturist,"Dr. Rodrigo M. Bautista, DVM",Department Head / Provincial Agriculturist Office,740-4980; 722-2207; 722-2075,agri@batangas.gov.ph,"Provincial Government of Batangas, Batangas","Provincial agriculture programs, technical assistance, farmer/fisherfolk coordination and referrals.",Direct official office contacts,https://portal.batangas.gov.ph/contact-us/,Active official directory; checked 2026-09-10,"Current office head, phones, and email publicly listed."
Provincial,Rizal,Province-wide,Rizal Provincial Government,Office of the Provincial Agriculturist,Engr. Aldrin T. Albos,Provincial Agriculturist,(8) 256-3000 local 5702 / 5703,agriculturistoffice@rizalprovincialgov.ph,"Rizal Provincial Capitol, Circumferential Road cor. P. Oliveros St., Ynares Center Complex, Antipolo City, Rizal 1870","Provincial agriculture assistance, farmer services and coordination with municipal/city agriculture offices.",Official provincial trunk line + agriculture locals,https://www.rizalprovince.ph/pages/directory.html,Active official directory; checked 2026-09-10,Current office listing. Trunk line normalized from the provincial directory plus local numbers 5702/5703.
Provincial,Quezon,Province-wide,Provincial Government of Quezon,Office of the Provincial Agriculturist,"Ana Clarissa S. Mariano, DVSM, EnP",Provincial Agriculturist / Office Head,(042) 797-0652; (042) 719-1002,,"Provincial Government of Quezon, Lucena City / Quezon Province","Agri-fisheries development services, extension-worker support, mechanization, technology and farmer/agripreneur support.",Direct official office contacts,https://quezon.gov.ph/opa/,Active official page; checked 2026-09-10,Current office head and phones publicly listed. Email omitted because source masks it in retrieved text.
City,Cavite,Bacoor City,City Government of Bacoor,Office of the Agricultural Services,Allan G. Chua,Officer-in-Charge,(046) 481-4100 local 308,cityagri@bacoor.gov.ph,"Bacoor Government Center, Bacoor City, Cavite","Farmer, fisherfolk, urban-gardening and agri-entrepreneur inquiries; technical assistance and agriculture-related services.",Shared official agriculture-office contact,https://bacoor.gov.ph/city-and-units-heads/ | https://bacoor.gov.ph/downloads/arta/CitizensCharter2026.pdf,Official directory + 2026 Citizen Charter; checked 2026-09-10,Current office head and public office contact.
City,Cavite,Bacoor City,City Government of Bacoor,Office of the Agricultural Services,Delaiza S. Rabanes,Agricultural Technologist,(046) 481-4100 local 308,cityagri@bacoor.gov.ph,"Bacoor Government Center, Bacoor City, Cavite",Agriculture-related consultation and technical assistance; named as responsible personnel in the 2026 Citizen Charter.,Shared official agriculture-office contact; not a personal number,https://bacoor.gov.ph/downloads/arta/CitizensCharter2026.pdf | https://bacoor.gov.ph/city-and-units-heads/,2026 Citizen Charter; checked 2026-09-10,Named public agricultural technologist; use office contact.
City,Cavite,Bacoor City,City Government of Bacoor,Office of the Agricultural Services,Abigail S. Peñalba,Agricultural Technologist,(046) 481-4100 local 308,cityagri@bacoor.gov.ph,"Bacoor Government Center, Bacoor City, Cavite",Agriculture-related consultation and technical assistance; named as responsible personnel in the 2026 Citizen Charter.,Shared official agriculture-office contact; not a personal number,https://bacoor.gov.ph/downloads/arta/CitizensCharter2026.pdf | https://bacoor.gov.ph/city-and-units-heads/,2026 Citizen Charter; checked 2026-09-10,Named public agricultural technologist; use office contact.
City,Cavite,Bacoor City,City Government of Bacoor,Office of the Agricultural Services,Joshua FCE R. Villaluz,Agricultural Technologist,(046) 481-4100 local 308,cityagri@bacoor.gov.ph,"Bacoor Government Center, Bacoor City, Cavite",Agriculture-related consultation and technical assistance; named as responsible personnel in the 2026 Citizen Charter.,Shared official agriculture-office contact; not a personal number,https://bacoor.gov.ph/downloads/arta/CitizensCharter2026.pdf | https://bacoor.gov.ph/city-and-units-heads/,2026 Citizen Charter; checked 2026-09-10,Named public agricultural technologist; use office contact.
City,Cavite,General Trias City,City Government of General Trias,Office of the City Agriculturist,Nerissa P. Marquez,City Agriculturist / Office Head,(046) 886-0946,,"3rd Floor, City Hall, General Trias City, Cavite","City-level agricultural extension, farmer assistance and agriculture-office referrals.",Direct official office phone,https://web.generaltrias.gov.ph/about/directory-of-offices,Active official directory; checked 2026-09-10,Current office head and phone publicly listed. Email omitted because retrieved page masks it.
City,Cavite,Tagaytay City,City Government of Tagaytay,City Agriculture Office,,City agriculture office,0933 810 6226,,"Brgy. Guinhawa North, Tagaytay City, Cavite",City agriculture inquiries and farmer-facing services.,Direct official office mobile number,https://tagaytay.gov.ph/pdf/CityGovernmentofTagaytay_CC_20240327.pdf,Official 2024 Citizen Charter; checked 2026-09-10,"Official published contact, but source is from 2024; verify if unanswered."
City,Laguna,Calamba City,City Government of Calamba,City Agricultural Services Office,Ruby V. Arenas,Department Head,(049) 545-6789 local 8001 / 8002,info@calambacity.gov.ph,"Right Wing, Lower Ground Floor, New City Hall of Calamba, Bacnotan Road, Brgy. Real, Calamba City, Laguna 4027","Technical assistance, technology transfer, farmer/fisherfolk support, cooperatives, urban agriculture and agricultural inputs/programs.",Shared official city-office contact,https://calambacity.gov.ph/Users/DepartmentHome/City_agricultural_services_office,Active official page; checked 2026-09-10,Current department head and office locals. General city email used because agriculture-specific email was not reliably exposed on the current page.
City,Laguna,Biñan City,City Government of Biñan,City Agriculture Office,Antonio P. Aguilar,Department Head,(049) 523-5400 local 5400; (049) 513-5031,,"Biñan City, Laguna","City-level farmer and agriculture services, technical assistance and referrals.",Direct official office hotlines,https://www.binan.gov.ph/departments-and-offices/,Active official directory; checked 2026-09-10,Current department head and public hotlines.
Municipal,Laguna,Los Baños,Municipality of Los Baños,Office of the Municipal Agriculturist,Cheryll L. Gonzales,Municipal Agriculturist,(049) 530-2981 local 4003,,"Los Baños, Laguna","Municipal agricultural extension, farmer training, technical assistance and local agriculture programs.",Shared official municipal agriculture-office contact,https://losbanos.gov.ph/public/storage/docs/firstedition2026.pdf,2026 official municipal directory; checked 2026-09-10,Current public directory contact.
Municipal,Laguna,Los Baños,Municipality of Los Baños,Office of the Municipal Agriculturist,"Toffi C. Teraytay, RFP",Agricultural Technologist,(049) 530-2981 local 4003,,"Los Baños, Laguna","Publicly named agricultural technologist involved in coconut-coffee farmer training, cultivation, pest/disease management, harvesting and postharvest extension.",Shared municipal agriculture-office contact; not a personal number,https://losbanos.gov.ph/posts/1077 | https://losbanos.gov.ph/public/storage/docs/firstedition2026.pdf,Official post dated 2026-08-27 + 2026 directory,Named agricultural technologist; use OMA office contact.
Municipal,Laguna,Los Baños,Municipality of Los Baños,Office of the Municipal Agriculturist,Engr. Fidel Q. Ariola II,Agricultural Technologist,(049) 530-2981 local 4003,,"Los Baños, Laguna","Publicly named agricultural technologist involved in coconut-coffee farmer training, cultivation, pest/disease management and extension activities.",Shared municipal agriculture-office contact; not a personal number,https://losbanos.gov.ph/posts/1077 | https://losbanos.gov.ph/public/storage/docs/firstedition2026.pdf,Official post dated 2026-08-27 + 2026 directory,Named agricultural technologist; use OMA office contact.
Municipal,Laguna,Los Baños,Municipality of Los Baños,Office of the Municipal Agriculturist,Mike Leo P. Cadapan,Agricultural Extension Worker (AEW),(049) 530-2981 local 4003,,"Los Baños, Laguna",Publicly identified AEW involved in farmer training and coconut-coffee agricultural extension.,Shared municipal agriculture-office contact; not a personal number,https://losbanos.gov.ph/posts/1077 | https://losbanos.gov.ph/public/storage/docs/firstedition2026.pdf,Official post dated 2026-08-27 + 2026 directory,Named Agricultural Extension Worker; use OMA office contact.
City,Batangas,Batangas City,City Government of Batangas,Office of the City Agriculturist,Flora C. Alvarez,City Agriculturist,0917 573 2295; 0928 415 9934,,"Batangas City, Batangas","Farmer support, crop production, training, agricultural technology, food-security programs and city agriculture inquiries.",Direct public office mobile numbers published by the city,https://www.batangascity.gov.ph/web/current-news/7516-sanib-puwersa-para-sa-agrikultura | https://batangascity.gov.ph/web/web/current-news/8351-city-agriculturist-office-nagtanim-ng-palay-at-iba-t-ibang-pananim-sa-barangay-san-pedro,Official city posts dated 2026-01-27 and 2026-06-11,Current City Agriculturist confirmed in 2026 official city content; numbers are farmer-facing office contacts.
City,Batangas,Batangas City,City Government of Batangas,Office of the City Agriculturist,Engr. Razelle Joy C. Arcasitas,Agricultural Technologist,0917 573 2295; 0928 415 9934,,"Batangas City, Batangas",Publicly listed agricultural technologist; contact through the Office of the City Agriculturist for farmer technical assistance.,Shared city agriculture-office mobile numbers; not a personal number,https://www.batangascity.gov.ph/web/images/Ordinances2024/ORD20242202.pdf | https://www.batangascity.gov.ph/web/current-news/7516-sanib-puwersa-para-sa-agrikultura,Official 2024 personnel source + 2026 public office contact,Named agricultural technologist; use current City Agriculturist office contact.
City,Batangas,Batangas City,City Government of Batangas,Office of the City Agriculturist,Engr. Mharicar A. Torino,Agricultural Technologist,0917 573 2295; 0928 415 9934,,"Batangas City, Batangas",Publicly listed agricultural technologist; contact through the Office of the City Agriculturist for farmer technical assistance.,Shared city agriculture-office mobile numbers; not a personal number,https://www.batangascity.gov.ph/web/images/Ordinances2024/ORD20242202.pdf | https://www.batangascity.gov.ph/web/current-news/7516-sanib-puwersa-para-sa-agrikultura,Official 2024 personnel source + 2026 public office contact,Named agricultural technologist; use current City Agriculturist office contact.
City,Batangas,Sto. Tomas City,City Government of Sto. Tomas,City Agriculture Office,,City agriculture office,(043) 784-8022 local 307,agri@cityofstotomas.gov.ph,"Basement Floor, City Hall Main Building, Gov. Malvar St., Poblacion I, City of Sto. Tomas, Batangas 4234","Basic agricultural services, farmer assistance and city agriculture programs.",Direct official office contact,https://cityofstotomas.gov.ph/city-agriculture-office/,Active official page; checked 2026-09-10,Current public office phone and email.
Municipal,Rizal,Pililla,Municipality of Pililla,Municipal Agriculture Office,Joseph Salvador B. Jarcia,OIC - Municipal Agriculture Officer,(02) 8654-1093,agriculturepililla@gmail.com,"Pililla, Rizal","Technical assistance for rice, corn, high-value crops, livestock, pest/disease management, soil fertility and related farmer services.",Shared official municipal agriculture-office contact,https://pilillarizal.gov.ph/municipal-department/municipal-agriculture-office/ | https://pilillarizal.gov.ph/wp-content/uploads/2025/06/Pililla_CC_2024.pdf,Active official page + official Citizen Charter published 2025,Office head and public hotline/email listed.
Municipal,Rizal,Pililla,Municipality of Pililla,Municipal Agriculture Office,Geoffrey Medina,Agriculture technical staff / responsible personnel,(02) 8654-1093,agriculturepililla@gmail.com,"Pililla, Rizal",Named responsible personnel for technical assistance on crops/livestock in the municipal Citizen Charter.,Shared official MAO contact; not a personal number,https://pilillarizal.gov.ph/wp-content/uploads/2025/06/Pililla_CC_2024.pdf | https://pilillarizal.gov.ph/municipal-department/municipal-agriculture-office/,Official Citizen Charter published 2025 + active office page,Use MAO hotline/email.
Municipal,Rizal,Pililla,Municipality of Pililla,Municipal Agriculture Office,Orlan Pradas,Agriculture technical staff / responsible personnel,(02) 8654-1093,agriculturepililla@gmail.com,"Pililla, Rizal",Named responsible personnel for technical assistance on crops/livestock in the municipal Citizen Charter.,Shared official MAO contact; not a personal number,https://pilillarizal.gov.ph/wp-content/uploads/2025/06/Pililla_CC_2024.pdf | https://pilillarizal.gov.ph/municipal-department/municipal-agriculture-office/,Official Citizen Charter published 2025 + active office page,Use MAO hotline/email.
Municipal,Rizal,Pililla,Municipality of Pililla,Municipal Agriculture Office,Bienvenido Joven,Agriculture technical staff / responsible personnel,(02) 8654-1093,agriculturepililla@gmail.com,"Pililla, Rizal",Named responsible personnel for technical assistance on crops/livestock in the municipal Citizen Charter.,Shared official MAO contact; not a personal number,https://pilillarizal.gov.ph/wp-content/uploads/2025/06/Pililla_CC_2024.pdf | https://pilillarizal.gov.ph/municipal-department/municipal-agriculture-office/,Official Citizen Charter published 2025 + active office page,Use MAO hotline/email.
Municipal,Rizal,Pililla,Municipality of Pililla,Municipal Agriculture Office,Mary Rose Asino,Agriculture technical staff / responsible personnel,(02) 8654-1093,agriculturepililla@gmail.com,"Pililla, Rizal",Named responsible personnel for technical assistance on crops/livestock in the municipal Citizen Charter.,Shared official MAO contact; not a personal number,https://pilillarizal.gov.ph/wp-content/uploads/2025/06/Pililla_CC_2024.pdf | https://pilillarizal.gov.ph/municipal-department/municipal-agriculture-office/,Official Citizen Charter published 2025 + active office page,Use MAO hotline/email.
Municipal,Rizal,Pililla,Municipality of Pililla,Municipal Agriculture Office,Ronald Bueno,Agriculture technical staff / responsible personnel,(02) 8654-1093,agriculturepililla@gmail.com,"Pililla, Rizal",Named responsible personnel for technical assistance on crops/livestock in the municipal Citizen Charter.,Shared official MAO contact; not a personal number,https://pilillarizal.gov.ph/wp-content/uploads/2025/06/Pililla_CC_2024.pdf | https://pilillarizal.gov.ph/municipal-department/municipal-agriculture-office/,Official Citizen Charter published 2025 + active office page,Use MAO hotline/email.
Municipal,Rizal,Pililla,Municipality of Pililla,Municipal Agriculture Office,Rewel Cadalso,Agriculture technical staff / responsible personnel,(02) 8654-1093,agriculturepililla@gmail.com,"Pililla, Rizal",Named responsible personnel for technical assistance on crops/livestock in the municipal Citizen Charter.,Shared official MAO contact; not a personal number,https://pilillarizal.gov.ph/wp-content/uploads/2025/06/Pililla_CC_2024.pdf | https://pilillarizal.gov.ph/municipal-department/municipal-agriculture-office/,Official Citizen Charter published 2025 + active office page,Use MAO hotline/email.
Municipal,Rizal,Pililla,Municipality of Pililla,Municipal Agriculture Office,Joenna Vasquez,Agriculture technical staff / responsible personnel,(02) 8654-1093,agriculturepililla@gmail.com,"Pililla, Rizal",Named responsible personnel for technical assistance on crops/livestock in the municipal Citizen Charter.,Shared official MAO contact; not a personal number,https://pilillarizal.gov.ph/wp-content/uploads/2025/06/Pililla_CC_2024.pdf | https://pilillarizal.gov.ph/municipal-department/municipal-agriculture-office/,Official Citizen Charter published 2025 + active office page,Use MAO hotline/email.
Municipal,Rizal,Taytay,Municipality of Taytay,Municipal Agriculture Office / Taytay Agriculture Office,,Municipal agriculture office,700-144-98,agriculture@taytayrizal.gov.ph,"Behind New Taytay Public Market / near Taytay Capital Tiangge, Taytay, Rizal","Municipal agriculture inquiries, animal health/rabies services, and local agriculture assistance/referrals.",Direct official agriculture-office contact,https://www.taytayrizal.gov.ph/single-post/pawtektado-libreng-bakuna-kontra-rabies | https://www.taytayrizal.gov.ph/single-post/smile-pawnec-digital-vaccination-record,Official contact retained in 2026 city content; checked 2026-09-10,Phone formatting preserved from official page; email is current in 2026 content.
Municipal,Rizal,Cainta,Municipality of Cainta,Agriculture Office,,Municipal agriculture office,8696-2583,,"Cainta, Rizal",Municipal agriculture inquiries and local farmer/agriculture services.,Direct official office phone,https://www.cainta.gov.ph/departments-and-offices,Active official directory; checked 2026-09-10,Current public office phone.
Municipal,Quezon,Candelaria,Municipality of Candelaria,Office of the Municipal Agriculturist,Ramon Nonato H. Plata,Municipal Agriculturist,(042) 585-8013,,"Municipal Agriculture Compound, Brgy. Masin Norte, Candelaria, Quezon","Crop/livestock technical assistance, pest and disease monitoring, soil services, seeds/inputs, farmer field schools, training, crop insurance and FITS information services.",Direct official office phone,https://candelaria.gov.ph/services/for-residents/agricultural-services/ | https://candelaria.gov.ph/local-government-officials/,"Active official pages; service page is older, checked 2026-09-10",Public office phone and named Municipal Agriculturist. Verify if unanswered due to older page publication.
Municipal,Quezon,Tiaong,Municipality of Tiaong,Office of the Municipal Agriculturist,Zenaida V. Amargo,Municipal Agriculturist,(042) 545-8265,mao@tiaong.gov.ph,"Don V. Robles St., Poblacion III, Tiaong, Quezon","Agricultural extension, farmer registration/certifications, planting materials, links to line agencies, rural-based organizations and related local agriculture services.",Direct official office contact,https://tiaong.gov.ph/departments-and-units/ | https://tiaong.gov.ph/wp-content/uploads/2025/04/Revised-TIAONG-CITIZENS-CHARTER-2025-1st-Edition.pdf,Active official page + 2025 Citizen Charter; checked 2026-09-10,Current public office email; phone from official 2025 Citizen Charter.
