commodity,geolocation,date,year,month,synthetic_price_php_per_kg,status,source,methodology_version
Red Onion,Batangas,2025-07-01,2025,7,167.97,synthetic_historical,synthetic_mvp_v1,red_onion_price_synthetic_v1_2026-09-09
Red Onion,Batangas,2025-08-01,2025,8,176.2,synthetic_historical,synthetic_mvp_v1,red_onion_price_synthetic_v1_2026-09-09
Red Onion,Batangas,2025-09-01,2025,9,180.22,synthetic_historical,synthetic_mvp_v1,red_onion_price_synthetic_v1_2026-09-09
Red Onion,Batangas,2025-10-01,2025,10,168.27,synthetic_historical,synthetic_mvp_v1,red_onion_price_synthetic_v1_2026-09-09
Red Onion,Batangas,2025-11-01,2025,11,155.35,synthetic_historical,synthetic_mvp_v1,red_onion_price_synthetic_v1_2026-09-09
Red Onion,Batangas,2025-12-01,2025,12,135.5,synthetic_historical,synthetic_mvp_v1,red_onion_price_synthetic_v1_2026-09-09
Red Onion,Batangas,2026-01-01,2026,1,117.56,synthetic_historical,synthetic_mvp_v1,red_onion_price_synthetic_v1_2026-09-09
Red Onion,Batangas,2026-02-01,2026,2,114.97,synthetic_historical,synthetic_mvp_v1,red_onion_price_synthetic_v1_2026-09-09
Red Onion,Batangas,2026-03-01,2026,3,123.61,synthetic_historical,synthetic_mvp_v1,red_onion_price_synthetic_v1_2026-09-09
Red Onion,Batangas,2026-04-01,2026,4,140.45,synthetic_historical,synthetic_mvp_v1,red_onion_price_synthetic_v1_2026-09-09
Red Onion,Batangas,2026-05-01,2026,5,143.78,synthetic_historical,synthetic_mvp_v1,red_onion_price_synthetic_v1_2026-09-09
Red Onion,Batangas,2026-06-01,2026,6,153.83,synthetic_historical,synthetic_mvp_v1,red_onion_price_synthetic_v1_2026-09-09
Red Onion,Cavite,2025-07-01,2025,7,182.87,synthetic_historical,synthetic_mvp_v1,red_onion_price_synthetic_v1_2026-09-09
Red Onion,Cavite,2025-08-01,2025,8,188.28,synthetic_historical,synthetic_mvp_v1,red_onion_price_synthetic_v1_2026-09-09
Red Onion,Cavite,2025-09-01,2025,9,195.51,synthetic_historical,synthetic_mvp_v1,red_onion_price_synthetic_v1_2026-09-09
Red Onion,Cavite,2025-10-01,2025,10,178.77,synthetic_historical,synthetic_mvp_v1,red_onion_price_synthetic_v1_2026-09-09
Red Onion,Cavite,2025-11-01,2025,11,163.69,synthetic_historical,synthetic_mvp_v1,red_onion_price_synthetic_v1_2026-09-09
Red Onion,Cavite,2025-12-01,2025,12,147.63,synthetic_historical,synthetic_mvp_v1,red_onion_price_synthetic_v1_2026-09-09
Red Onion,Cavite,2026-01-01,2026,1,125.11,synthetic_historical,synthetic_mvp_v1,red_onion_price_synthetic_v1_2026-09-09
Red Onion,Cavite,2026-02-01,2026,2,127.24,synthetic_historical,synthetic_mvp_v1,red_onion_price_synthetic_v1_2026-09-09
Red Onion,Cavite,2026-03-01,2026,3,130.84,synthetic_historical,synthetic_mvp_v1,red_onion_price_synthetic_v1_2026-09-09
Red Onion,Cavite,2026-04-01,2026,4,147.79,synthetic_historical,synthetic_mvp_v1,red_onion_price_synthetic_v1_2026-09-09
Red Onion,Cavite,2026-05-01,2026,5,153.09,synthetic_historical,synthetic_mvp_v1,red_onion_price_synthetic_v1_2026-09-09
Red Onion,Cavite,2026-06-01,2026,6,163.63,synthetic_historical,synthetic_mvp_v1,red_onion_price_synthetic_v1_2026-09-09
Red Onion,Laguna,2025-07-01,2025,7,170.12,synthetic_historical,synthetic_mvp_v1,red_onion_price_synthetic_v1_2026-09-09
Red Onion,Laguna,2025-08-01,2025,8,177.59,synthetic_historical,synthetic_mvp_v1,red_onion_price_synthetic_v1_2026-09-09
Red Onion,Laguna,2025-09-01,2025,9,191.43,synthetic_historical,synthetic_mvp_v1,red_onion_price_synthetic_v1_2026-09-09
Red Onion,Laguna,2025-10-01,2025,10,168.95,synthetic_historical,synthetic_mvp_v1,red_onion_price_synthetic_v1_2026-09-09
Red Onion,Laguna,2025-11-01,2025,11,165.29,synthetic_historical,synthetic_mvp_v1,red_onion_price_synthetic_v1_2026-09-09
Red Onion,Laguna,2025-12-01,2025,12,145.52,synthetic_historical,synthetic_mvp_v1,red_onion_price_synthetic_v1_2026-09-09
Red Onion,Laguna,2026-01-01,2026,1,122.33,synthetic_historical,synthetic_mvp_v1,red_onion_price_synthetic_v1_2026-09-09
Red Onion,Laguna,2026-02-01,2026,2,123.2,synthetic_historical,synthetic_mvp_v1,red_onion_price_synthetic_v1_2026-09-09
Red Onion,Laguna,2026-03-01,2026,3,122.98,synthetic_historical,synthetic_mvp_v1,red_onion_price_synthetic_v1_2026-09-09
Red Onion,Laguna,2026-04-01,2026,4,141.19,synthetic_historical,synthetic_mvp_v1,red_onion_price_synthetic_v1_2026-09-09
Red Onion,Laguna,2026-05-01,2026,5,149.29,synthetic_historical,synthetic_mvp_v1,red_onion_price_synthetic_v1_2026-09-09
Red Onion,Laguna,2026-06-01,2026,6,166.78,synthetic_historical,synthetic_mvp_v1,red_onion_price_synthetic_v1_2026-09-09
Red Onion,Quezon,2025-07-01,2025,7,160.14,synthetic_historical,synthetic_mvp_v1,red_onion_price_synthetic_v1_2026-09-09
Red Onion,Quezon,2025-08-01,2025,8,164.13,synthetic_historical,synthetic_mvp_v1,red_onion_price_synthetic_v1_2026-09-09
Red Onion,Quezon,2025-09-01,2025,9,170.55,synthetic_historical,synthetic_mvp_v1,red_onion_price_synthetic_v1_2026-09-09
Red Onion,Quezon,2025-10-01,2025,10,155.82,synthetic_historical,synthetic_mvp_v1,red_onion_price_synthetic_v1_2026-09-09
Red Onion,Quezon,2025-11-01,2025,11,145.61,synthetic_historical,synthetic_mvp_v1,red_onion_price_synthetic_v1_2026-09-09
Red Onion,Quezon,2025-12-01,2025,12,130.14,synthetic_historical,synthetic_mvp_v1,red_onion_price_synthetic_v1_2026-09-09
Red Onion,Quezon,2026-01-01,2026,1,112.17,synthetic_historical,synthetic_mvp_v1,red_onion_price_synthetic_v1_2026-09-09
Red Onion,Quezon,2026-02-01,2026,2,111.28,synthetic_historical,synthetic_mvp_v1,red_onion_price_synthetic_v1_2026-09-09
Red Onion,Quezon,2026-03-01,2026,3,114.22,synthetic_historical,synthetic_mvp_v1,red_onion_price_synthetic_v1_2026-09-09
Red Onion,Quezon,2026-04-01,2026,4,129.69,synthetic_historical,synthetic_mvp_v1,red_onion_price_synthetic_v1_2026-09-09
Red Onion,Quezon,2026-05-01,2026,5,139.44,synthetic_historical,synthetic_mvp_v1,red_onion_price_synthetic_v1_2026-09-09
Red Onion,Quezon,2026-06-01,2026,6,151.41,synthetic_historical,synthetic_mvp_v1,red_onion_price_synthetic_v1_2026-09-09
Red Onion,Rizal,2025-07-01,2025,7,183.24,synthetic_historical,synthetic_mvp_v1,red_onion_price_synthetic_v1_2026-09-09
Red Onion,Rizal,2025-08-01,2025,8,195.74,synthetic_historical,synthetic_mvp_v1,red_onion_price_synthetic_v1_2026-09-09
Red Onion,Rizal,2025-09-01,2025,9,194.92,synthetic_historical,synthetic_mvp_v1,red_onion_price_synthetic_v1_2026-09-09
Red Onion,Rizal,2025-10-01,2025,10,186.25,synthetic_historical,synthetic_mvp_v1,red_onion_price_synthetic_v1_2026-09-09
Red Onion,Rizal,2025-11-01,2025,11,170.43,synthetic_historical,synthetic_mvp_v1,red_onion_price_synthetic_v1_2026-09-09
Red Onion,Rizal,2025-12-01,2025,12,153.36,synthetic_historical,synthetic_mvp_v1,red_onion_price_synthetic_v1_2026-09-09
Red Onion,Rizal,2026-01-01,2026,1,132.84,synthetic_historical,synthetic_mvp_v1,red_onion_price_synthetic_v1_2026-09-09
Red Onion,Rizal,2026-02-01,2026,2,126.56,synthetic_historical,synthetic_mvp_v1,red_onion_price_synthetic_v1_2026-09-09
Red Onion,Rizal,2026-03-01,2026,3,130.0,synthetic_historical,synthetic_mvp_v1,red_onion_price_synthetic_v1_2026-09-09
Red Onion,Rizal,2026-04-01,2026,4,146.53,synthetic_historical,synthetic_mvp_v1,red_onion_price_synthetic_v1_2026-09-09
Red Onion,Rizal,2026-05-01,2026,5,158.21,synthetic_historical,synthetic_mvp_v1,red_onion_price_synthetic_v1_2026-09-09
Red Onion,Rizal,2026-06-01,2026,6,170.45,synthetic_historical,synthetic_mvp_v1,red_onion_price_synthetic_v1_2026-09-09
Red Onion,Batangas,2026-07-01,2026,7,167.97,synthetic_forecast,synthetic_mvp_v1,red_onion_price_synthetic_v1_2026-09-09
Red Onion,Batangas,2026-08-01,2026,8,176.2,synthetic_forecast,synthetic_mvp_v1,red_onion_price_synthetic_v1_2026-09-09
Red Onion,Batangas,2026-09-01,2026,9,180.22,synthetic_forecast,synthetic_mvp_v1,red_onion_price_synthetic_v1_2026-09-09
Red Onion,Batangas,2026-10-01,2026,10,168.27,synthetic_forecast,synthetic_mvp_v1,red_onion_price_synthetic_v1_2026-09-09
Red Onion,Batangas,2026-11-01,2026,11,155.35,synthetic_forecast,synthetic_mvp_v1,red_onion_price_synthetic_v1_2026-09-09
Red Onion,Batangas,2026-12-01,2026,12,135.5,synthetic_forecast,synthetic_mvp_v1,red_onion_price_synthetic_v1_2026-09-09
Red Onion,Batangas,2027-01-01,2027,1,117.56,synthetic_forecast,synthetic_mvp_v1,red_onion_price_synthetic_v1_2026-09-09
Red Onion,Batangas,2027-02-01,2027,2,114.97,synthetic_forecast,synthetic_mvp_v1,red_onion_price_synthetic_v1_2026-09-09
Red Onion,Batangas,2027-03-01,2027,3,123.61,synthetic_forecast,synthetic_mvp_v1,red_onion_price_synthetic_v1_2026-09-09
Red Onion,Batangas,2027-04-01,2027,4,140.45,synthetic_forecast,synthetic_mvp_v1,red_onion_price_synthetic_v1_2026-09-09
Red Onion,Batangas,2027-05-01,2027,5,143.78,synthetic_forecast,synthetic_mvp_v1,red_onion_price_synthetic_v1_2026-09-09
Red Onion,Batangas,2027-06-01,2027,6,153.83,synthetic_forecast,synthetic_mvp_v1,red_onion_price_synthetic_v1_2026-09-09
Red Onion,Cavite,2026-07-01,2026,7,182.87,synthetic_forecast,synthetic_mvp_v1,red_onion_price_synthetic_v1_2026-09-09
Red Onion,Cavite,2026-08-01,2026,8,188.28,synthetic_forecast,synthetic_mvp_v1,red_onion_price_synthetic_v1_2026-09-09
Red Onion,Cavite,2026-09-01,2026,9,195.51,synthetic_forecast,synthetic_mvp_v1,red_onion_price_synthetic_v1_2026-09-09
Red Onion,Cavite,2026-10-01,2026,10,178.77,synthetic_forecast,synthetic_mvp_v1,red_onion_price_synthetic_v1_2026-09-09
Red Onion,Cavite,2026-11-01,2026,11,163.69,synthetic_forecast,synthetic_mvp_v1,red_onion_price_synthetic_v1_2026-09-09
Red Onion,Cavite,2026-12-01,2026,12,147.63,synthetic_forecast,synthetic_mvp_v1,red_onion_price_synthetic_v1_2026-09-09
Red Onion,Cavite,2027-01-01,2027,1,125.11,synthetic_forecast,synthetic_mvp_v1,red_onion_price_synthetic_v1_2026-09-09
Red Onion,Cavite,2027-02-01,2027,2,127.24,synthetic_forecast,synthetic_mvp_v1,red_onion_price_synthetic_v1_2026-09-09
Red Onion,Cavite,2027-03-01,2027,3,130.84,synthetic_forecast,synthetic_mvp_v1,red_onion_price_synthetic_v1_2026-09-09
Red Onion,Cavite,2027-04-01,2027,4,147.79,synthetic_forecast,synthetic_mvp_v1,red_onion_price_synthetic_v1_2026-09-09
Red Onion,Cavite,2027-05-01,2027,5,153.09,synthetic_forecast,synthetic_mvp_v1,red_onion_price_synthetic_v1_2026-09-09
Red Onion,Cavite,2027-06-01,2027,6,163.63,synthetic_forecast,synthetic_mvp_v1,red_onion_price_synthetic_v1_2026-09-09
Red Onion,Laguna,2026-07-01,2026,7,170.12,synthetic_forecast,synthetic_mvp_v1,red_onion_price_synthetic_v1_2026-09-09
Red Onion,Laguna,2026-08-01,2026,8,177.59,synthetic_forecast,synthetic_mvp_v1,red_onion_price_synthetic_v1_2026-09-09
Red Onion,Laguna,2026-09-01,2026,9,191.43,synthetic_forecast,synthetic_mvp_v1,red_onion_price_synthetic_v1_2026-09-09
Red Onion,Laguna,2026-10-01,2026,10,168.95,synthetic_forecast,synthetic_mvp_v1,red_onion_price_synthetic_v1_2026-09-09
Red Onion,Laguna,2026-11-01,2026,11,165.29,synthetic_forecast,synthetic_mvp_v1,red_onion_price_synthetic_v1_2026-09-09
Red Onion,Laguna,2026-12-01,2026,12,145.52,synthetic_forecast,synthetic_mvp_v1,red_onion_price_synthetic_v1_2026-09-09
Red Onion,Laguna,2027-01-01,2027,1,122.33,synthetic_forecast,synthetic_mvp_v1,red_onion_price_synthetic_v1_2026-09-09
Red Onion,Laguna,2027-02-01,2027,2,123.2,synthetic_forecast,synthetic_mvp_v1,red_onion_price_synthetic_v1_2026-09-09
Red Onion,Laguna,2027-03-01,2027,3,122.98,synthetic_forecast,synthetic_mvp_v1,red_onion_price_synthetic_v1_2026-09-09
Red Onion,Laguna,2027-04-01,2027,4,141.19,synthetic_forecast,synthetic_mvp_v1,red_onion_price_synthetic_v1_2026-09-09
Red Onion,Laguna,2027-05-01,2027,5,149.29,synthetic_forecast,synthetic_mvp_v1,red_onion_price_synthetic_v1_2026-09-09
Red Onion,Laguna,2027-06-01,2027,6,166.78,synthetic_forecast,synthetic_mvp_v1,red_onion_price_synthetic_v1_2026-09-09
Red Onion,Quezon,2026-07-01,2026,7,160.14,synthetic_forecast,synthetic_mvp_v1,red_onion_price_synthetic_v1_2026-09-09
Red Onion,Quezon,2026-08-01,2026,8,164.13,synthetic_forecast,synthetic_mvp_v1,red_onion_price_synthetic_v1_2026-09-09
Red Onion,Quezon,2026-09-01,2026,9,170.55,synthetic_forecast,synthetic_mvp_v1,red_onion_price_synthetic_v1_2026-09-09
Red Onion,Quezon,2026-10-01,2026,10,155.82,synthetic_forecast,synthetic_mvp_v1,red_onion_price_synthetic_v1_2026-09-09
Red Onion,Quezon,2026-11-01,2026,11,145.61,synthetic_forecast,synthetic_mvp_v1,red_onion_price_synthetic_v1_2026-09-09
Red Onion,Quezon,2026-12-01,2026,12,130.14,synthetic_forecast,synthetic_mvp_v1,red_onion_price_synthetic_v1_2026-09-09
Red Onion,Quezon,2027-01-01,2027,1,112.17,synthetic_forecast,synthetic_mvp_v1,red_onion_price_synthetic_v1_2026-09-09
Red Onion,Quezon,2027-02-01,2027,2,111.28,synthetic_forecast,synthetic_mvp_v1,red_onion_price_synthetic_v1_2026-09-09
Red Onion,Quezon,2027-03-01,2027,3,114.22,synthetic_forecast,synthetic_mvp_v1,red_onion_price_synthetic_v1_2026-09-09
Red Onion,Quezon,2027-04-01,2027,4,129.69,synthetic_forecast,synthetic_mvp_v1,red_onion_price_synthetic_v1_2026-09-09
Red Onion,Quezon,2027-05-01,2027,5,139.44,synthetic_forecast,synthetic_mvp_v1,red_onion_price_synthetic_v1_2026-09-09
Red Onion,Quezon,2027-06-01,2027,6,151.41,synthetic_forecast,synthetic_mvp_v1,red_onion_price_synthetic_v1_2026-09-09
Red Onion,Rizal,2026-07-01,2026,7,183.24,synthetic_forecast,synthetic_mvp_v1,red_onion_price_synthetic_v1_2026-09-09
Red Onion,Rizal,2026-08-01,2026,8,195.74,synthetic_forecast,synthetic_mvp_v1,red_onion_price_synthetic_v1_2026-09-09
Red Onion,Rizal,2026-09-01,2026,9,194.92,synthetic_forecast,synthetic_mvp_v1,red_onion_price_synthetic_v1_2026-09-09
Red Onion,Rizal,2026-10-01,2026,10,186.25,synthetic_forecast,synthetic_mvp_v1,red_onion_price_synthetic_v1_2026-09-09
Red Onion,Rizal,2026-11-01,2026,11,170.43,synthetic_forecast,synthetic_mvp_v1,red_onion_price_synthetic_v1_2026-09-09
Red Onion,Rizal,2026-12-01,2026,12,153.36,synthetic_forecast,synthetic_mvp_v1,red_onion_price_synthetic_v1_2026-09-09
Red Onion,Rizal,2027-01-01,2027,1,132.84,synthetic_forecast,synthetic_mvp_v1,red_onion_price_synthetic_v1_2026-09-09
Red Onion,Rizal,2027-02-01,2027,2,126.56,synthetic_forecast,synthetic_mvp_v1,red_onion_price_synthetic_v1_2026-09-09
Red Onion,Rizal,2027-03-01,2027,3,130.0,synthetic_forecast,synthetic_mvp_v1,red_onion_price_synthetic_v1_2026-09-09
Red Onion,Rizal,2027-04-01,2027,4,146.53,synthetic_forecast,synthetic_mvp_v1,red_onion_price_synthetic_v1_2026-09-09
Red Onion,Rizal,2027-05-01,2027,5,158.21,synthetic_forecast,synthetic_mvp_v1,red_onion_price_synthetic_v1_2026-09-09
Red Onion,Rizal,2027-06-01,2027,6,170.45,synthetic_forecast,synthetic_mvp_v1,red_onion_price_synthetic_v1_2026-09-09
