commodity,geolocation,date,year,quarter,synthetic_supply_mt,status,source,methodology_version
Red Onion,Batangas,2024-07-01,2024,Q3,262.06,synthetic_historical,synthetic_mvp_v1,red_onion_supply_synthetic_v1_2026-09-09
Red Onion,Batangas,2024-10-01,2024,Q4,379.1,synthetic_historical,synthetic_mvp_v1,red_onion_supply_synthetic_v1_2026-09-09
Red Onion,Batangas,2025-01-01,2025,Q1,901.89,synthetic_historical,synthetic_mvp_v1,red_onion_supply_synthetic_v1_2026-09-09
Red Onion,Batangas,2025-04-01,2025,Q2,546.45,synthetic_historical,synthetic_mvp_v1,red_onion_supply_synthetic_v1_2026-09-09
Red Onion,Batangas,2025-07-01,2025,Q3,281.56,synthetic_historical,synthetic_mvp_v1,red_onion_supply_synthetic_v1_2026-09-09
Red Onion,Batangas,2025-10-01,2025,Q4,394.85,synthetic_historical,synthetic_mvp_v1,red_onion_supply_synthetic_v1_2026-09-09
Red Onion,Batangas,2026-01-01,2026,Q1,895.05,synthetic_historical,synthetic_mvp_v1,red_onion_supply_synthetic_v1_2026-09-09
Red Onion,Batangas,2026-04-01,2026,Q2,539.4,synthetic_historical,synthetic_mvp_v1,red_onion_supply_synthetic_v1_2026-09-09
Red Onion,Cavite,2024-07-01,2024,Q3,140.77,synthetic_historical,synthetic_mvp_v1,red_onion_supply_synthetic_v1_2026-09-09
Red Onion,Cavite,2024-10-01,2024,Q4,195.89,synthetic_historical,synthetic_mvp_v1,red_onion_supply_synthetic_v1_2026-09-09
Red Onion,Cavite,2025-01-01,2025,Q1,431.75,synthetic_historical,synthetic_mvp_v1,red_onion_supply_synthetic_v1_2026-09-09
Red Onion,Cavite,2025-04-01,2025,Q2,265.09,synthetic_historical,synthetic_mvp_v1,red_onion_supply_synthetic_v1_2026-09-09
Red Onion,Cavite,2025-07-01,2025,Q3,133.47,synthetic_historical,synthetic_mvp_v1,red_onion_supply_synthetic_v1_2026-09-09
Red Onion,Cavite,2025-10-01,2025,Q4,193.55,synthetic_historical,synthetic_mvp_v1,red_onion_supply_synthetic_v1_2026-09-09
Red Onion,Cavite,2026-01-01,2026,Q1,440.36,synthetic_historical,synthetic_mvp_v1,red_onion_supply_synthetic_v1_2026-09-09
Red Onion,Cavite,2026-04-01,2026,Q2,270.97,synthetic_historical,synthetic_mvp_v1,red_onion_supply_synthetic_v1_2026-09-09
Red Onion,Laguna,2024-07-01,2024,Q3,157.25,synthetic_historical,synthetic_mvp_v1,red_onion_supply_synthetic_v1_2026-09-09
Red Onion,Laguna,2024-10-01,2024,Q4,250.64,synthetic_historical,synthetic_mvp_v1,red_onion_supply_synthetic_v1_2026-09-09
Red Onion,Laguna,2025-01-01,2025,Q1,512.99,synthetic_historical,synthetic_mvp_v1,red_onion_supply_synthetic_v1_2026-09-09
Red Onion,Laguna,2025-04-01,2025,Q2,318.89,synthetic_historical,synthetic_mvp_v1,red_onion_supply_synthetic_v1_2026-09-09
Red Onion,Laguna,2025-07-01,2025,Q3,171.21,synthetic_historical,synthetic_mvp_v1,red_onion_supply_synthetic_v1_2026-09-09
Red Onion,Laguna,2025-10-01,2025,Q4,244.57,synthetic_historical,synthetic_mvp_v1,red_onion_supply_synthetic_v1_2026-09-09
Red Onion,Laguna,2026-01-01,2026,Q1,554.11,synthetic_historical,synthetic_mvp_v1,red_onion_supply_synthetic_v1_2026-09-09
Red Onion,Laguna,2026-04-01,2026,Q2,338.86,synthetic_historical,synthetic_mvp_v1,red_onion_supply_synthetic_v1_2026-09-09
Red Onion,Quezon,2024-07-01,2024,Q3,388.22,synthetic_historical,synthetic_mvp_v1,red_onion_supply_synthetic_v1_2026-09-09
Red Onion,Quezon,2024-10-01,2024,Q4,588.1,synthetic_historical,synthetic_mvp_v1,red_onion_supply_synthetic_v1_2026-09-09
Red Onion,Quezon,2025-01-01,2025,Q1,1180.89,synthetic_historical,synthetic_mvp_v1,red_onion_supply_synthetic_v1_2026-09-09
Red Onion,Quezon,2025-04-01,2025,Q2,833.6,synthetic_historical,synthetic_mvp_v1,red_onion_supply_synthetic_v1_2026-09-09
Red Onion,Quezon,2025-07-01,2025,Q3,410.63,synthetic_historical,synthetic_mvp_v1,red_onion_supply_synthetic_v1_2026-09-09
Red Onion,Quezon,2025-10-01,2025,Q4,599.29,synthetic_historical,synthetic_mvp_v1,red_onion_supply_synthetic_v1_2026-09-09
Red Onion,Quezon,2026-01-01,2026,Q1,1285.71,synthetic_historical,synthetic_mvp_v1,red_onion_supply_synthetic_v1_2026-09-09
Red Onion,Quezon,2026-04-01,2026,Q2,841.05,synthetic_historical,synthetic_mvp_v1,red_onion_supply_synthetic_v1_2026-09-09
Red Onion,Rizal,2024-07-01,2024,Q3,95.48,synthetic_historical,synthetic_mvp_v1,red_onion_supply_synthetic_v1_2026-09-09
Red Onion,Rizal,2024-10-01,2024,Q4,125.66,synthetic_historical,synthetic_mvp_v1,red_onion_supply_synthetic_v1_2026-09-09
Red Onion,Rizal,2025-01-01,2025,Q1,294.05,synthetic_historical,synthetic_mvp_v1,red_onion_supply_synthetic_v1_2026-09-09
Red Onion,Rizal,2025-04-01,2025,Q2,192.4,synthetic_historical,synthetic_mvp_v1,red_onion_supply_synthetic_v1_2026-09-09
Red Onion,Rizal,2025-07-01,2025,Q3,98.92,synthetic_historical,synthetic_mvp_v1,red_onion_supply_synthetic_v1_2026-09-09
Red Onion,Rizal,2025-10-01,2025,Q4,140.83,synthetic_historical,synthetic_mvp_v1,red_onion_supply_synthetic_v1_2026-09-09
Red Onion,Rizal,2026-01-01,2026,Q1,282.67,synthetic_historical,synthetic_mvp_v1,red_onion_supply_synthetic_v1_2026-09-09
Red Onion,Rizal,2026-04-01,2026,Q2,196.09,synthetic_historical,synthetic_mvp_v1,red_onion_supply_synthetic_v1_2026-09-09
Red Onion,Batangas,2026-07-01,2026,Q3,281.56,synthetic_forecast,synthetic_mvp_v1,red_onion_supply_synthetic_v1_2026-09-09
Red Onion,Batangas,2026-10-01,2026,Q4,394.85,synthetic_forecast,synthetic_mvp_v1,red_onion_supply_synthetic_v1_2026-09-09
Red Onion,Batangas,2027-01-01,2027,Q1,895.05,synthetic_forecast,synthetic_mvp_v1,red_onion_supply_synthetic_v1_2026-09-09
Red Onion,Batangas,2027-04-01,2027,Q2,539.4,synthetic_forecast,synthetic_mvp_v1,red_onion_supply_synthetic_v1_2026-09-09
Red Onion,Cavite,2026-07-01,2026,Q3,133.47,synthetic_forecast,synthetic_mvp_v1,red_onion_supply_synthetic_v1_2026-09-09
Red Onion,Cavite,2026-10-01,2026,Q4,193.55,synthetic_forecast,synthetic_mvp_v1,red_onion_supply_synthetic_v1_2026-09-09
Red Onion,Cavite,2027-01-01,2027,Q1,440.36,synthetic_forecast,synthetic_mvp_v1,red_onion_supply_synthetic_v1_2026-09-09
Red Onion,Cavite,2027-04-01,2027,Q2,270.97,synthetic_forecast,synthetic_mvp_v1,red_onion_supply_synthetic_v1_2026-09-09
Red Onion,Laguna,2026-07-01,2026,Q3,171.21,synthetic_forecast,synthetic_mvp_v1,red_onion_supply_synthetic_v1_2026-09-09
Red Onion,Laguna,2026-10-01,2026,Q4,244.57,synthetic_forecast,synthetic_mvp_v1,red_onion_supply_synthetic_v1_2026-09-09
Red Onion,Laguna,2027-01-01,2027,Q1,554.11,synthetic_forecast,synthetic_mvp_v1,red_onion_supply_synthetic_v1_2026-09-09
Red Onion,Laguna,2027-04-01,2027,Q2,338.86,synthetic_forecast,synthetic_mvp_v1,red_onion_supply_synthetic_v1_2026-09-09
Red Onion,Quezon,2026-07-01,2026,Q3,410.63,synthetic_forecast,synthetic_mvp_v1,red_onion_supply_synthetic_v1_2026-09-09
Red Onion,Quezon,2026-10-01,2026,Q4,599.29,synthetic_forecast,synthetic_mvp_v1,red_onion_supply_synthetic_v1_2026-09-09
Red Onion,Quezon,2027-01-01,2027,Q1,1285.71,synthetic_forecast,synthetic_mvp_v1,red_onion_supply_synthetic_v1_2026-09-09
Red Onion,Quezon,2027-04-01,2027,Q2,841.05,synthetic_forecast,synthetic_mvp_v1,red_onion_supply_synthetic_v1_2026-09-09
Red Onion,Rizal,2026-07-01,2026,Q3,98.92,synthetic_forecast,synthetic_mvp_v1,red_onion_supply_synthetic_v1_2026-09-09
Red Onion,Rizal,2026-10-01,2026,Q4,140.83,synthetic_forecast,synthetic_mvp_v1,red_onion_supply_synthetic_v1_2026-09-09
Red Onion,Rizal,2027-01-01,2027,Q1,282.67,synthetic_forecast,synthetic_mvp_v1,red_onion_supply_synthetic_v1_2026-09-09
Red Onion,Rizal,2027-04-01,2027,Q2,196.09,synthetic_forecast,synthetic_mvp_v1,red_onion_supply_synthetic_v1_2026-09-09
